ASSERTION	AAEDAAEFAAAAAAAAwFdAAwAAAAAAAECPQA==
ASSERTION	AAECAAIEAAAAAAAAwFhA
RUN	ComputerDatabaseSimulation	computerdatabasesimulation	1780467707773	 	3.11.5
USER	Lab 06 - Browse and Search API	START	1780467708131
REQUEST		List Users	1780467708127	1780467708318	OK	 
USER	Lab 06 - Browse and Search API	START	1780467708452
REQUEST		List Users	1780467708451	1780467708660	OK	 
USER	Lab 06 - Browse and Search API	START	1780467708785
REQUEST		List Users	1780467708784	1780467708961	OK	 
USER	Lab 06 - Browse and Search API	START	1780467709121
REQUEST		List Users	1780467709121	1780467709253	OK	 
USER	Lab 06 - Browse and Search API	START	1780467709469
REQUEST		List Users	1780467709469	1780467709608	OK	 
USER	Lab 06 - Browse and Search API	START	1780467709790
REQUEST		List Users	1780467709789	1780467709917	OK	 
USER	Lab 06 - Browse and Search API	START	1780467710138
REQUEST		List Users	1780467710137	1780467710319	OK	 
USER	Lab 06 - Browse and Search API	START	1780467710397
REQUEST		Search User	1780467710336	1780467710386	OK	 
REQUEST		List Users	1780467710396	1780467710560	OK	 
USER	Lab 06 - Browse and Search API	START	1780467710643
REQUEST		Search User	1780467710664	1780467710721	OK	 
REQUEST		List Users	1780467710643	1780467710789	OK	 
USER	Lab 06 - Browse and Search API	START	1780467710892
REQUEST		Search User	1780467710964	1780467711013	OK	 
REQUEST		List Users	1780467710891	1780467711049	OK	 
USER	Lab 06 - Browse and Search API	START	1780467711120
REQUEST		List Users	1780467711119	1780467711268	OK	 
REQUEST		Search User	1780467711263	1780467711320	OK	 
USER	Lab 06 - Browse and Search API	START	1780467711454
REQUEST		List Users	1780467711453	1780467711600	OK	 
REQUEST		Search User	1780467711618	1780467711666	OK	 
USER	Lab 06 - Browse and Search API	START	1780467711789
REQUEST		List Users	1780467711789	1780467711914	OK	 
REQUEST		Search User	1780467711923	1780467711974	OK	 
USER	Lab 06 - Browse and Search API	START	1780467712111
REQUEST		List Users	1780467712111	1780467712256	OK	 
REQUEST		Search User	1780467712327	1780467712385	OK	 
USER	Lab 06 - Browse and Search API	START	1780467712455
REQUEST		View Detail	1780467712423	1780467712480	OK	 
USER	Lab 06 - Browse and Search API	END	1780467712482
USER	Lab 06 - Browse and Search API	START	1780467712483
REQUEST		Search User	1780467712569	1780467712640	OK	 
REQUEST		List Users	1780467712482	1780467712656	OK	 
REQUEST		List Users	1780467712454	1780467712672	OK	 
USER	Lab 06 - Browse and Search API	START	1780467712777
REQUEST		View Detail	1780467712725	1780467712793	OK	 
USER	Lab 06 - Browse and Search API	END	1780467712793
USER	Lab 06 - Browse and Search API	START	1780467712794
REQUEST		Search User	1780467712793	1780467712841	OK	 
REQUEST		List Users	1780467712794	1780467712946	OK	 
REQUEST		List Users	1780467712777	1780467712946	OK	 
REQUEST		View Detail	1780467713021	1780467713082	OK	 
USER	Lab 06 - Browse and Search API	END	1780467713083
USER	Lab 06 - Browse and Search API	START	1780467713084
REQUEST		Search User	1780467713052	1780467713103	OK	 
USER	Lab 06 - Browse and Search API	START	1780467713132
REQUEST		List Users	1780467713084	1780467713225	OK	 
REQUEST		List Users	1780467713132	1780467713276	OK	 
REQUEST		Search User	1780467713281	1780467713329	OK	 
REQUEST		View Detail	1780467713326	1780467713378	OK	 
USER	Lab 06 - Browse and Search API	END	1780467713378
USER	Lab 06 - Browse and Search API	START	1780467713379
USER	Lab 06 - Browse and Search API	START	1780467713392
REQUEST		List Users	1780467713392	1780467713520	OK	 
REQUEST		List Users	1780467713379	1780467713527	OK	 
USER	Lab 06 - Browse and Search API	START	1780467713646
REQUEST		Search User	1780467713614	1780467713670	OK	 
REQUEST		View Detail	1780467713688	1780467713735	OK	 
USER	Lab 06 - Browse and Search API	END	1780467713736
USER	Lab 06 - Browse and Search API	START	1780467713737
REQUEST		List Users	1780467713646	1780467713792	OK	 
USER	Lab 06 - Browse and Search API	START	1780467713894
REQUEST		List Users	1780467713737	1780467713914	OK	 
REQUEST		Search User	1780467713921	1780467713966	OK	 
REQUEST		View Detail	1780467713986	1780467714032	OK	 
REQUEST		List Users	1780467713893	1780467714032	OK	 
USER	Lab 06 - Browse and Search API	END	1780467714032
USER	Lab 06 - Browse and Search API	START	1780467714033
USER	Lab 06 - Browse and Search API	START	1780467714134
REQUEST		List Users	1780467714033	1780467714169	OK	 
REQUEST		List Users	1780467714133	1780467714275	OK	 
REQUEST		Search User	1780467714268	1780467714317	OK	 
REQUEST		View Detail	1780467714394	1780467714456	OK	 
USER	Lab 06 - Browse and Search API	END	1780467714457
USER	Lab 06 - Browse and Search API	START	1780467714458
USER	Lab 06 - Browse and Search API	START	1780467714467
REQUEST		List Users	1780467714466	1780467714637	OK	 
REQUEST		List Users	1780467714457	1780467714670	OK	 
REQUEST		View Detail	1780467714648	1780467714703	OK	 
USER	Lab 06 - Browse and Search API	END	1780467714703
USER	Lab 06 - Browse and Search API	START	1780467714704
REQUEST		Search User	1780467714664	1780467714716	OK	 
REQUEST		Search User	1780467714683	1780467714741	OK	 
USER	Lab 06 - Browse and Search API	START	1780467714802
REQUEST		List Users	1780467714704	1780467714867	OK	 
REQUEST		View Detail	1780467714848	1780467714901	OK	 
USER	Lab 06 - Browse and Search API	END	1780467714902
USER	Lab 06 - Browse and Search API	START	1780467714903
REQUEST		List Users	1780467714801	1780467714970	OK	 
REQUEST		Search User	1780467714955	1780467715002	OK	 
REQUEST		Search User	1780467714955	1780467715002	OK	 
REQUEST		List Users	1780467714902	1780467715067	OK	 
USER	Lab 06 - Browse and Search API	START	1780467715140
REQUEST		View Detail	1780467715107	1780467715164	OK	 
USER	Lab 06 - Browse and Search API	END	1780467715165
USER	Lab 06 - Browse and Search API	START	1780467715166
REQUEST		Search User	1780467715231	1780467715288	OK	 
REQUEST		List Users	1780467715166	1780467715295	OK	 
REQUEST		List Users	1780467715139	1780467715299	OK	 
REQUEST		Search User	1780467715282	1780467715331	OK	 
REQUEST		View Detail	1780467715338	1780467715402	OK	 
USER	Lab 06 - Browse and Search API	END	1780467715402
USER	Lab 06 - Browse and Search API	START	1780467715403
USER	Lab 06 - Browse and Search API	START	1780467715480
REQUEST		List Users	1780467715403	1780467715551	OK	 
REQUEST		Search User	1780467715527	1780467715571	OK	 
REQUEST		Search User	1780467715543	1780467715597	OK	 
REQUEST		List Users	1780467715480	1780467715609	OK	 
REQUEST		View Detail	1780467715685	1780467715740	OK	 
USER	Lab 06 - Browse and Search API	END	1780467715741
USER	Lab 06 - Browse and Search API	START	1780467715742
USER	Lab 06 - Browse and Search API	START	1780467715812
REQUEST		Search User	1780467715796	1780467715866	OK	 
REQUEST		List Users	1780467715742	1780467715928	OK	 
REQUEST		List Users	1780467715811	1780467715966	OK	 
REQUEST		Search User	1780467715920	1780467715973	OK	 
REQUEST		View Detail	1780467715980	1780467716027	OK	 
USER	Lab 06 - Browse and Search API	END	1780467716028
USER	Lab 06 - Browse and Search API	START	1780467716029
REQUEST		Search User	1780467716033	1780467716088	OK	 
USER	Lab 06 - Browse and Search API	START	1780467716110
REQUEST		List Users	1780467716028	1780467716197	OK	 
REQUEST		Search User	1780467716170	1780467716222	OK	 
REQUEST		List Users	1780467716110	1780467716269	OK	 
REQUEST		Search User	1780467716276	1780467716322	OK	 
USER	Lab 06 - Browse and Search API	START	1780467716361
REQUEST		View Detail	1780467716327	1780467716379	OK	 
USER	Lab 06 - Browse and Search API	END	1780467716380
USER	Lab 06 - Browse and Search API	START	1780467716381
REQUEST		List Users	1780467716380	1780467716522	OK	 
REQUEST		List Users	1780467716360	1780467716525	OK	 
USER	Lab 06 - Browse and Search API	START	1780467716612
REQUEST		Search User	1780467716638	1780467716682	OK	 
REQUEST		Search User	1780467716672	1780467716729	OK	 
REQUEST		View Detail	1780467716717	1780467716792	OK	 
USER	Lab 06 - Browse and Search API	END	1780467716793
USER	Lab 06 - Browse and Search API	START	1780467716794
REQUEST		List Users	1780467716612	1780467716809	OK	 
REQUEST		View Detail	1780467716743	1780467716809	OK	 
USER	Lab 06 - Browse and Search API	END	1780467716809
USER	Lab 06 - Browse and Search API	START	1780467716810
USER	Lab 06 - Browse and Search API	START	1780467716861
REQUEST		Search User	1780467716868	1780467716924	OK	 
REQUEST		List Users	1780467716793	1780467716960	OK	 
REQUEST		List Users	1780467716810	1780467716975	OK	 
REQUEST		Search User	1780467716971	1780467717025	OK	 
REQUEST		List Users	1780467716860	1780467717049	OK	 
REQUEST		View Detail	1780467717003	1780467717056	OK	 
USER	Lab 06 - Browse and Search API	END	1780467717056
USER	Lab 06 - Browse and Search API	START	1780467717057
REQUEST		View Detail	1780467717003	1780467717062	OK	 
USER	Lab 06 - Browse and Search API	END	1780467717062
USER	Lab 06 - Browse and Search API	START	1780467717063
USER	Lab 06 - Browse and Search API	START	1780467717134
REQUEST		Search User	1780467717069	1780467717145	OK	 
REQUEST		List Users	1780467717063	1780467717239	OK	 
REQUEST		List Users	1780467717057	1780467717243	OK	 
REQUEST		List Users	1780467717134	1780467717271	OK	 
REQUEST		Search User	1780467717296	1780467717341	OK	 
REQUEST		View Detail	1780467717290	1780467717350	OK	 
USER	Lab 06 - Browse and Search API	END	1780467717350
USER	Lab 06 - Browse and Search API	START	1780467717351
REQUEST		Search User	1780467717300	1780467717356	OK	 
REQUEST		View Detail	1780467717333	1780467717381	OK	 
USER	Lab 06 - Browse and Search API	END	1780467717381
USER	Lab 06 - Browse and Search API	START	1780467717382
USER	Lab 06 - Browse and Search API	START	1780467717468
REQUEST		List Users	1780467717351	1780467717493	OK	 
REQUEST		List Users	1780467717382	1780467717519	OK	 
REQUEST		List Users	1780467717467	1780467717598	OK	 
REQUEST		Search User	1780467717553	1780467717610	OK	 
REQUEST		View Detail	1780467717573	1780467717618	OK	 
USER	Lab 06 - Browse and Search API	END	1780467717619
USER	Lab 06 - Browse and Search API	START	1780467717620
REQUEST		View Detail	1780467717598	1780467717650	OK	 
REQUEST		Search User	1780467717611	1780467717650	OK	 
USER	Lab 06 - Browse and Search API	END	1780467717651
USER	Lab 06 - Browse and Search API	START	1780467717652
REQUEST		List Users	1780467717619	1780467717764	OK	 
USER	Lab 06 - Browse and Search API	START	1780467717801
REQUEST		List Users	1780467717651	1780467717810	OK	 
REQUEST		View Detail	1780467717868	1780467717917	OK	 
USER	Lab 06 - Browse and Search API	END	1780467717918
USER	Lab 06 - Browse and Search API	START	1780467717919
REQUEST		List Users	1780467717801	1780467717933	OK	 
REQUEST		Search User	1780467717930	1780467717991	OK	 
REQUEST		Search User	1780467717967	1780467718040	OK	 
REQUEST		View Detail	1780467717975	1780467718040	OK	 
USER	Lab 06 - Browse and Search API	END	1780467718040
USER	Lab 06 - Browse and Search API	START	1780467718041
USER	Lab 06 - Browse and Search API	START	1780467718122
REQUEST		List Users	1780467717919	1780467718122	OK	 
REQUEST		View Detail	1780467718090	1780467718147	OK	 
USER	Lab 06 - Browse and Search API	END	1780467718148
USER	Lab 06 - Browse and Search API	START	1780467718149
REQUEST		List Users	1780467718041	1780467718184	OK	 
REQUEST		View Detail	1780467718224	1780467718279	OK	 
USER	Lab 06 - Browse and Search API	END	1780467718279
REQUEST		Search User	1780467718199	1780467718279	OK	 
USER	Lab 06 - Browse and Search API	START	1780467718280
REQUEST		List Users	1780467718121	1780467718285	OK	 
REQUEST		List Users	1780467718149	1780467718318	OK	 
REQUEST		Search User	1780467718271	1780467718330	OK	 
REQUEST		View Detail	1780467718326	1780467718384	OK	 
USER	Lab 06 - Browse and Search API	END	1780467718385
USER	Lab 06 - Browse and Search API	START	1780467718386
USER	Lab 06 - Browse and Search API	START	1780467718456
REQUEST		List Users	1780467718280	1780467718463	OK	 
REQUEST		List Users	1780467718385	1780467718555	OK	 
REQUEST		Search User	1780467718526	1780467718585	OK	 
REQUEST		Search User	1780467718523	1780467718586	OK	 
REQUEST		List Users	1780467718456	1780467718632	OK	 
REQUEST		View Detail	1780467718684	1780467718728	OK	 
USER	Lab 06 - Browse and Search API	END	1780467718729
USER	Lab 06 - Browse and Search API	START	1780467718729
USER	Lab 06 - Browse and Search API	START	1780467718788
REQUEST		View Detail	1780467718730	1780467718793	OK	 
USER	Lab 06 - Browse and Search API	END	1780467718794
USER	Lab 06 - Browse and Search API	START	1780467718794
REQUEST		List Users	1780467718729	1780467718891	OK	 
REQUEST		Search User	1780467718811	1780467718893	OK	 
REQUEST		List Users	1780467718794	1780467718936	OK	 
REQUEST		List Users	1780467718787	1780467718951	OK	 
REQUEST		View Detail	1780467718926	1780467718984	OK	 
USER	Lab 06 - Browse and Search API	END	1780467718985
USER	Lab 06 - Browse and Search API	START	1780467718986
USER	Lab 06 - Browse and Search API	START	1780467719133
REQUEST		Search User	1780467718962	1780467719133	OK	 
REQUEST		Search User	1780467718978	1780467719133	OK	 
REQUEST		Search User	1780467719051	1780467719133	OK	 
REQUEST		View Detail	1780467719027	1780467719181	OK	 
USER	Lab 06 - Browse and Search API	END	1780467719181
USER	Lab 06 - Browse and Search API	START	1780467719182
REQUEST		View Detail	1780467719147	1780467719205	OK	 
USER	Lab 06 - Browse and Search API	END	1780467719206
USER	Lab 06 - Browse and Search API	START	1780467719206
REQUEST		List Users	1780467718985	1780467719250	OK	 
REQUEST		List Users	1780467719133	1780467719264	OK	 
REQUEST		Search User	1780467719245	1780467719300	OK	 
REQUEST		Search User	1780467719241	1780467719300	OK	 
REQUEST		Search User	1780467719273	1780467719322	OK	 
REQUEST		List Users	1780467719182	1780467719345	OK	 
REQUEST		List Users	1780467719206	1780467719352	OK	 
USER	Lab 06 - Browse and Search API	START	1780467719384
REQUEST		View Detail	1780467719343	1780467719390	OK	 
USER	Lab 06 - Browse and Search API	END	1780467719391
USER	Lab 06 - Browse and Search API	START	1780467719391
REQUEST		View Detail	1780467719358	1780467719417	OK	 
USER	Lab 06 - Browse and Search API	END	1780467719417
USER	Lab 06 - Browse and Search API	START	1780467719418
REQUEST		List Users	1780467719391	1780467719522	OK	 
REQUEST		List Users	1780467719384	1780467719552	OK	 
REQUEST		Search User	1780467719495	1780467719554	OK	 
REQUEST		Search User	1780467719520	1780467719565	OK	 
REQUEST		List Users	1780467719418	1780467719583	OK	 
USER	Lab 06 - Browse and Search API	START	1780467719633
REQUEST		Search User	1780467719599	1780467719654	OK	 
REQUEST		View Detail	1780467719612	1780467719662	OK	 
USER	Lab 06 - Browse and Search API	END	1780467719662
USER	Lab 06 - Browse and Search API	START	1780467719663
REQUEST		View Detail	1780467719652	1780467719713	OK	 
USER	Lab 06 - Browse and Search API	END	1780467719713
USER	Lab 06 - Browse and Search API	START	1780467719714
REQUEST		List Users	1780467719633	1780467719768	OK	 
REQUEST		List Users	1780467719663	1780467719801	OK	 
REQUEST		Search User	1780467719767	1780467719817	OK	 
REQUEST		Search User	1780467719812	1780467719863	OK	 
REQUEST		List Users	1780467719714	1780467719871	OK	 
USER	Lab 06 - Browse and Search API	START	1780467719884
REQUEST		List Users	1780467719884	1780467719939	OK	 
REQUEST		Search User	1780467719935	1780467720003	OK	 
REQUEST		View Detail	1780467719994	1780467720055	OK	 
USER	Lab 06 - Browse and Search API	END	1780467720056
USER	Lab 06 - Browse and Search API	START	1780467720056
REQUEST		View Detail	1780467720041	1780467720091	OK	 
USER	Lab 06 - Browse and Search API	END	1780467720091
USER	Lab 06 - Browse and Search API	START	1780467720092
USER	Lab 06 - Browse and Search API	START	1780467720122
REQUEST		Search User	1780467720123	1780467720178	OK	 
REQUEST		List Users	1780467720056	1780467720208	OK	 
REQUEST		Search User	1780467720185	1780467720234	OK	 
REQUEST		List Users	1780467720092	1780467720240	OK	 
REQUEST		List Users	1780467720121	1780467720288	OK	 
REQUEST		View Detail	1780467720280	1780467720352	OK	 
REQUEST		Search User	1780467720287	1780467720352	OK	 
USER	Lab 06 - Browse and Search API	END	1780467720353
USER	Lab 06 - Browse and Search API	START	1780467720353
REQUEST		Search User	1780467720319	1780467720380	OK	 
REQUEST		View Detail	1780467720331	1780467720387	OK	 
USER	Lab 06 - Browse and Search API	END	1780467720388
USER	Lab 06 - Browse and Search API	START	1780467720388
USER	Lab 06 - Browse and Search API	START	1780467720455
REQUEST		List Users	1780467720353	1780467720529	OK	 
REQUEST		List Users	1780467720388	1780467720535	OK	 
REQUEST		Search User	1780467720464	1780467720535	OK	 
REQUEST		Search User	1780467720556	1780467720607	OK	 
REQUEST		View Detail	1780467720586	1780467720631	OK	 
USER	Lab 06 - Browse and Search API	END	1780467720631
USER	Lab 06 - Browse and Search API	START	1780467720632
REQUEST		List Users	1780467720455	1780467720644	OK	 
REQUEST		View Detail	1780467720588	1780467720647	OK	 
USER	Lab 06 - Browse and Search API	END	1780467720647
USER	Lab 06 - Browse and Search API	START	1780467720648
REQUEST		Search User	1780467720634	1780467720694	OK	 
REQUEST		List Users	1780467720632	1780467720764	OK	 
USER	Lab 06 - Browse and Search API	START	1780467720789
REQUEST		List Users	1780467720647	1780467720807	OK	 
REQUEST		List Users	1780467720788	1780467720939	OK	 
REQUEST		Search User	1780467720893	1780467720944	OK	 
REQUEST		View Detail	1780467720895	1780467720952	OK	 
USER	Lab 06 - Browse and Search API	END	1780467720953
USER	Lab 06 - Browse and Search API	START	1780467720953
REQUEST		Search User	1780467720937	1780467720982	OK	 
REQUEST		Search User	1780467720952	1780467721009	OK	 
REQUEST		List Users	1780467720953	1780467721099	OK	 
USER	Lab 06 - Browse and Search API	START	1780467721132
REQUEST		View Detail	1780467721135	1780467721192	OK	 
USER	Lab 06 - Browse and Search API	END	1780467721192
USER	Lab 06 - Browse and Search API	START	1780467721193
REQUEST		View Detail	1780467721135	1780467721195	OK	 
USER	Lab 06 - Browse and Search API	END	1780467721196
USER	Lab 06 - Browse and Search API	START	1780467721196
REQUEST		View Detail	1780467721134	1780467721199	OK	 
USER	Lab 06 - Browse and Search API	END	1780467721200
USER	Lab 06 - Browse and Search API	START	1780467721200
REQUEST		Search User	1780467721251	1780467721299	OK	 
REQUEST		Search User	1780467721264	1780467721309	OK	 
REQUEST		List Users	1780467721132	1780467721317	OK	 
REQUEST		List Users	1780467721196	1780467721336	OK	 
REQUEST		List Users	1780467721200	1780467721342	OK	 
REQUEST		List Users	1780467721193	1780467721349	OK	 
REQUEST		View Detail	1780467721302	1780467721359	OK	 
REQUEST		View Detail	1780467721301	1780467721359	OK	 
USER	Lab 06 - Browse and Search API	END	1780467721360
USER	Lab 06 - Browse and Search API	END	1780467721360
USER	Lab 06 - Browse and Search API	START	1780467721360
USER	Lab 06 - Browse and Search API	START	1780467721360
REQUEST		View Detail	1780467721323	1780467721370	OK	 
USER	Lab 06 - Browse and Search API	END	1780467721370
USER	Lab 06 - Browse and Search API	START	1780467721370
REQUEST		Search User	1780467721354	1780467721402	OK	 
REQUEST		Search User	1780467721346	1780467721405	OK	 
USER	Lab 06 - Browse and Search API	START	1780467721466
REQUEST		List Users	1780467721360	1780467721506	OK	 
REQUEST		List Users	1780467721370	1780467721529	OK	 
REQUEST		List Users	1780467721360	1780467721529	OK	 
REQUEST		Search User	1780467721524	1780467721577	OK	 
REQUEST		List Users	1780467721465	1780467721600	OK	 
REQUEST		Search User	1780467721554	1780467721611	OK	 
REQUEST		View Detail	1780467721566	1780467721619	OK	 
USER	Lab 06 - Browse and Search API	END	1780467721619
USER	Lab 06 - Browse and Search API	START	1780467721620
REQUEST		View Detail	1780467721555	1780467721625	OK	 
USER	Lab 06 - Browse and Search API	END	1780467721626
USER	Lab 06 - Browse and Search API	START	1780467721626
REQUEST		Search User	1780467721584	1780467721646	OK	 
REQUEST		View Detail	1780467721656	1780467721704	OK	 
USER	Lab 06 - Browse and Search API	END	1780467721704
USER	Lab 06 - Browse and Search API	START	1780467721705
REQUEST		List Users	1780467721626	1780467721750	OK	 
REQUEST		List Users	1780467721620	1780467721787	OK	 
USER	Lab 06 - Browse and Search API	START	1780467721799
REQUEST		Search User	1780467721769	1780467721843	OK	 
REQUEST		View Detail	1780467721819	1780467721863	OK	 
USER	Lab 06 - Browse and Search API	END	1780467721864
USER	Lab 06 - Browse and Search API	START	1780467721864
REQUEST		Search User	1780467721803	1780467721873	OK	 
REQUEST		List Users	1780467721705	1780467721907	OK	 
REQUEST		View Detail	1780467721865	1780467721913	OK	 
USER	Lab 06 - Browse and Search API	END	1780467721914
USER	Lab 06 - Browse and Search API	START	1780467721914
REQUEST		Search User	1780467721872	1780467721922	OK	 
REQUEST		Search User	1780467721941	1780467721960	OK	 
REQUEST		List Users	1780467721799	1780467721967	OK	 
REQUEST		List Users	1780467721864	1780467721985	OK	 
REQUEST		View Detail	1780467722004	1780467722061	OK	 
USER	Lab 06 - Browse and Search API	END	1780467722061
USER	Lab 06 - Browse and Search API	START	1780467722062
REQUEST		List Users	1780467721914	1780467722067	OK	 
USER	Lab 06 - Browse and Search API	START	1780467722132
REQUEST		List Users	1780467722061	1780467722206	OK	 
REQUEST		View Detail	1780467722180	1780467722259	OK	 
USER	Lab 06 - Browse and Search API	END	1780467722259
USER	Lab 06 - Browse and Search API	START	1780467722260
REQUEST		List Users	1780467722131	1780467722272	OK	 
REQUEST		Search User	1780467722211	1780467722279	OK	 
REQUEST		View Detail	1780467722236	1780467722285	OK	 
USER	Lab 06 - Browse and Search API	END	1780467722285
USER	Lab 06 - Browse and Search API	START	1780467722286
REQUEST		Search User	1780467722241	1780467722287	OK	 
REQUEST		Search User	1780467722290	1780467722345	OK	 
USER	Lab 06 - Browse and Search API	START	1780467722382
REQUEST		List Users	1780467722260	1780467722383	OK	 
REQUEST		List Users	1780467722285	1780467722417	OK	 
REQUEST		View Detail	1780467722354	1780467722417	OK	 
USER	Lab 06 - Browse and Search API	END	1780467722417
USER	Lab 06 - Browse and Search API	START	1780467722418
REQUEST		View Detail	1780467722381	1780467722452	OK	 
USER	Lab 06 - Browse and Search API	END	1780467722452
USER	Lab 06 - Browse and Search API	START	1780467722453
REQUEST		List Users	1780467722381	1780467722554	OK	 
REQUEST		Search User	1780467722530	1780467722582	OK	 
REQUEST		Search User	1780467722536	1780467722594	OK	 
REQUEST		List Users	1780467722453	1780467722597	OK	 
REQUEST		List Users	1780467722417	1780467722605	OK	 
REQUEST		View Detail	1780467722536	1780467722618	OK	 
USER	Lab 06 - Browse and Search API	END	1780467722618
USER	Lab 06 - Browse and Search API	START	1780467722619
USER	Lab 06 - Browse and Search API	START	1780467722633
REQUEST		View Detail	1780467722609	1780467722656	OK	 
USER	Lab 06 - Browse and Search API	END	1780467722657
USER	Lab 06 - Browse and Search API	START	1780467722658
REQUEST		Search User	1780467722646	1780467722704	OK	 
REQUEST		View Detail	1780467722695	1780467722755	OK	 
USER	Lab 06 - Browse and Search API	END	1780467722755
USER	Lab 06 - Browse and Search API	START	1780467722756
REQUEST		List Users	1780467722633	1780467722771	OK	 
REQUEST		List Users	1780467722619	1780467722771	OK	 
REQUEST		Search User	1780467722766	1780467722827	OK	 
REQUEST		List Users	1780467722657	1780467722829	OK	 
USER	Lab 06 - Browse and Search API	START	1780467722883
REQUEST		Search User	1780467722809	1780467722888	OK	 
REQUEST		List Users	1780467722755	1780467722928	OK	 
REQUEST		Search User	1780467722940	1780467722988	OK	 
REQUEST		View Detail	1780467722946	1780467723001	OK	 
USER	Lab 06 - Browse and Search API	END	1780467723002
USER	Lab 06 - Browse and Search API	START	1780467723002
REQUEST		View Detail	1780467722983	1780467723035	OK	 
USER	Lab 06 - Browse and Search API	END	1780467723035
USER	Lab 06 - Browse and Search API	START	1780467723035
REQUEST		List Users	1780467722883	1780467723036	OK	 
REQUEST		View Detail	1780467723010	1780467723063	OK	 
USER	Lab 06 - Browse and Search API	END	1780467723063
USER	Lab 06 - Browse and Search API	START	1780467723064
REQUEST		List Users	1780467723002	1780467723125	OK	 
USER	Lab 06 - Browse and Search API	START	1780467723131
REQUEST		Search User	1780467723100	1780467723149	OK	 
REQUEST		List Users	1780467723035	1780467723181	OK	 
REQUEST		List Users	1780467723063	1780467723205	OK	 
REQUEST		List Users	1780467723131	1780467723318	OK	 
REQUEST		View Detail	1780467723301	1780467723354	OK	 
USER	Lab 06 - Browse and Search API	END	1780467723355
USER	Lab 06 - Browse and Search API	START	1780467723356
REQUEST		View Detail	1780467723324	1780467723367	OK	 
USER	Lab 06 - Browse and Search API	END	1780467723368
USER	Lab 06 - Browse and Search API	START	1780467723368
REQUEST		Search User	1780467723324	1780467723374	OK	 
REQUEST		Search User	1780467723337	1780467723386	OK	 
REQUEST		Search User	1780467723343	1780467723391	OK	 
REQUEST		Search User	1780467723351	1780467723401	OK	 
REQUEST		View Detail	1780467723404	1780467723466	OK	 
USER	Lab 06 - Browse and Search API	END	1780467723466
USER	Lab 06 - Browse and Search API	START	1780467723467
REQUEST		View Detail	1780467723406	1780467723479	OK	 
USER	Lab 06 - Browse and Search API	START	1780467723479
USER	Lab 06 - Browse and Search API	END	1780467723479
USER	Lab 06 - Browse and Search API	START	1780467723480
REQUEST		List Users	1780467723355	1780467723503	OK	 
REQUEST		List Users	1780467723368	1780467723511	OK	 
REQUEST		Search User	1780467723508	1780467723566	OK	 
REQUEST		Search User	1780467723530	1780467723588	OK	 
REQUEST		Search User	1780467723530	1780467723592	OK	 
REQUEST		List Users	1780467723466	1780467723621	OK	 
REQUEST		List Users	1780467723479	1780467723623	OK	 
REQUEST		View Detail	1780467723579	1780467723629	OK	 
USER	Lab 06 - Browse and Search API	END	1780467723629
USER	Lab 06 - Browse and Search API	START	1780467723630
REQUEST		Search User	1780467723602	1780467723646	OK	 
REQUEST		List Users	1780467723479	1780467723658	OK	 
REQUEST		View Detail	1780467723612	1780467723672	OK	 
USER	Lab 06 - Browse and Search API	END	1780467723672
USER	Lab 06 - Browse and Search API	START	1780467723672
REQUEST		View Detail	1780467723647	1780467723763	OK	 
USER	Lab 06 - Browse and Search API	END	1780467723763
USER	Lab 06 - Browse and Search API	START	1780467723764
USER	Lab 06 - Browse and Search API	START	1780467723797
REQUEST		Search User	1780467723751	1780467723797	OK	 
REQUEST		Search User	1780467723788	1780467723851	OK	 
REQUEST		View Detail	1780467723874	1780467723929	OK	 
USER	Lab 06 - Browse and Search API	END	1780467723930
USER	Lab 06 - Browse and Search API	START	1780467723930
REQUEST		List Users	1780467723672	1780467723935	OK	 
REQUEST		View Detail	1780467723845	1780467723934	OK	 
USER	Lab 06 - Browse and Search API	END	1780467723935
USER	Lab 06 - Browse and Search API	START	1780467723936
REQUEST		List Users	1780467723629	1780467723936	OK	 
REQUEST		Search User	1780467723908	1780467723963	OK	 
REQUEST		View Detail	1780467723923	1780467723975	OK	 
USER	Lab 06 - Browse and Search API	END	1780467723975
USER	Lab 06 - Browse and Search API	START	1780467723976
REQUEST		View Detail	1780467723962	1780467723988	OK	 
USER	Lab 06 - Browse and Search API	END	1780467723988
USER	Lab 06 - Browse and Search API	START	1780467723988
REQUEST		List Users	1780467723763	1780467723999	OK	 
REQUEST		Search User	1780467723985	1780467724027	OK	 
REQUEST		List Users	1780467723797	1780467724040	OK	 
REQUEST		Search User	1780467723968	1780467724062	OK	 
REQUEST		List Users	1780467723930	1780467724090	OK	 
REQUEST		List Users	1780467723976	1780467724115	OK	 
REQUEST		List Users	1780467723935	1780467724120	OK	 
USER	Lab 06 - Browse and Search API	START	1780467724133
REQUEST		List Users	1780467723988	1780467724134	OK	 
REQUEST		Search User	1780467724069	1780467724139	OK	 
REQUEST		Search User	1780467724207	1780467724261	OK	 
REQUEST		Search User	1780467724274	1780467724319	OK	 
REQUEST		View Detail	1780467724288	1780467724333	OK	 
USER	Lab 06 - Browse and Search API	END	1780467724334
USER	Lab 06 - Browse and Search API	START	1780467724334
REQUEST		View Detail	1780467724280	1780467724342	OK	 
USER	Lab 06 - Browse and Search API	END	1780467724342
USER	Lab 06 - Browse and Search API	START	1780467724342
REQUEST		List Users	1780467724133	1780467724349	OK	 
REQUEST		View Detail	1780467724346	1780467724431	OK	 
USER	Lab 06 - Browse and Search API	END	1780467724431
USER	Lab 06 - Browse and Search API	START	1780467724432
REQUEST		Search User	1780467724385	1780467724439	OK	 
USER	Lab 06 - Browse and Search API	START	1780467724466
REQUEST		Search User	1780467724418	1780467724467	OK	 
REQUEST		List Users	1780467724334	1780467724518	OK	 
REQUEST		List Users	1780467724342	1780467724530	OK	 
REQUEST		List Users	1780467724432	1780467724564	OK	 
REQUEST		List Users	1780467724466	1780467724695	OK	 
REQUEST		View Detail	1780467724596	1780467724698	OK	 
REQUEST		Search User	1780467724555	1780467724698	OK	 
USER	Lab 06 - Browse and Search API	END	1780467724699
USER	Lab 06 - Browse and Search API	START	1780467724699
REQUEST		View Detail	1780467724583	1780467724700	OK	 
REQUEST		Search User	1780467724606	1780467724700	OK	 
USER	Lab 06 - Browse and Search API	END	1780467724700
USER	Lab 06 - Browse and Search API	START	1780467724701
REQUEST		Search User	1780467724598	1780467724705	OK	 
REQUEST		View Detail	1780467724706	1780467724772	OK	 
USER	Lab 06 - Browse and Search API	END	1780467724772
USER	Lab 06 - Browse and Search API	START	1780467724773
USER	Lab 06 - Browse and Search API	START	1780467724800
REQUEST		List Users	1780467724699	1780467724856	OK	 
REQUEST		View Detail	1780467724828	1780467724880	OK	 
REQUEST		Search User	1780467724773	1780467724880	OK	 
USER	Lab 06 - Browse and Search API	END	1780467724880
USER	Lab 06 - Browse and Search API	START	1780467724881
REQUEST		Search User	1780467724830	1780467724884	OK	 
REQUEST		Search User	1780467724773	1780467724884	OK	 
REQUEST		List Users	1780467724700	1780467724959	OK	 
REQUEST		View Detail	1780467724889	1780467724959	OK	 
USER	Lab 06 - Browse and Search API	END	1780467724959
USER	Lab 06 - Browse and Search API	START	1780467724960
REQUEST		List Users	1780467724773	1780467725025	OK	 
REQUEST		List Users	1780467724800	1780467725025	OK	 
REQUEST		Search User	1780467724930	1780467725038	OK	 
USER	Lab 06 - Browse and Search API	START	1780467725123
REQUEST		View Detail	1780467724991	1780467725126	OK	 
REQUEST		Search User	1780467725038	1780467725126	OK	 
USER	Lab 06 - Browse and Search API	END	1780467725126
USER	Lab 06 - Browse and Search API	START	1780467725127
REQUEST		List Users	1780467724881	1780467725130	OK	 
REQUEST		Search User	1780467725126	1780467725281	OK	 
REQUEST		View Detail	1780467725151	1780467725283	OK	 
USER	Lab 06 - Browse and Search API	END	1780467725283
USER	Lab 06 - Browse and Search API	START	1780467725284
REQUEST		Search User	1780467725183	1780467725290	OK	 
REQUEST		Search User	1780467725206	1780467725290	OK	 
REQUEST		List Users	1780467724960	1780467725299	OK	 
USER	Lab 06 - Browse and Search API	START	1780467725373
REQUEST		Search User	1780467725326	1780467725385	OK	 
REQUEST		View Detail	1780467725376	1780467725430	OK	 
USER	Lab 06 - Browse and Search API	END	1780467725431
USER	Lab 06 - Browse and Search API	START	1780467725431
REQUEST		List Users	1780467725283	1780467725432	OK	 
REQUEST		View Detail	1780467725388	1780467725436	OK	 
USER	Lab 06 - Browse and Search API	END	1780467725436
USER	Lab 06 - Browse and Search API	START	1780467725437
REQUEST		List Users	1780467725127	1780467725447	OK	 
REQUEST		View Detail	1780467725392	1780467725447	OK	 
REQUEST		List Users	1780467725122	1780467725447	OK	 
USER	Lab 06 - Browse and Search API	END	1780467725447
USER	Lab 06 - Browse and Search API	START	1780467725448
REQUEST		View Detail	1780467725403	1780467725468	OK	 
USER	Lab 06 - Browse and Search API	END	1780467725469
USER	Lab 06 - Browse and Search API	START	1780467725469
REQUEST		List Users	1780467725373	1780467725541	OK	 
REQUEST		Search User	1780467725504	1780467725592	OK	 
REQUEST		List Users	1780467725431	1780467725594	OK	 
REQUEST		List Users	1780467725436	1780467725600	OK	 
REQUEST		Search User	1780467725512	1780467725600	OK	 
REQUEST		View Detail	1780467725567	1780467725612	OK	 
USER	Lab 06 - Browse and Search API	END	1780467725613
USER	Lab 06 - Browse and Search API	START	1780467725613
USER	Lab 06 - Browse and Search API	START	1780467725624
REQUEST		List Users	1780467725447	1780467725639	OK	 
REQUEST		View Detail	1780467725593	1780467725653	OK	 
USER	Lab 06 - Browse and Search API	END	1780467725653
USER	Lab 06 - Browse and Search API	START	1780467725654
REQUEST		List Users	1780467725469	1780467725659	OK	 
REQUEST		View Detail	1780467725589	1780467725661	OK	 
USER	Lab 06 - Browse and Search API	END	1780467725661
USER	Lab 06 - Browse and Search API	START	1780467725661
REQUEST		View Detail	1780467725649	1780467725729	OK	 
USER	Lab 06 - Browse and Search API	END	1780467725730
USER	Lab 06 - Browse and Search API	START	1780467725730
REQUEST		Search User	1780467725625	1780467725733	OK	 
REQUEST		Search User	1780467725622	1780467725733	OK	 
REQUEST		Search User	1780467725659	1780467725747	OK	 
REQUEST		List Users	1780467725653	1780467725805	OK	 
REQUEST		List Users	1780467725661	1780467725841	OK	 
REQUEST		List Users	1780467725613	1780467725841	OK	 
REQUEST		List Users	1780467725624	1780467725845	OK	 
REQUEST		View Detail	1780467725799	1780467725849	OK	 
USER	Lab 06 - Browse and Search API	END	1780467725850
USER	Lab 06 - Browse and Search API	START	1780467725850
USER	Lab 06 - Browse and Search API	START	1780467725874
REQUEST		List Users	1780467725730	1780467725914	OK	 
REQUEST		View Detail	1780467725852	1780467725921	OK	 
USER	Lab 06 - Browse and Search API	END	1780467725922
USER	Lab 06 - Browse and Search API	START	1780467725922
REQUEST		Search User	1780467725936	1780467725986	OK	 
REQUEST		Search User	1780467725937	1780467725991	OK	 
REQUEST		List Users	1780467725850	1780467726020	OK	 
REQUEST		List Users	1780467725873	1780467726022	OK	 
REQUEST		View Detail	1780467725965	1780467726028	OK	 
USER	Lab 06 - Browse and Search API	END	1780467726028
USER	Lab 06 - Browse and Search API	START	1780467726029
REQUEST		Search User	1780467726001	1780467726053	OK	 
REQUEST		View Detail	1780467726028	1780467726077	OK	 
REQUEST		List Users	1780467725922	1780467726077	OK	 
USER	Lab 06 - Browse and Search API	END	1780467726078
USER	Lab 06 - Browse and Search API	START	1780467726078
USER	Lab 06 - Browse and Search API	START	1780467726122
REQUEST		Search User	1780467726092	1780467726163	OK	 
REQUEST		Search User	1780467726042	1780467726166	OK	 
REQUEST		View Detail	1780467726063	1780467726175	OK	 
USER	Lab 06 - Browse and Search API	END	1780467726176
USER	Lab 06 - Browse and Search API	START	1780467726176
REQUEST		View Detail	1780467726140	1780467726275	OK	 
REQUEST		Search User	1780467726116	1780467726275	OK	 
REQUEST		Search User	1780467726136	1780467726275	OK	 
USER	Lab 06 - Browse and Search API	END	1780467726276
REQUEST		Search User	1780467726121	1780467726275	OK	 
USER	Lab 06 - Browse and Search API	START	1780467726276
REQUEST		View Detail	1780467726264	1780467726330	OK	 
REQUEST		List Users	1780467726078	1780467726330	OK	 
REQUEST		List Users	1780467726028	1780467726330	OK	 
USER	Lab 06 - Browse and Search API	END	1780467726330
USER	Lab 06 - Browse and Search API	START	1780467726330
REQUEST		List Users	1780467726122	1780467726361	OK	 
REQUEST		List Users	1780467726176	1780467726361	OK	 
REQUEST		View Detail	1780467726322	1780467726376	OK	 
USER	Lab 06 - Browse and Search API	END	1780467726377
USER	Lab 06 - Browse and Search API	START	1780467726377
REQUEST		Search User	1780467726350	1780467726420	OK	 
USER	Lab 06 - Browse and Search API	START	1780467726455
REQUEST		List Users	1780467726276	1780467726469	OK	 
REQUEST		View Detail	1780467726441	1780467726488	OK	 
USER	Lab 06 - Browse and Search API	END	1780467726489
USER	Lab 06 - Browse and Search API	START	1780467726489
REQUEST		List Users	1780467726330	1780467726495	OK	 
REQUEST		View Detail	1780467726469	1780467726517	OK	 
USER	Lab 06 - Browse and Search API	END	1780467726517
USER	Lab 06 - Browse and Search API	START	1780467726518
REQUEST		List Users	1780467726377	1780467726529	OK	 
REQUEST		Search User	1780467726519	1780467726583	OK	 
REQUEST		Search User	1780467726566	1780467726609	OK	 
REQUEST		Search User	1780467726531	1780467726614	OK	 
REQUEST		List Users	1780467726455	1780467726626	OK	 
REQUEST		List Users	1780467726518	1780467726661	OK	 
REQUEST		List Users	1780467726489	1780467726680	OK	 
REQUEST		View Detail	1780467726699	1780467726762	OK	 
REQUEST		View Detail	1780467726701	1780467726762	OK	 
REQUEST		Search User	1780467726696	1780467726762	OK	 
USER	Lab 06 - Browse and Search API	END	1780467726763
USER	Lab 06 - Browse and Search API	END	1780467726763
USER	Lab 06 - Browse and Search API	START	1780467726763
USER	Lab 06 - Browse and Search API	START	1780467726763
REQUEST		View Detail	1780467726707	1780467726765	OK	 
USER	Lab 06 - Browse and Search API	END	1780467726766
USER	Lab 06 - Browse and Search API	START	1780467726766
USER	Lab 06 - Browse and Search API	START	1780467726789
REQUEST		Search User	1780467726858	1780467726892	OK	 
REQUEST		List Users	1780467726763	1780467726913	OK	 
REQUEST		View Detail	1780467726881	1780467726939	OK	 
REQUEST		View Detail	1780467726885	1780467726939	OK	 
USER	Lab 06 - Browse and Search API	END	1780467726939
USER	Lab 06 - Browse and Search API	END	1780467726939
USER	Lab 06 - Browse and Search API	START	1780467726940
USER	Lab 06 - Browse and Search API	START	1780467726940
REQUEST		View Detail	1780467726885	1780467726941	OK	 
USER	Lab 06 - Browse and Search API	END	1780467726941
USER	Lab 06 - Browse and Search API	START	1780467726942
REQUEST		List Users	1780467726766	1780467726945	OK	 
REQUEST		List Users	1780467726763	1780467726947	OK	 
REQUEST		Search User	1780467726959	1780467727033	OK	 
REQUEST		List Users	1780467726788	1780467727039	OK	 
REQUEST		Search User	1780467727026	1780467727094	OK	 
REQUEST		Search User	1780467727027	1780467727094	OK	 
REQUEST		View Detail	1780467727041	1780467727116	OK	 
USER	Lab 06 - Browse and Search API	END	1780467727117
USER	Lab 06 - Browse and Search API	START	1780467727117
USER	Lab 06 - Browse and Search API	START	1780467727132
REQUEST		List Users	1780467726941	1780467727171	OK	 
REQUEST		View Detail	1780467727127	1780467727174	OK	 
REQUEST		List Users	1780467726939	1780467727174	OK	 
USER	Lab 06 - Browse and Search API	END	1780467727174
USER	Lab 06 - Browse and Search API	START	1780467727175
REQUEST		List Users	1780467726939	1780467727179	OK	 
REQUEST		Search User	1780467727131	1780467727189	OK	 
REQUEST		View Detail	1780467727283	1780467727333	OK	 
USER	Lab 06 - Browse and Search API	END	1780467727334
USER	Lab 06 - Browse and Search API	START	1780467727334
REQUEST		View Detail	1780467727292	1780467727344	OK	 
USER	Lab 06 - Browse and Search API	END	1780467727344
USER	Lab 06 - Browse and Search API	START	1780467727344
REQUEST		View Detail	1780467727292	1780467727362	OK	 
USER	Lab 06 - Browse and Search API	END	1780467727363
USER	Lab 06 - Browse and Search API	START	1780467727363
REQUEST		Search User	1780467727301	1780467727364	OK	 
REQUEST		List Users	1780467727117	1780467727369	OK	 
REQUEST		List Users	1780467727132	1780467727376	OK	 
REQUEST		List Users	1780467727174	1780467727435	OK	 
REQUEST		View Detail	1780467727386	1780467727450	OK	 
USER	Lab 06 - Browse and Search API	END	1780467727450
USER	Lab 06 - Browse and Search API	START	1780467727450
USER	Lab 06 - Browse and Search API	START	1780467727466
REQUEST		List Users	1780467727334	1780467727471	OK	 
REQUEST		List Users	1780467727344	1780467727474	OK	 
REQUEST		Search User	1780467727435	1780467727487	OK	 
REQUEST		List Users	1780467727363	1780467727536	OK	 
REQUEST		Search User	1780467727448	1780467727540	OK	 
REQUEST		Search User	1780467727449	1780467727545	OK	 
REQUEST		Search User	1780467727542	1780467727634	OK	 
REQUEST		View Detail	1780467727594	1780467727648	OK	 
REQUEST		Search User	1780467727595	1780467727648	OK	 
USER	Lab 06 - Browse and Search API	END	1780467727649
USER	Lab 06 - Browse and Search API	START	1780467727649
REQUEST		Search User	1780467727601	1780467727673	OK	 
REQUEST		List Users	1780467727466	1780467727680	OK	 
REQUEST		View Detail	1780467727601	1780467727680	OK	 
REQUEST		List Users	1780467727450	1780467727680	OK	 
USER	Lab 06 - Browse and Search API	END	1780467727680
USER	Lab 06 - Browse and Search API	START	1780467727681
REQUEST		Search User	1780467727640	1780467727699	OK	 
REQUEST		Search User	1780467727660	1780467727745	OK	 
USER	Lab 06 - Browse and Search API	START	1780467727800
REQUEST		View Detail	1780467727733	1780467727800	OK	 
USER	Lab 06 - Browse and Search API	END	1780467727800
USER	Lab 06 - Browse and Search API	START	1780467727801
REQUEST		View Detail	1780467727734	1780467727804	OK	 
USER	Lab 06 - Browse and Search API	END	1780467727804
USER	Lab 06 - Browse and Search API	START	1780467727804
REQUEST		View Detail	1780467727748	1780467727816	OK	 
USER	Lab 06 - Browse and Search API	END	1780467727817
USER	Lab 06 - Browse and Search API	START	1780467727817
REQUEST		Search User	1780467727806	1780467727883	OK	 
REQUEST		List Users	1780467727681	1780467727888	OK	 
REQUEST		Search User	1780467727842	1780467727897	OK	 
REQUEST		Search User	1780467727842	1780467727897	OK	 
REQUEST		List Users	1780467727649	1780467727897	OK	 
REQUEST		Search User	1780467727847	1780467727897	OK	 
REQUEST		List Users	1780467727817	1780467728022	OK	 
REQUEST		Search User	1780467727915	1780467728024	OK	 
REQUEST		View Detail	1780467727987	1780467728054	OK	 
REQUEST		View Detail	1780467727991	1780467728054	OK	 
USER	Lab 06 - Browse and Search API	END	1780467728054
USER	Lab 06 - Browse and Search API	END	1780467728054
USER	Lab 06 - Browse and Search API	START	1780467728055
USER	Lab 06 - Browse and Search API	START	1780467728055
REQUEST		Search User	1780467728021	1780467728075	OK	 
REQUEST		Search User	1780467728024	1780467728077	OK	 
REQUEST		List Users	1780467727799	1780467728086	OK	 
REQUEST		List Users	1780467727801	1780467728109	OK	 
REQUEST		List Users	1780467727804	1780467728109	OK	 
REQUEST		View Detail	1780467728055	1780467728119	OK	 
USER	Lab 06 - Browse and Search API	END	1780467728119
USER	Lab 06 - Browse and Search API	START	1780467728120
USER	Lab 06 - Browse and Search API	START	1780467728123
REQUEST		Search User	1780467728079	1780467728139	OK	 
REQUEST		View Detail	1780467728164	1780467728214	OK	 
USER	Lab 06 - Browse and Search API	END	1780467728214
USER	Lab 06 - Browse and Search API	START	1780467728215
REQUEST		List Users	1780467728055	1780467728288	OK	 
REQUEST		View Detail	1780467728166	1780467728298	OK	 
USER	Lab 06 - Browse and Search API	END	1780467728298
USER	Lab 06 - Browse and Search API	START	1780467728299
REQUEST		List Users	1780467728055	1780467728302	OK	 
REQUEST		View Detail	1780467728276	1780467728343	OK	 
REQUEST		View Detail	1780467728276	1780467728343	OK	 
REQUEST		List Users	1780467728120	1780467728343	OK	 
REQUEST		List Users	1780467728123	1780467728343	OK	 
REQUEST		View Detail	1780467728276	1780467728343	OK	 
USER	Lab 06 - Browse and Search API	END	1780467728344
USER	Lab 06 - Browse and Search API	END	1780467728344
USER	Lab 06 - Browse and Search API	END	1780467728344
USER	Lab 06 - Browse and Search API	START	1780467728344
USER	Lab 06 - Browse and Search API	START	1780467728344
USER	Lab 06 - Browse and Search API	START	1780467728345
USER	Lab 06 - Browse and Search API	START	1780467728374
REQUEST		Search User	1780467728362	1780467728424	OK	 
REQUEST		Search User	1780467728331	1780467728430	OK	 
REQUEST		Search User	1780467728362	1780467728430	OK	 
REQUEST		Search User	1780467728332	1780467728430	OK	 
REQUEST		List Users	1780467728214	1780467728439	OK	 
REQUEST		View Detail	1780467728422	1780467728484	OK	 
USER	Lab 06 - Browse and Search API	END	1780467728484
USER	Lab 06 - Browse and Search API	START	1780467728485
REQUEST		List Users	1780467728373	1780467728522	OK	 
REQUEST		List Users	1780467728298	1780467728532	OK	 
REQUEST		List Users	1780467728344	1780467728532	OK	 
REQUEST		List Users	1780467728344	1780467728532	OK	 
REQUEST		List Users	1780467728344	1780467728534	OK	 
REQUEST		Search User	1780467728470	1780467728538	OK	 
USER	Lab 06 - Browse and Search API	START	1780467728624
REQUEST		View Detail	1780467728584	1780467728680	OK	 
USER	Lab 06 - Browse and Search API	END	1780467728680
USER	Lab 06 - Browse and Search API	START	1780467728681
REQUEST		Search User	1780467728497	1780467728683	OK	 
REQUEST		View Detail	1780467728615	1780467728690	OK	 
USER	Lab 06 - Browse and Search API	END	1780467728690
REQUEST		Search User	1780467728628	1780467728690	OK	 
REQUEST		Search User	1780467728531	1780467728690	OK	 
USER	Lab 06 - Browse and Search API	START	1780467728690
REQUEST		View Detail	1780467728609	1780467728695	OK	 
USER	Lab 06 - Browse and Search API	END	1780467728695
USER	Lab 06 - Browse and Search API	START	1780467728696
REQUEST		Search User	1780467728662	1780467728712	OK	 
REQUEST		Search User	1780467728681	1780467728753	OK	 
REQUEST		List Users	1780467728484	1780467728757	OK	 
REQUEST		List Users	1780467728623	1780467728770	OK	 
REQUEST		List Users	1780467728681	1780467728811	OK	 
REQUEST		View Detail	1780467728763	1780467728814	OK	 
USER	Lab 06 - Browse and Search API	END	1780467728815
USER	Lab 06 - Browse and Search API	START	1780467728815
REQUEST		List Users	1780467728695	1780467728818	OK	 
REQUEST		List Users	1780467728690	1780467728831	OK	 
USER	Lab 06 - Browse and Search API	START	1780467728874
REQUEST		View Detail	1780467728893	1780467728937	OK	 
USER	Lab 06 - Browse and Search API	END	1780467728938
USER	Lab 06 - Browse and Search API	START	1780467728939
REQUEST		Search User	1780467728914	1780467728961	OK	 
REQUEST		Search User	1780467728946	1780467728995	OK	 
REQUEST		Search User	1780467728948	1780467729018	OK	 
REQUEST		List Users	1780467728874	1780467729045	OK	 
USER	Lab 06 - Browse and Search API	START	1780467729125
REQUEST		View Detail	1780467729095	1780467729386	OK	 
USER	Lab 06 - Browse and Search API	END	1780467729387
USER	Lab 06 - Browse and Search API	START	1780467729387
REQUEST		View Detail	1780467729096	1780467729436	OK	 
USER	Lab 06 - Browse and Search API	END	1780467729437
USER	Lab 06 - Browse and Search API	START	1780467729437
USER	Lab 06 - Browse and Search API	START	1780467729458
REQUEST		Search User	1780467729041	1780467729469	OK	 
REQUEST		View Detail	1780467729034	1780467729476	OK	 
USER	Lab 06 - Browse and Search API	END	1780467729477
USER	Lab 06 - Browse and Search API	START	1780467729477
REQUEST		List Users	1780467728815	1780467729548	OK	 
REQUEST		List Users	1780467728938	1780467729609	OK	 
REQUEST		Search User	1780467729172	1780467729618	OK	 
REQUEST		Search User	1780467729176	1780467729708	OK	 
REQUEST		Search User	1780467729179	1780467729711	OK	 
REQUEST		View Detail	1780467729190	1780467729733	OK	 
USER	Lab 06 - Browse and Search API	END	1780467729733
USER	Lab 06 - Browse and Search API	START	1780467729734
REQUEST		View Detail	1780467729365	1780467729735	OK	 
USER	Lab 06 - Browse and Search API	END	1780467729735
USER	Lab 06 - Browse and Search API	START	1780467729735
REQUEST		Search User	1780467729475	1780467729754	OK	 
REQUEST		Search User	1780467729473	1780467729770	OK	 
USER	Lab 06 - Browse and Search API	START	1780467729791
REQUEST		Search User	1780467729370	1780467729795	OK	 
REQUEST		View Detail	1780467729488	1780467729804	OK	 
USER	Lab 06 - Browse and Search API	END	1780467729805
USER	Lab 06 - Browse and Search API	START	1780467729805
REQUEST		Search User	1780467729436	1780467729808	OK	 
REQUEST		Search User	1780467729377	1780467729811	OK	 
REQUEST		View Detail	1780467729649	1780467729862	OK	 
USER	Lab 06 - Browse and Search API	END	1780467729862
USER	Lab 06 - Browse and Search API	START	1780467729862
REQUEST		Search User	1780467729538	1780467729900	OK	 
REQUEST		View Detail	1780467729540	1780467729906	OK	 
USER	Lab 06 - Browse and Search API	END	1780467729907
USER	Lab 06 - Browse and Search API	START	1780467729907
REQUEST		View Detail	1780467729546	1780467729916	OK	 
USER	Lab 06 - Browse and Search API	END	1780467729916
USER	Lab 06 - Browse and Search API	START	1780467729916
REQUEST		View Detail	1780467729635	1780467729930	OK	 
USER	Lab 06 - Browse and Search API	END	1780467729931
USER	Lab 06 - Browse and Search API	START	1780467729931
USER	Lab 06 - Browse and Search API	START	1780467730126
USER	Lab 06 - Browse and Search API	START	1780467730460
REQUEST		Search User	1780467729681	1780467730587	OK	 
REQUEST		View Detail	1780467729674	1780467730624	OK	 
USER	Lab 06 - Browse and Search API	END	1780467730625
USER	Lab 06 - Browse and Search API	START	1780467730625
REQUEST		Search User	1780467729681	1780467730630	OK	 
REQUEST		View Detail	1780467729700	1780467730635	OK	 
USER	Lab 06 - Browse and Search API	END	1780467730635
USER	Lab 06 - Browse and Search API	START	1780467730636
USER	Lab 06 - Browse and Search API	START	1780467730792
REQUEST		View Detail	1780467729897	1780467731074	OK	 
USER	Lab 06 - Browse and Search API	END	1780467731074
USER	Lab 06 - Browse and Search API	START	1780467731075
USER	Lab 06 - Browse and Search API	START	1780467731112
REQUEST		View Detail	1780467729884	1780467731256	OK	 
USER	Lab 06 - Browse and Search API	END	1780467731257
USER	Lab 06 - Browse and Search API	START	1780467731257
REQUEST		Search User	1780467729889	1780467731356	OK	 
USER	Lab 06 - Browse and Search API	START	1780467731363
REQUEST		View Detail	1780467729746	1780467731553	OK	 
USER	Lab 06 - Browse and Search API	END	1780467731554
USER	Lab 06 - Browse and Search API	START	1780467731554
REQUEST		View Detail	1780467730078	1780467731580	OK	 
USER	Lab 06 - Browse and Search API	END	1780467731581
USER	Lab 06 - Browse and Search API	START	1780467731581
REQUEST		View Detail	1780467729898	1780467731581	OK	 
USER	Lab 06 - Browse and Search API	END	1780467731581
USER	Lab 06 - Browse and Search API	START	1780467731582
REQUEST		Search User	1780467730022	1780467731592	OK	 
USER	Lab 06 - Browse and Search API	START	1780467731612
REQUEST		View Detail	1780467730141	1780467731838	OK	 
USER	Lab 06 - Browse and Search API	END	1780467731838
USER	Lab 06 - Browse and Search API	START	1780467731838
REQUEST		View Detail	1780467730076	1780467731852	OK	 
USER	Lab 06 - Browse and Search API	END	1780467731852
USER	Lab 06 - Browse and Search API	START	1780467731852
USER	Lab 06 - Browse and Search API	START	1780467731863
REQUEST		Search User	1780467730110	1780467731964	OK	 
REQUEST		Search User	1780467730087	1780467732090	OK	 
USER	Lab 06 - Browse and Search API	START	1780467732131
REQUEST		View Detail	1780467730025	1780467732253	OK	 
USER	Lab 06 - Browse and Search API	END	1780467732253
USER	Lab 06 - Browse and Search API	START	1780467732254
REQUEST		Search User	1780467730289	1780467732463	OK	 
USER	Lab 06 - Browse and Search API	START	1780467732464
REQUEST		Search User	1780467730345	1780467732465	OK	 
REQUEST		Search User	1780467730345	1780467732486	OK	 
REQUEST		Search User	1780467730303	1780467732511	OK	 
REQUEST		View Detail	1780467730425	1780467732555	OK	 
USER	Lab 06 - Browse and Search API	END	1780467732555
USER	Lab 06 - Browse and Search API	START	1780467732556
REQUEST		View Detail	1780467730432	1780467732589	OK	 
USER	Lab 06 - Browse and Search API	END	1780467732589
USER	Lab 06 - Browse and Search API	START	1780467732589
REQUEST		View Detail	1780467730431	1780467732610	OK	 
USER	Lab 06 - Browse and Search API	END	1780467732610
USER	Lab 06 - Browse and Search API	START	1780467732610
REQUEST		View Detail	1780467729898	1780467732634	OK	 
REQUEST		Search User	1780467730440	1780467732634	OK	 
USER	Lab 06 - Browse and Search API	END	1780467732634
USER	Lab 06 - Browse and Search API	START	1780467732634
REQUEST		View Detail	1780467730431	1780467732650	OK	 
USER	Lab 06 - Browse and Search API	END	1780467732650
USER	Lab 06 - Browse and Search API	START	1780467732650
REQUEST		Search User	1780467729899	1780467732780	OK	 
USER	Lab 06 - Browse and Search API	START	1780467732797
REQUEST		Search User	1780467730524	1780467732863	OK	 
REQUEST		Search User	1780467730533	1780467732865	OK	 
REQUEST		Search User	1780467730533	1780467732867	OK	 
REQUEST		Search User	1780467730110	1780467732979	OK	 
REQUEST		Search User	1780467730813	1780467733020	OK	 
REQUEST		Search User	1780467730820	1780467733030	OK	 
REQUEST		Search User	1780467730772	1780467733043	OK	 
REQUEST		Search User	1780467730533	1780467733043	OK	 
REQUEST		View Detail	1780467730713	1780467733057	OK	 
USER	Lab 06 - Browse and Search API	END	1780467733057
USER	Lab 06 - Browse and Search API	START	1780467733058
REQUEST		Search User	1780467730832	1780467733069	OK	 
REQUEST		View Detail	1780467730691	1780467733073	OK	 
USER	Lab 06 - Browse and Search API	END	1780467733073
USER	Lab 06 - Browse and Search API	START	1780467733074
REQUEST		Search User	1780467730536	1780467733077	OK	 
REQUEST		View Detail	1780467730684	1780467733079	OK	 
USER	Lab 06 - Browse and Search API	END	1780467733080
USER	Lab 06 - Browse and Search API	START	1780467733080
USER	Lab 06 - Browse and Search API	START	1780467733130
REQUEST		View Detail	1780467730961	1780467733152	OK	 
USER	Lab 06 - Browse and Search API	END	1780467733152
USER	Lab 06 - Browse and Search API	START	1780467733152
REQUEST		View Detail	1780467730753	1780467733223	OK	 
USER	Lab 06 - Browse and Search API	END	1780467733223
USER	Lab 06 - Browse and Search API	START	1780467733224
REQUEST		View Detail	1780467730691	1780467733238	OK	 
USER	Lab 06 - Browse and Search API	END	1780467733238
USER	Lab 06 - Browse and Search API	START	1780467733239
REQUEST		Search User	1780467730758	1780467733252	OK	 
REQUEST		View Detail	1780467730539	1780467733265	OK	 
USER	Lab 06 - Browse and Search API	END	1780467733266
USER	Lab 06 - Browse and Search API	START	1780467733266
REQUEST		View Detail	1780467730996	1780467733454	OK	 
USER	Lab 06 - Browse and Search API	END	1780467733454
USER	Lab 06 - Browse and Search API	START	1780467733455
USER	Lab 06 - Browse and Search API	START	1780467733464
USER	Lab 06 - Browse and Search API	START	1780467733796
USER	Lab 06 - Browse and Search API	START	1780467734132
USER	Lab 06 - Browse and Search API	START	1780467734383
REQUEST		Search User	1780467731045	1780467734485	OK	 
USER	Lab 06 - Browse and Search API	START	1780467734633
REQUEST		List Users	1780467729477	1780467734776	OK	 
REQUEST		List Users	1780467729124	1780467734837	OK	 
USER	Lab 06 - Browse and Search API	START	1780467734883
REQUEST		View Detail	1780467731473	1780467734975	OK	 
USER	Lab 06 - Browse and Search API	END	1780467734976
USER	Lab 06 - Browse and Search API	START	1780467734976
REQUEST		View Detail	1780467731020	1780467734991	OK	 
USER	Lab 06 - Browse and Search API	END	1780467734992
USER	Lab 06 - Browse and Search API	START	1780467734992
REQUEST		List Users	1780467729458	1780467735009	OK	 
REQUEST		List Users	1780467729387	1780467735043	OK	 
USER	Lab 06 - Browse and Search API	START	1780467735130
REQUEST		List Users	1780467729437	1780467735137	OK	 
REQUEST		Search User	1780467731549	1780467735140	OK	 
REQUEST		View Detail	1780467731619	1780467735185	OK	 
USER	Lab 06 - Browse and Search API	END	1780467735185
USER	Lab 06 - Browse and Search API	START	1780467735186
REQUEST		View Detail	1780467731756	1780467735190	OK	 
USER	Lab 06 - Browse and Search API	END	1780467735190
USER	Lab 06 - Browse and Search API	START	1780467735190
REQUEST		View Detail	1780467731771	1780467735195	OK	 
USER	Lab 06 - Browse and Search API	END	1780467735195
USER	Lab 06 - Browse and Search API	START	1780467735195
REQUEST		View Detail	1780467731709	1780467735197	OK	 
USER	Lab 06 - Browse and Search API	END	1780467735197
USER	Lab 06 - Browse and Search API	START	1780467735197
REQUEST		View Detail	1780467731810	1780467735214	OK	 
USER	Lab 06 - Browse and Search API	END	1780467735214
REQUEST		Search User	1780467731610	1780467735214	OK	 
USER	Lab 06 - Browse and Search API	START	1780467735214
REQUEST		View Detail	1780467731795	1780467735216	OK	 
REQUEST		View Detail	1780467731812	1780467735216	OK	 
USER	Lab 06 - Browse and Search API	END	1780467735216
USER	Lab 06 - Browse and Search API	END	1780467735216
USER	Lab 06 - Browse and Search API	START	1780467735216
USER	Lab 06 - Browse and Search API	START	1780467735217
REQUEST		View Detail	1780467731900	1780467735218	OK	 
REQUEST		View Detail	1780467731712	1780467735218	OK	 
USER	Lab 06 - Browse and Search API	END	1780467735218
USER	Lab 06 - Browse and Search API	END	1780467735218
USER	Lab 06 - Browse and Search API	START	1780467735219
USER	Lab 06 - Browse and Search API	START	1780467735219
REQUEST		List Users	1780467729734	1780467735240	KO	j.n.c.ClosedChannelException
REQUEST		View Detail	1780467732588	1780467735355	OK	 
USER	Lab 06 - Browse and Search API	END	1780467735355
USER	Lab 06 - Browse and Search API	START	1780467735356
REQUEST		View Detail	1780467732632	1780467735372	OK	 
USER	Lab 06 - Browse and Search API	END	1780467735372
USER	Lab 06 - Browse and Search API	START	1780467735372
REQUEST		List Users	1780467729735	1780467735382	OK	 
USER	Lab 06 - Browse and Search API	START	1780467735463
REQUEST		View Detail	1780467733357	1780467735659	OK	 
USER	Lab 06 - Browse and Search API	END	1780467735659
USER	Lab 06 - Browse and Search API	START	1780467735659
USER	Lab 06 - Browse and Search API	START	1780467735796
REQUEST		View Detail	1780467733594	1780467735871	OK	 
USER	Lab 06 - Browse and Search API	END	1780467735871
USER	Lab 06 - Browse and Search API	START	1780467735872
REQUEST		View Detail	1780467733965	1780467736120	OK	 
USER	Lab 06 - Browse and Search API	END	1780467736121
USER	Lab 06 - Browse and Search API	START	1780467736121
USER	Lab 06 - Browse and Search API	START	1780467736133
REQUEST		View Detail	1780467734090	1780467736144	OK	 
USER	Lab 06 - Browse and Search API	END	1780467736144
USER	Lab 06 - Browse and Search API	START	1780467736144
REQUEST		View Detail	1780467734465	1780467736293	OK	 
REQUEST		View Detail	1780467734466	1780467736293	OK	 
USER	Lab 06 - Browse and Search API	END	1780467736293
USER	Lab 06 - Browse and Search API	END	1780467736293
USER	Lab 06 - Browse and Search API	START	1780467736294
USER	Lab 06 - Browse and Search API	START	1780467736294
REQUEST		View Detail	1780467734487	1780467736301	OK	 
USER	Lab 06 - Browse and Search API	END	1780467736302
USER	Lab 06 - Browse and Search API	START	1780467736302
REQUEST		View Detail	1780467734512	1780467736337	OK	 
USER	Lab 06 - Browse and Search API	END	1780467736338
USER	Lab 06 - Browse and Search API	START	1780467736338
REQUEST		View Detail	1780467734634	1780467736438	OK	 
USER	Lab 06 - Browse and Search API	END	1780467736439
USER	Lab 06 - Browse and Search API	START	1780467736439
REQUEST		View Detail	1780467734864	1780467736456	OK	 
USER	Lab 06 - Browse and Search API	END	1780467736457
USER	Lab 06 - Browse and Search API	START	1780467736457
REQUEST		View Detail	1780467734867	1780467736461	OK	 
REQUEST		View Detail	1780467734868	1780467736461	OK	 
USER	Lab 06 - Browse and Search API	END	1780467736462
USER	Lab 06 - Browse and Search API	END	1780467736462
USER	Lab 06 - Browse and Search API	START	1780467736462
USER	Lab 06 - Browse and Search API	START	1780467736462
USER	Lab 06 - Browse and Search API	START	1780467736466
REQUEST		View Detail	1780467734781	1780467736468	OK	 
USER	Lab 06 - Browse and Search API	END	1780467736469
USER	Lab 06 - Browse and Search API	START	1780467736469
REQUEST		View Detail	1780467734981	1780467736485	OK	 
USER	Lab 06 - Browse and Search API	END	1780467736485
USER	Lab 06 - Browse and Search API	START	1780467736485
REQUEST		View Detail	1780467735021	1780467736533	OK	 
USER	Lab 06 - Browse and Search API	END	1780467736534
USER	Lab 06 - Browse and Search API	START	1780467736534
REQUEST		View Detail	1780467735045	1780467736545	OK	 
REQUEST		View Detail	1780467735031	1780467736545	OK	 
REQUEST		View Detail	1780467735045	1780467736545	OK	 
USER	Lab 06 - Browse and Search API	END	1780467736545
USER	Lab 06 - Browse and Search API	END	1780467736545
USER	Lab 06 - Browse and Search API	END	1780467736545
USER	Lab 06 - Browse and Search API	START	1780467736545
USER	Lab 06 - Browse and Search API	START	1780467736545
USER	Lab 06 - Browse and Search API	START	1780467736545
REQUEST		View Detail	1780467735069	1780467736555	OK	 
REQUEST		View Detail	1780467735078	1780467736555	OK	 
USER	Lab 06 - Browse and Search API	END	1780467736556
USER	Lab 06 - Browse and Search API	END	1780467736556
USER	Lab 06 - Browse and Search API	START	1780467736556
USER	Lab 06 - Browse and Search API	START	1780467736556
REQUEST		List Users	1780467730125	1780467736597	OK	 
REQUEST		List Users	1780467729862	1780467736610	OK	 
REQUEST		List Users	1780467729805	1780467736621	OK	 
REQUEST		List Users	1780467729916	1780467736621	OK	 
REQUEST		List Users	1780467729791	1780467736626	OK	 
REQUEST		View Detail	1780467735254	1780467736637	OK	 
USER	Lab 06 - Browse and Search API	END	1780467736637
USER	Lab 06 - Browse and Search API	START	1780467736638
REQUEST		List Users	1780467729907	1780467736662	OK	 
REQUEST		List Users	1780467729931	1780467736676	OK	 
USER	Lab 06 - Browse and Search API	START	1780467736799
REQUEST		List Users	1780467730636	1780467736890	OK	 
REQUEST		List Users	1780467730460	1780467736940	OK	 
REQUEST		List Users	1780467730625	1780467736950	OK	 
REQUEST		List Users	1780467730792	1780467737006	OK	 
REQUEST		View Detail	1780467736486	1780467737083	OK	 
USER	Lab 06 - Browse and Search API	END	1780467737084
USER	Lab 06 - Browse and Search API	START	1780467737084
USER	Lab 06 - Browse and Search API	START	1780467737120
REQUEST		List Users	1780467731554	1780467737129	OK	 
REQUEST		List Users	1780467731112	1780467737129	OK	 
REQUEST		List Users	1780467731612	1780467737144	OK	 
REQUEST		List Users	1780467731581	1780467737146	OK	 
REQUEST		List Users	1780467731838	1780467737146	OK	 
REQUEST		List Users	1780467732610	1780467737148	OK	 
REQUEST		List Users	1780467731257	1780467737155	OK	 
REQUEST		List Users	1780467731852	1780467737159	OK	 
REQUEST		List Users	1780467731074	1780467737159	OK	 
REQUEST		List Users	1780467732796	1780467737159	OK	 
REQUEST		List Users	1780467731863	1780467737163	OK	 
REQUEST		List Users	1780467732589	1780467737163	OK	 
REQUEST		List Users	1780467731581	1780467737165	OK	 
REQUEST		List Users	1780467732464	1780467737165	OK	 
REQUEST		List Users	1780467732650	1780467737167	OK	 
REQUEST		List Users	1780467731362	1780467737170	OK	 
REQUEST		List Users	1780467732556	1780467737170	OK	 
REQUEST		List Users	1780467732130	1780467737170	OK	 
REQUEST		List Users	1780467733152	1780467737176	OK	 
REQUEST		List Users	1780467733224	1780467737178	OK	 
REQUEST		List Users	1780467733129	1780467737192	OK	 
REQUEST		List Users	1780467732634	1780467737192	OK	 
REQUEST		List Users	1780467733074	1780467737196	OK	 
REQUEST		List Users	1780467733239	1780467737196	OK	 
REQUEST		List Users	1780467732254	1780467737198	OK	 
REQUEST		List Users	1780467733266	1780467737200	OK	 
REQUEST		List Users	1780467733057	1780467737200	OK	 
REQUEST		List Users	1780467733080	1780467737202	OK	 
REQUEST		Search User	1780467736778	1780467737202	OK	 
REQUEST		List Users	1780467733455	1780467737286	OK	 
REQUEST		List Users	1780467734132	1780467737290	OK	 
REQUEST		List Users	1780467733463	1780467737292	OK	 
REQUEST		Search User	1780467736838	1780467737292	OK	 
REQUEST		List Users	1780467733796	1780467737309	OK	 
REQUEST		List Users	1780467734382	1780467737339	OK	 
USER	Lab 06 - Browse and Search API	START	1780467737370
REQUEST		List Users	1780467734632	1780467737421	OK	 
REQUEST		Search User	1780467737010	1780467737440	OK	 
REQUEST		Search User	1780467737045	1780467737475	OK	 
REQUEST		List Users	1780467734882	1780467737584	OK	 
REQUEST		List Users	1780467734976	1780467737595	OK	 
REQUEST		List Users	1780467735218	1780467737600	OK	 
REQUEST		List Users	1780467735195	1780467737600	OK	 
REQUEST		List Users	1780467735214	1780467737609	OK	 
REQUEST		List Users	1780467735197	1780467737609	OK	 
REQUEST		List Users	1780467735355	1780467737611	OK	 
REQUEST		List Users	1780467735129	1780467737619	OK	 
USER	Lab 06 - Browse and Search API	START	1780467737620
REQUEST		View Detail	1780467737141	1780467737634	OK	 
REQUEST		List Users	1780467735218	1780467737634	OK	 
USER	Lab 06 - Browse and Search API	END	1780467737634
USER	Lab 06 - Browse and Search API	START	1780467737634
REQUEST		List Users	1780467735216	1780467737636	OK	 
REQUEST		List Users	1780467735372	1780467737638	OK	 
REQUEST		List Users	1780467735190	1780467737638	OK	 
REQUEST		Search User	1780467737137	1780467737638	OK	 
REQUEST		List Users	1780467735659	1780467737736	OK	 
REQUEST		List Users	1780467735871	1780467737789	OK	 
REQUEST		List Users	1780467736133	1780467737790	OK	 
REQUEST		List Users	1780467736457	1780467737795	OK	 
REQUEST		List Users	1780467736294	1780467737797	OK	 
REQUEST		View Detail	1780467737214	1780467737797	OK	 
USER	Lab 06 - Browse and Search API	END	1780467737798
USER	Lab 06 - Browse and Search API	START	1780467737801
REQUEST		List Users	1780467735796	1780467737801	OK	 
REQUEST		List Users	1780467736439	1780467737803	OK	 
REQUEST		List Users	1780467736302	1780467737805	OK	 
REQUEST		List Users	1780467736338	1780467737811	OK	 
REQUEST		Search User	1780467737382	1780467737811	OK	 
REQUEST		List Users	1780467736121	1780467737813	OK	 
REQUEST		List Users	1780467736144	1780467737821	OK	 
REQUEST		List Users	1780467736294	1780467737823	OK	 
USER	Lab 06 - Browse and Search API	START	1780467737870
REQUEST		List Users	1780467736485	1780467737924	OK	 
REQUEST		List Users	1780467736534	1780467737925	OK	 
REQUEST		List Users	1780467736462	1780467737930	OK	 
REQUEST		List Users	1780467736466	1780467737938	OK	 
REQUEST		List Users	1780467736469	1780467737940	OK	 
REQUEST		List Users	1780467736545	1780467737944	OK	 
REQUEST		List Users	1780467736462	1780467737944	OK	 
REQUEST		List Users	1780467736799	1780467737946	OK	 
REQUEST		List Users	1780467736545	1780467737951	OK	 
REQUEST		List Users	1780467735185	1780467737951	OK	 
REQUEST		List Users	1780467736545	1780467737953	OK	 
REQUEST		List Users	1780467736556	1780467737955	OK	 
REQUEST		List Users	1780467736556	1780467737955	OK	 
REQUEST		List Users	1780467736637	1780467737957	OK	 
REQUEST		List Users	1780467737084	1780467738181	OK	 
REQUEST		List Users	1780467737370	1780467738181	OK	 
REQUEST		List Users	1780467737120	1780467738194	OK	 
REQUEST		Search User	1780467737243	1780467738194	OK	 
REQUEST		List Users	1780467737620	1780467738226	OK	 
REQUEST		List Users	1780467737870	1780467738248	OK	 
REQUEST		List Users	1780467737798	1780467738250	OK	 
REQUEST		List Users	1780467737634	1780467738256	OK	 
REQUEST		Search User	1780467738610	1780467738659	OK	 
REQUEST		Search User	1780467738598	1780467738659	OK	 
REQUEST		Search User	1780467738622	1780467738674	OK	 
REQUEST		Search User	1780467738628	1780467738674	OK	 
REQUEST		Search User	1780467738621	1780467738678	OK	 
REQUEST		Search User	1780467738662	1780467738725	OK	 
REQUEST		Search User	1780467738686	1780467738778	OK	 
REQUEST		Search User	1780467738891	1780467738963	OK	 
REQUEST		Search User	1780467738941	1780467739001	OK	 
REQUEST		Search User	1780467738951	1780467739009	OK	 
REQUEST		Search User	1780467739008	1780467739062	OK	 
REQUEST		List Users	1780467735216	1780467739066	OK	 
REQUEST		Search User	1780467739130	1780467739184	OK	 
REQUEST		Search User	1780467739130	1780467739189	OK	 
REQUEST		Search User	1780467739145	1780467739197	OK	 
REQUEST		Search User	1780467739148	1780467739201	OK	 
REQUEST		Search User	1780467739147	1780467739201	OK	 
REQUEST		Search User	1780467739147	1780467739201	OK	 
REQUEST		Search User	1780467739164	1780467739212	OK	 
REQUEST		Search User	1780467739160	1780467739215	OK	 
REQUEST		Search User	1780467739168	1780467739215	OK	 
REQUEST		Search User	1780467739156	1780467739215	OK	 
REQUEST		Search User	1780467739166	1780467739215	OK	 
REQUEST		Search User	1780467739164	1780467739219	OK	 
REQUEST		Search User	1780467739171	1780467739219	OK	 
REQUEST		Search User	1780467739177	1780467739224	OK	 
REQUEST		Search User	1780467739166	1780467739224	OK	 
REQUEST		Search User	1780467739170	1780467739227	OK	 
REQUEST		Search User	1780467739160	1780467739235	OK	 
REQUEST		Search User	1780467739160	1780467739235	OK	 
REQUEST		Search User	1780467739171	1780467739235	OK	 
REQUEST		Search User	1780467739194	1780467739285	OK	 
REQUEST		Search User	1780467739196	1780467739285	OK	 
REQUEST		Search User	1780467739202	1780467739287	OK	 
REQUEST		Search User	1780467739197	1780467739289	OK	 
REQUEST		Search User	1780467739179	1780467739289	OK	 
REQUEST		View Detail	1780467739204	1780467739303	OK	 
REQUEST		Search User	1780467739202	1780467739303	OK	 
REQUEST		Search User	1780467739198	1780467739303	OK	 
REQUEST		Search User	1780467739194	1780467739303	OK	 
REQUEST		Search User	1780467739203	1780467739303	OK	 
USER	Lab 06 - Browse and Search API	END	1780467739303
USER	Lab 06 - Browse and Search API	START	1780467739303
REQUEST		Search User	1780467739292	1780467739314	OK	 
REQUEST		Search User	1780467739286	1780467739344	OK	 
REQUEST		View Detail	1780467739294	1780467739359	OK	 
USER	Lab 06 - Browse and Search API	END	1780467739359
USER	Lab 06 - Browse and Search API	START	1780467739360
REQUEST		Search User	1780467739293	1780467739375	OK	 
REQUEST		Search User	1780467739341	1780467739407	OK	 
REQUEST		Search User	1780467739311	1780467739407	OK	 
REQUEST		Search User	1780467739422	1780467739517	OK	 
REQUEST		List Users	1780467739303	1780467739524	OK	 
REQUEST		View Detail	1780467739442	1780467739536	OK	 
USER	Lab 06 - Browse and Search API	END	1780467739536
USER	Lab 06 - Browse and Search API	START	1780467739536
REQUEST		View Detail	1780467739476	1780467739547	OK	 
USER	Lab 06 - Browse and Search API	END	1780467739547
USER	Lab 06 - Browse and Search API	START	1780467739547
REQUEST		List Users	1780467739359	1780467739595	OK	 
REQUEST		List Users	1780467735463	1780467739631	OK	 
REQUEST		Search User	1780467739584	1780467739633	OK	 
REQUEST		Search User	1780467739595	1780467739643	OK	 
REQUEST		Search User	1780467739602	1780467739643	OK	 
REQUEST		Search User	1780467739601	1780467739646	OK	 
REQUEST		Search User	1780467739612	1780467739664	OK	 
REQUEST		Search User	1780467739612	1780467739664	OK	 
REQUEST		Search User	1780467739610	1780467739664	OK	 
REQUEST		Search User	1780467739620	1780467739679	OK	 
REQUEST		List Users	1780467734992	1780467739684	OK	 
REQUEST		Search User	1780467739634	1780467739771	OK	 
REQUEST		Search User	1780467739639	1780467739774	OK	 
REQUEST		Search User	1780467739639	1780467739777	OK	 
REQUEST		View Detail	1780467739639	1780467739780	OK	 
REQUEST		List Users	1780467739536	1780467739780	OK	 
REQUEST		Search User	1780467739637	1780467739780	OK	 
USER	Lab 06 - Browse and Search API	END	1780467739780
USER	Lab 06 - Browse and Search API	START	1780467739781
REQUEST		Search User	1780467739737	1780467739785	OK	 
REQUEST		Search User	1780467739806	1780467739911	OK	 
REQUEST		Search User	1780467739791	1780467739911	OK	 
REQUEST		Search User	1780467739805	1780467739918	OK	 
REQUEST		Search User	1780467739790	1780467739918	OK	 
REQUEST		Search User	1780467739812	1780467739919	OK	 
REQUEST		Search User	1780467739796	1780467739919	OK	 
REQUEST		View Detail	1780467739812	1780467739924	OK	 
REQUEST		Search User	1780467739802	1780467739924	OK	 
USER	Lab 06 - Browse and Search API	END	1780467739924
USER	Lab 06 - Browse and Search API	START	1780467739924
REQUEST		Search User	1780467739824	1780467739929	OK	 
REQUEST		Search User	1780467739814	1780467739929	OK	 
REQUEST		List Users	1780467739547	1780467739929	OK	 
REQUEST		Search User	1780467739822	1780467739929	OK	 
REQUEST		Search User	1780467739798	1780467739933	OK	 
REQUEST		Search User	1780467739925	1780467739979	OK	 
REQUEST		Search User	1780467739931	1780467739983	OK	 
REQUEST		Search User	1780467739927	1780467739983	OK	 
REQUEST		Search User	1780467739946	1780467739995	OK	 
REQUEST		Search User	1780467739940	1780467740004	OK	 
REQUEST		Search User	1780467739944	1780467740004	OK	 
REQUEST		Search User	1780467739941	1780467740008	OK	 
REQUEST		Search User	1780467739956	1780467740010	OK	 
REQUEST		Search User	1780467739954	1780467740012	OK	 
REQUEST		Search User	1780467739945	1780467740014	OK	 
REQUEST		Search User	1780467739951	1780467740014	OK	 
REQUEST		List Users	1780467739780	1780467740015	OK	 
REQUEST		Search User	1780467739956	1780467740021	OK	 
REQUEST		Search User	1780467739952	1780467740026	OK	 
REQUEST		Search User	1780467739958	1780467740029	OK	 
REQUEST		List Users	1780467739924	1780467740113	OK	 
REQUEST		Search User	1780467740183	1780467740260	OK	 
REQUEST		Search User	1780467740182	1780467740263	OK	 
REQUEST		Search User	1780467740226	1780467740271	OK	 
REQUEST		Search User	1780467740195	1780467740274	OK	 
REQUEST		View Detail	1780467740196	1780467740279	OK	 
USER	Lab 06 - Browse and Search API	END	1780467740279
USER	Lab 06 - Browse and Search API	START	1780467740279
REQUEST		Search User	1780467740249	1780467740297	OK	 
REQUEST		Search User	1780467740251	1780467740300	OK	 
REQUEST		Search User	1780467740257	1780467740308	OK	 
REQUEST		List Users	1780467740279	1780467740414	OK	 
REQUEST		View Detail	1780467740660	1780467740710	OK	 
USER	Lab 06 - Browse and Search API	END	1780467740711
USER	Lab 06 - Browse and Search API	START	1780467740711
REQUEST		View Detail	1780467740660	1780467740716	OK	 
USER	Lab 06 - Browse and Search API	END	1780467740716
USER	Lab 06 - Browse and Search API	START	1780467740717
REQUEST		View Detail	1780467740674	1780467740723	OK	 
USER	Lab 06 - Browse and Search API	END	1780467740723
USER	Lab 06 - Browse and Search API	START	1780467740724
REQUEST		View Detail	1780467740674	1780467740725	OK	 
REQUEST		View Detail	1780467740679	1780467740725	OK	 
USER	Lab 06 - Browse and Search API	END	1780467740725
USER	Lab 06 - Browse and Search API	END	1780467740725
USER	Lab 06 - Browse and Search API	START	1780467740725
USER	Lab 06 - Browse and Search API	START	1780467740725
REQUEST		View Detail	1780467740726	1780467740859	OK	 
USER	Lab 06 - Browse and Search API	END	1780467740860
USER	Lab 06 - Browse and Search API	START	1780467740860
REQUEST		View Detail	1780467740779	1780467740866	OK	 
USER	Lab 06 - Browse and Search API	END	1780467740867
USER	Lab 06 - Browse and Search API	START	1780467740867
REQUEST		List Users	1780467740711	1780467740948	OK	 
REQUEST		List Users	1780467740725	1780467740962	OK	 
REQUEST		List Users	1780467740725	1780467740979	OK	 
REQUEST		List Users	1780467740716	1780467740989	OK	 
REQUEST		List Users	1780467740723	1780467741001	OK	 
REQUEST		View Detail	1780467740964	1780467741091	OK	 
REQUEST		View Detail	1780467741010	1780467741091	OK	 
REQUEST		List Users	1780467740867	1780467741091	OK	 
USER	Lab 06 - Browse and Search API	END	1780467741091
USER	Lab 06 - Browse and Search API	END	1780467741091
USER	Lab 06 - Browse and Search API	START	1780467741092
USER	Lab 06 - Browse and Search API	START	1780467741092
REQUEST		List Users	1780467740860	1780467741098	OK	 
REQUEST		View Detail	1780467741002	1780467741105	OK	 
USER	Lab 06 - Browse and Search API	END	1780467741105
USER	Lab 06 - Browse and Search API	START	1780467741105
REQUEST		View Detail	1780467741063	1780467741112	OK	 
USER	Lab 06 - Browse and Search API	END	1780467741113
USER	Lab 06 - Browse and Search API	START	1780467741113
REQUEST		Search User	1780467741066	1780467741168	OK	 
REQUEST		View Detail	1780467741185	1780467741244	OK	 
USER	Lab 06 - Browse and Search API	END	1780467741244
USER	Lab 06 - Browse and Search API	START	1780467741245
REQUEST		View Detail	1780467741190	1780467741279	OK	 
USER	Lab 06 - Browse and Search API	END	1780467741279
USER	Lab 06 - Browse and Search API	START	1780467741280
REQUEST		View Detail	1780467741201	1780467741281	OK	 
REQUEST		List Users	1780467741105	1780467741281	OK	 
REQUEST		List Users	1780467741092	1780467741281	OK	 
REQUEST		List Users	1780467741092	1780467741281	OK	 
USER	Lab 06 - Browse and Search API	END	1780467741282
USER	Lab 06 - Browse and Search API	START	1780467741282
REQUEST		View Detail	1780467741213	1780467741283	OK	 
REQUEST		View Detail	1780467741198	1780467741283	OK	 
REQUEST		View Detail	1780467741202	1780467741283	OK	 
REQUEST		View Detail	1780467741202	1780467741283	OK	 
USER	Lab 06 - Browse and Search API	END	1780467741283
REQUEST		List Users	1780467741113	1780467741283	OK	 
USER	Lab 06 - Browse and Search API	END	1780467741283
USER	Lab 06 - Browse and Search API	END	1780467741284
USER	Lab 06 - Browse and Search API	START	1780467741284
USER	Lab 06 - Browse and Search API	END	1780467741284
USER	Lab 06 - Browse and Search API	START	1780467741284
USER	Lab 06 - Browse and Search API	START	1780467741284
USER	Lab 06 - Browse and Search API	START	1780467741284
REQUEST		View Detail	1780467741215	1780467741317	OK	 
REQUEST		View Detail	1780467741226	1780467741317	OK	 
REQUEST		View Detail	1780467741219	1780467741317	OK	 
REQUEST		View Detail	1780467741216	1780467741317	OK	 
REQUEST		View Detail	1780467741216	1780467741317	OK	 
USER	Lab 06 - Browse and Search API	END	1780467741317
USER	Lab 06 - Browse and Search API	END	1780467741317
USER	Lab 06 - Browse and Search API	END	1780467741317
USER	Lab 06 - Browse and Search API	END	1780467741317
USER	Lab 06 - Browse and Search API	END	1780467741317
USER	Lab 06 - Browse and Search API	START	1780467741317
USER	Lab 06 - Browse and Search API	START	1780467741317
USER	Lab 06 - Browse and Search API	START	1780467741317
USER	Lab 06 - Browse and Search API	START	1780467741318
USER	Lab 06 - Browse and Search API	START	1780467741318
REQUEST		View Detail	1780467741216	1780467741326	OK	 
REQUEST		View Detail	1780467741224	1780467741327	OK	 
USER	Lab 06 - Browse and Search API	END	1780467741327
USER	Lab 06 - Browse and Search API	END	1780467741327
USER	Lab 06 - Browse and Search API	START	1780467741327
USER	Lab 06 - Browse and Search API	START	1780467741327
REQUEST		View Detail	1780467741220	1780467741329	OK	 
USER	Lab 06 - Browse and Search API	END	1780467741329
USER	Lab 06 - Browse and Search API	START	1780467741330
REQUEST		View Detail	1780467741237	1780467741332	OK	 
REQUEST		View Detail	1780467741228	1780467741332	OK	 
USER	Lab 06 - Browse and Search API	END	1780467741332
USER	Lab 06 - Browse and Search API	END	1780467741332
USER	Lab 06 - Browse and Search API	START	1780467741332
USER	Lab 06 - Browse and Search API	START	1780467741332
REQUEST		View Detail	1780467741237	1780467741335	OK	 
REQUEST		View Detail	1780467741237	1780467741335	OK	 
USER	Lab 06 - Browse and Search API	END	1780467741336
USER	Lab 06 - Browse and Search API	END	1780467741336
USER	Lab 06 - Browse and Search API	START	1780467741336
USER	Lab 06 - Browse and Search API	START	1780467741336
REQUEST		View Detail	1780467741289	1780467741338	OK	 
REQUEST		View Detail	1780467741285	1780467741338	OK	 
USER	Lab 06 - Browse and Search API	END	1780467741338
USER	Lab 06 - Browse and Search API	END	1780467741338
USER	Lab 06 - Browse and Search API	START	1780467741338
USER	Lab 06 - Browse and Search API	START	1780467741338
REQUEST		View Detail	1780467741290	1780467741341	OK	 
REQUEST		View Detail	1780467741285	1780467741341	OK	 
USER	Lab 06 - Browse and Search API	END	1780467741342
USER	Lab 06 - Browse and Search API	END	1780467741342
USER	Lab 06 - Browse and Search API	START	1780467741342
USER	Lab 06 - Browse and Search API	START	1780467741342
REQUEST		View Detail	1780467741288	1780467741362	OK	 
REQUEST		View Detail	1780467741304	1780467741362	OK	 
REQUEST		View Detail	1780467741315	1780467741362	OK	 
REQUEST		View Detail	1780467741305	1780467741362	OK	 
USER	Lab 06 - Browse and Search API	END	1780467741362
USER	Lab 06 - Browse and Search API	END	1780467741362
USER	Lab 06 - Browse and Search API	END	1780467741362
USER	Lab 06 - Browse and Search API	END	1780467741362
USER	Lab 06 - Browse and Search API	START	1780467741362
USER	Lab 06 - Browse and Search API	START	1780467741362
USER	Lab 06 - Browse and Search API	START	1780467741362
USER	Lab 06 - Browse and Search API	START	1780467741362
REQUEST		View Detail	1780467741305	1780467741365	OK	 
USER	Lab 06 - Browse and Search API	END	1780467741365
USER	Lab 06 - Browse and Search API	START	1780467741366
REQUEST		View Detail	1780467741305	1780467741392	OK	 
USER	Lab 06 - Browse and Search API	END	1780467741392
USER	Lab 06 - Browse and Search API	START	1780467741393
REQUEST		View Detail	1780467741345	1780467741407	OK	 
USER	Lab 06 - Browse and Search API	END	1780467741409
USER	Lab 06 - Browse and Search API	START	1780467741410
REQUEST		View Detail	1780467741376	1780467741487	OK	 
REQUEST		List Users	1780467741284	1780467741487	OK	 
USER	Lab 06 - Browse and Search API	END	1780467741488
USER	Lab 06 - Browse and Search API	START	1780467741489
REQUEST		View Detail	1780467741409	1780467741489	OK	 
REQUEST		List Users	1780467741282	1780467741489	OK	 
USER	Lab 06 - Browse and Search API	END	1780467741489
USER	Lab 06 - Browse and Search API	START	1780467741490
REQUEST		List Users	1780467741284	1780467741491	OK	 
REQUEST		View Detail	1780467741409	1780467741493	OK	 
REQUEST		List Users	1780467741283	1780467741493	OK	 
USER	Lab 06 - Browse and Search API	END	1780467741493
USER	Lab 06 - Browse and Search API	START	1780467741494
REQUEST		List Users	1780467741280	1780467741508	OK	 
REQUEST		List Users	1780467741283	1780467741510	OK	 
REQUEST		List Users	1780467741244	1780467741510	OK	 
REQUEST		List Users	1780467741336	1780467741576	OK	 
REQUEST		List Users	1780467741338	1780467741578	OK	 
REQUEST		List Users	1780467741317	1780467741578	OK	 
REQUEST		List Users	1780467741317	1780467741581	OK	 
REQUEST		List Users	1780467741317	1780467741581	OK	 
REQUEST		List Users	1780467741338	1780467741583	OK	 
REQUEST		List Users	1780467741342	1780467741583	OK	 
REQUEST		List Users	1780467741332	1780467741589	OK	 
REQUEST		List Users	1780467741317	1780467741589	OK	 
REQUEST		List Users	1780467741327	1780467741589	OK	 
REQUEST		List Users	1780467741342	1780467741594	OK	 
REQUEST		List Users	1780467741336	1780467741594	OK	 
REQUEST		List Users	1780467741362	1780467741694	OK	 
REQUEST		List Users	1780467741392	1780467741694	OK	 
REQUEST		List Users	1780467741362	1780467741696	OK	 
REQUEST		View Detail	1780467741518	1780467741696	OK	 
USER	Lab 06 - Browse and Search API	END	1780467741697
REQUEST		Search User	1780467741525	1780467741696	OK	 
USER	Lab 06 - Browse and Search API	START	1780467741697
REQUEST		List Users	1780467741410	1780467741698	OK	 
REQUEST		List Users	1780467741362	1780467741698	OK	 
REQUEST		List Users	1780467741362	1780467741704	OK	 
REQUEST		List Users	1780467741330	1780467741717	OK	 
REQUEST		List Users	1780467741317	1780467741719	OK	 
REQUEST		List Users	1780467741332	1780467741720	OK	 
REQUEST		List Users	1780467741366	1780467741725	OK	 
REQUEST		View Detail	1780467741645	1780467741725	OK	 
USER	Lab 06 - Browse and Search API	END	1780467741725
USER	Lab 06 - Browse and Search API	START	1780467741726
REQUEST		Search User	1780467741633	1780467741727	OK	 
REQUEST		List Users	1780467741493	1780467741727	OK	 
REQUEST		View Detail	1780467741636	1780467741733	OK	 
REQUEST		View Detail	1780467741649	1780467741733	OK	 
REQUEST		View Detail	1780467741645	1780467741733	OK	 
REQUEST		List Users	1780467741327	1780467741733	OK	 
REQUEST		Search User	1780467741596	1780467741733	OK	 
USER	Lab 06 - Browse and Search API	END	1780467741733
USER	Lab 06 - Browse and Search API	END	1780467741733
USER	Lab 06 - Browse and Search API	END	1780467741733
USER	Lab 06 - Browse and Search API	START	1780467741733
USER	Lab 06 - Browse and Search API	START	1780467741733
USER	Lab 06 - Browse and Search API	START	1780467741734
REQUEST		View Detail	1780467741666	1780467741783	OK	 
USER	Lab 06 - Browse and Search API	END	1780467741783
REQUEST		List Users	1780467741488	1780467741783	OK	 
USER	Lab 06 - Browse and Search API	START	1780467741783
REQUEST		View Detail	1780467741665	1780467741785	OK	 
REQUEST		View Detail	1780467741665	1780467741785	OK	 
REQUEST		List Users	1780467741489	1780467741785	OK	 
USER	Lab 06 - Browse and Search API	END	1780467741785
USER	Lab 06 - Browse and Search API	END	1780467741785
USER	Lab 06 - Browse and Search API	START	1780467741785
USER	Lab 06 - Browse and Search API	START	1780467741785
REQUEST		Search User	1780467741685	1780467741789	OK	 
REQUEST		View Detail	1780467741679	1780467741796	OK	 
USER	Lab 06 - Browse and Search API	END	1780467741796
USER	Lab 06 - Browse and Search API	START	1780467741796
REQUEST		View Detail	1780467741772	1780467741832	OK	 
USER	Lab 06 - Browse and Search API	END	1780467741832
USER	Lab 06 - Browse and Search API	START	1780467741832
REQUEST		View Detail	1780467741779	1780467741841	OK	 
USER	Lab 06 - Browse and Search API	END	1780467741841
USER	Lab 06 - Browse and Search API	START	1780467741841
REQUEST		Search User	1780467741781	1780467741843	OK	 
REQUEST		View Detail	1780467741781	1780467741849	OK	 
REQUEST		View Detail	1780467741775	1780467741849	OK	 
USER	Lab 06 - Browse and Search API	END	1780467741850
USER	Lab 06 - Browse and Search API	END	1780467741850
USER	Lab 06 - Browse and Search API	START	1780467741850
USER	Lab 06 - Browse and Search API	START	1780467741850
REQUEST		List Users	1780467741733	1780467741889	OK	 
REQUEST		View Detail	1780467741785	1780467741891	OK	 
USER	Lab 06 - Browse and Search API	END	1780467741891
USER	Lab 06 - Browse and Search API	START	1780467741892
REQUEST		List Users	1780467741733	1780467741896	OK	 
REQUEST		List Users	1780467741783	1780467741952	OK	 
REQUEST		View Detail	1780467741912	1780467741971	OK	 
USER	Lab 06 - Browse and Search API	END	1780467741972
USER	Lab 06 - Browse and Search API	START	1780467741972
REQUEST		View Detail	1780467741919	1780467741976	OK	 
REQUEST		View Detail	1780467741919	1780467741976	OK	 
REQUEST		View Detail	1780467741920	1780467741976	OK	 
USER	Lab 06 - Browse and Search API	END	1780467741976
USER	Lab 06 - Browse and Search API	END	1780467741976
USER	Lab 06 - Browse and Search API	END	1780467741976
USER	Lab 06 - Browse and Search API	START	1780467741976
USER	Lab 06 - Browse and Search API	START	1780467741976
USER	Lab 06 - Browse and Search API	START	1780467741976
REQUEST		View Detail	1780467741913	1780467741981	OK	 
USER	Lab 06 - Browse and Search API	END	1780467741981
USER	Lab 06 - Browse and Search API	START	1780467741981
REQUEST		List Users	1780467741725	1780467741983	OK	 
REQUEST		View Detail	1780467741934	1780467741985	OK	 
REQUEST		List Users	1780467741733	1780467741985	OK	 
REQUEST		View Detail	1780467741920	1780467741985	OK	 
USER	Lab 06 - Browse and Search API	END	1780467741985
USER	Lab 06 - Browse and Search API	END	1780467741985
USER	Lab 06 - Browse and Search API	START	1780467741985
USER	Lab 06 - Browse and Search API	START	1780467741986
REQUEST		View Detail	1780467741929	1780467741988	OK	 
USER	Lab 06 - Browse and Search API	END	1780467741988
USER	Lab 06 - Browse and Search API	START	1780467741988
REQUEST		List Users	1780467741796	1780467741990	OK	 
REQUEST		View Detail	1780467741925	1780467741993	OK	 
REQUEST		List Users	1780467741832	1780467741993	OK	 
REQUEST		Search User	1780467741930	1780467741993	OK	 
USER	Lab 06 - Browse and Search API	END	1780467741993
USER	Lab 06 - Browse and Search API	START	1780467741993
REQUEST		View Detail	1780467741929	1780467741995	OK	 
REQUEST		View Detail	1780467741929	1780467741995	OK	 
USER	Lab 06 - Browse and Search API	END	1780467741995
USER	Lab 06 - Browse and Search API	END	1780467741995
USER	Lab 06 - Browse and Search API	START	1780467741995
USER	Lab 06 - Browse and Search API	START	1780467741995
REQUEST		List Users	1780467741697	1780467742004	OK	 
REQUEST		List Users	1780467741785	1780467742021	OK	 
REQUEST		List Users	1780467741850	1780467742027	OK	 
REQUEST		List Users	1780467741785	1780467742037	OK	 
REQUEST		View Detail	1780467741980	1780467742125	OK	 
USER	Lab 06 - Browse and Search API	END	1780467742125
USER	Lab 06 - Browse and Search API	START	1780467742125
REQUEST		View Detail	1780467741984	1780467742130	OK	 
REQUEST		View Detail	1780467741996	1780467742130	OK	 
REQUEST		View Detail	1780467742005	1780467742130	OK	 
USER	Lab 06 - Browse and Search API	END	1780467742130
USER	Lab 06 - Browse and Search API	END	1780467742130
USER	Lab 06 - Browse and Search API	END	1780467742130
USER	Lab 06 - Browse and Search API	START	1780467742130
USER	Lab 06 - Browse and Search API	START	1780467742130
USER	Lab 06 - Browse and Search API	START	1780467742130
REQUEST		View Detail	1780467742012	1780467742133	OK	 
USER	Lab 06 - Browse and Search API	END	1780467742133
USER	Lab 06 - Browse and Search API	START	1780467742134
REQUEST		List Users	1780467741850	1780467742135	OK	 
REQUEST		View Detail	1780467742013	1780467742135	OK	 
USER	Lab 06 - Browse and Search API	END	1780467742135
USER	Lab 06 - Browse and Search API	START	1780467742136
REQUEST		View Detail	1780467741984	1780467742137	OK	 
REQUEST		List Users	1780467741841	1780467742137	OK	 
REQUEST		View Detail	1780467742016	1780467742137	OK	 
REQUEST		View Detail	1780467742022	1780467742137	OK	 
USER	Lab 06 - Browse and Search API	END	1780467742137
REQUEST		Search User	1780467742015	1780467742137	OK	 
USER	Lab 06 - Browse and Search API	START	1780467742137
USER	Lab 06 - Browse and Search API	END	1780467742137
USER	Lab 06 - Browse and Search API	END	1780467742137
USER	Lab 06 - Browse and Search API	START	1780467742138
USER	Lab 06 - Browse and Search API	START	1780467742138
REQUEST		List Users	1780467741891	1780467742147	OK	 
REQUEST		View Detail	1780467742027	1780467742147	OK	 
REQUEST		View Detail	1780467742030	1780467742147	OK	 
REQUEST		View Detail	1780467742004	1780467742147	OK	 
REQUEST		View Detail	1780467742015	1780467742147	OK	 
REQUEST		View Detail	1780467742009	1780467742147	OK	 
USER	Lab 06 - Browse and Search API	END	1780467742147
USER	Lab 06 - Browse and Search API	END	1780467742147
USER	Lab 06 - Browse and Search API	END	1780467742147
USER	Lab 06 - Browse and Search API	END	1780467742147
USER	Lab 06 - Browse and Search API	END	1780467742147
USER	Lab 06 - Browse and Search API	START	1780467742148
USER	Lab 06 - Browse and Search API	START	1780467742148
USER	Lab 06 - Browse and Search API	START	1780467742148
USER	Lab 06 - Browse and Search API	START	1780467742148
USER	Lab 06 - Browse and Search API	START	1780467742148
REQUEST		Search User	1780467742113	1780467742176	OK	 
REQUEST		List Users	1780467741976	1780467742229	OK	 
REQUEST		List Users	1780467741976	1780467742232	OK	 
REQUEST		List Users	1780467741981	1780467742232	OK	 
REQUEST		List Users	1780467741972	1780467742240	OK	 
REQUEST		List Users	1780467741995	1780467742287	OK	 
REQUEST		List Users	1780467741985	1780467742292	OK	 
REQUEST		List Users	1780467741988	1780467742292	OK	 
REQUEST		List Users	1780467741993	1780467742295	OK	 
REQUEST		List Users	1780467741976	1780467742299	OK	 
REQUEST		List Users	1780467741995	1780467742306	OK	 
REQUEST		List Users	1780467741985	1780467742325	OK	 
REQUEST		List Users	1780467742136	1780467742357	OK	 
REQUEST		View Detail	1780467742271	1780467742357	OK	 
USER	Lab 06 - Browse and Search API	END	1780467742358
USER	Lab 06 - Browse and Search API	START	1780467742358
REQUEST		List Users	1780467742137	1780467742360	OK	 
REQUEST		List Users	1780467742130	1780467742360	OK	 
REQUEST		List Users	1780467742133	1780467742363	OK	 
REQUEST		List Users	1780467742125	1780467742363	OK	 
REQUEST		List Users	1780467742147	1780467742365	OK	 
REQUEST		List Users	1780467742130	1780467742367	OK	 
REQUEST		View Detail	1780467742298	1780467742367	OK	 
REQUEST		List Users	1780467742147	1780467742367	OK	 
REQUEST		View Detail	1780467742301	1780467742367	OK	 
USER	Lab 06 - Browse and Search API	END	1780467742367
USER	Lab 06 - Browse and Search API	END	1780467742368
USER	Lab 06 - Browse and Search API	START	1780467742368
USER	Lab 06 - Browse and Search API	START	1780467742368
REQUEST		View Detail	1780467742264	1780467742385	OK	 
REQUEST		List Users	1780467742147	1780467742385	OK	 
REQUEST		List Users	1780467742147	1780467742385	OK	 
REQUEST		View Detail	1780467742275	1780467742385	OK	 
REQUEST		List Users	1780467742138	1780467742385	OK	 
USER	Lab 06 - Browse and Search API	END	1780467742386
USER	Lab 06 - Browse and Search API	END	1780467742386
USER	Lab 06 - Browse and Search API	START	1780467742386
USER	Lab 06 - Browse and Search API	START	1780467742386
REQUEST		List Users	1780467742130	1780467742389	OK	 
REQUEST		View Detail	1780467742325	1780467742389	OK	 
REQUEST		View Detail	1780467742261	1780467742389	OK	 
REQUEST		List Users	1780467742148	1780467742389	OK	 
USER	Lab 06 - Browse and Search API	END	1780467742390
USER	Lab 06 - Browse and Search API	END	1780467742390
USER	Lab 06 - Browse and Search API	START	1780467742390
USER	Lab 06 - Browse and Search API	START	1780467742390
REQUEST		List Users	1780467742137	1780467742391	OK	 
REQUEST		Search User	1780467742415	1780467742462	OK	 
REQUEST		List Users	1780467742390	1780467742518	OK	 
REQUEST		List Users	1780467742390	1780467742524	OK	 
REQUEST		List Users	1780467742358	1780467742573	OK	 
REQUEST		List Users	1780467742368	1780467742573	OK	 
REQUEST		List Users	1780467742386	1780467742601	OK	 
REQUEST		List Users	1780467742386	1780467742603	OK	 
REQUEST		List Users	1780467742367	1780467742612	OK	 
REQUEST		Search User	1780467742964	1780467743048	OK	 
REQUEST		Search User	1780467742949	1780467743048	OK	 
REQUEST		Search User	1780467742981	1780467743048	OK	 
REQUEST		Search User	1780467742990	1780467743101	OK	 
REQUEST		Search User	1780467743002	1780467743152	OK	 
REQUEST		Search User	1780467743099	1780467743251	OK	 
REQUEST		Search User	1780467743093	1780467743251	OK	 
REQUEST		View Detail	1780467743170	1780467743365	OK	 
REQUEST		Search User	1780467743283	1780467743365	OK	 
REQUEST		Search User	1780467743282	1780467743365	OK	 
REQUEST		Search User	1780467743285	1780467743365	OK	 
REQUEST		Search User	1780467743282	1780467743365	OK	 
USER	Lab 06 - Browse and Search API	END	1780467743365
USER	Lab 06 - Browse and Search API	START	1780467743366
REQUEST		Search User	1780467743494	1780467743605	OK	 
REQUEST		Search User	1780467743489	1780467743605	OK	 
REQUEST		Search User	1780467743493	1780467743654	OK	 
REQUEST		Search User	1780467743491	1780467743654	OK	 
REQUEST		Search User	1780467743512	1780467743659	OK	 
REQUEST		Search User	1780467743577	1780467743659	OK	 
REQUEST		Search User	1780467743508	1780467743659	OK	 
REQUEST		Search User	1780467743580	1780467743659	OK	 
REQUEST		Search User	1780467743511	1780467743660	OK	 
REQUEST		Search User	1780467743585	1780467743660	OK	 
REQUEST		Search User	1780467743581	1780467743660	OK	 
REQUEST		Search User	1780467743581	1780467743664	OK	 
REQUEST		Search User	1780467743580	1780467743664	OK	 
REQUEST		Search User	1780467743584	1780467743664	OK	 
REQUEST		List Users	1780467743365	1780467743664	OK	 
REQUEST		Search User	1780467743590	1780467743664	OK	 
REQUEST		Search User	1780467743589	1780467743664	OK	 
REQUEST		Search User	1780467743590	1780467743666	OK	 
REQUEST		Search User	1780467743595	1780467743666	OK	 
REQUEST		Search User	1780467743595	1780467743666	OK	 
REQUEST		View Detail	1780467743698	1780467743754	OK	 
REQUEST		Search User	1780467743695	1780467743754	OK	 
REQUEST		Search User	1780467743697	1780467743754	OK	 
REQUEST		Search User	1780467743695	1780467743754	OK	 
REQUEST		Search User	1780467743698	1780467743754	OK	 
USER	Lab 06 - Browse and Search API	END	1780467743754
USER	Lab 06 - Browse and Search API	START	1780467743754
REQUEST		Search User	1780467743699	1780467743756	OK	 
REQUEST		Search User	1780467743728	1780467743779	OK	 
REQUEST		View Detail	1780467743728	1780467743794	OK	 
REQUEST		Search User	1780467743705	1780467743794	OK	 
USER	Lab 06 - Browse and Search API	END	1780467743794
USER	Lab 06 - Browse and Search API	START	1780467743795
REQUEST		Search User	1780467743721	1780467743805	OK	 
REQUEST		Search User	1780467743726	1780467743805	OK	 
REQUEST		View Detail	1780467743734	1780467743885	OK	 
REQUEST		Search User	1780467743720	1780467743884	OK	 
REQUEST		Search User	1780467743719	1780467743885	OK	 
REQUEST		Search User	1780467743735	1780467743885	OK	 
REQUEST		Search User	1780467743787	1780467743885	OK	 
REQUEST		Search User	1780467743783	1780467743885	OK	 
USER	Lab 06 - Browse and Search API	END	1780467743885
REQUEST		View Detail	1780467743790	1780467743885	OK	 
USER	Lab 06 - Browse and Search API	START	1780467743885
USER	Lab 06 - Browse and Search API	END	1780467743885
USER	Lab 06 - Browse and Search API	START	1780467743885
REQUEST		View Detail	1780467743844	1780467743983	OK	 
REQUEST		List Users	1780467743754	1780467743983	OK	 
REQUEST		Search User	1780467743890	1780467743983	OK	 
USER	Lab 06 - Browse and Search API	END	1780467743983
USER	Lab 06 - Browse and Search API	START	1780467743983
REQUEST		Search User	1780467743954	1780467744022	OK	 
REQUEST		List Users	1780467743794	1780467744027	OK	 
REQUEST		Search User	1780467743898	1780467744029	OK	 
REQUEST		Search User	1780467743991	1780467744035	OK	 
REQUEST		Search User	1780467743994	1780467744103	OK	 
REQUEST		Search User	1780467743985	1780467744103	OK	 
REQUEST		Search User	1780467743986	1780467744103	OK	 
REQUEST		List Users	1780467743885	1780467744105	OK	 
REQUEST		View Detail	1780467743994	1780467744105	OK	 
REQUEST		Search User	1780467744005	1780467744105	OK	 
USER	Lab 06 - Browse and Search API	END	1780467744105
USER	Lab 06 - Browse and Search API	START	1780467744106
REQUEST		Search User	1780467744028	1780467744149	OK	 
REQUEST		Search User	1780467744038	1780467744166	OK	 
REQUEST		Search User	1780467744023	1780467744166	OK	 
REQUEST		List Users	1780467743885	1780467744220	OK	 
REQUEST		View Detail	1780467744138	1780467744222	OK	 
REQUEST		Search User	1780467744136	1780467744222	OK	 
REQUEST		Search User	1780467744148	1780467744222	OK	 
REQUEST		Search User	1780467744139	1780467744222	OK	 
USER	Lab 06 - Browse and Search API	END	1780467744222
USER	Lab 06 - Browse and Search API	START	1780467744223
REQUEST		List Users	1780467743983	1780467744228	OK	 
REQUEST		Search User	1780467744230	1780467744357	OK	 
REQUEST		Search User	1780467744233	1780467744357	OK	 
REQUEST		Search User	1780467744233	1780467744357	OK	 
REQUEST		View Detail	1780467744178	1780467744357	OK	 
USER	Lab 06 - Browse and Search API	END	1780467744358
USER	Lab 06 - Browse and Search API	START	1780467744358
REQUEST		List Users	1780467744105	1780467744359	OK	 
REQUEST		Search User	1780467744240	1780467744362	OK	 
REQUEST		Search User	1780467744362	1780467744418	OK	 
REQUEST		Search User	1780467744358	1780467744418	OK	 
REQUEST		Search User	1780467744361	1780467744418	OK	 
REQUEST		Search User	1780467744293	1780467744418	OK	 
REQUEST		Search User	1780467744364	1780467744469	OK	 
REQUEST		Search User	1780467744288	1780467744469	OK	 
REQUEST		Search User	1780467744293	1780467744469	OK	 
REQUEST		Search User	1780467744366	1780467744470	OK	 
REQUEST		Search User	1780467744300	1780467744470	OK	 
REQUEST		Search User	1780467744327	1780467744470	OK	 
REQUEST		Search User	1780467744307	1780467744470	OK	 
REQUEST		Search User	1780467744296	1780467744470	OK	 
REQUEST		Search User	1780467744364	1780467744470	OK	 
REQUEST		Search User	1780467744369	1780467744472	OK	 
REQUEST		Search User	1780467744386	1780467744472	OK	 
REQUEST		Search User	1780467744390	1780467744472	OK	 
REQUEST		Search User	1780467744386	1780467744472	OK	 
REQUEST		Search User	1780467744387	1780467744472	OK	 
REQUEST		Search User	1780467744392	1780467744477	OK	 
REQUEST		Search User	1780467744390	1780467744477	OK	 
REQUEST		Search User	1780467744368	1780467744477	OK	 
REQUEST		View Detail	1780467744463	1780467744519	OK	 
USER	Lab 06 - Browse and Search API	END	1780467744519
USER	Lab 06 - Browse and Search API	START	1780467744520
REQUEST		List Users	1780467744222	1780467744643	OK	 
REQUEST		List Users	1780467744358	1780467744643	OK	 
REQUEST		Search User	1780467744519	1780467744643	OK	 
REQUEST		Search User	1780467744525	1780467744643	OK	 
REQUEST		Search User	1780467744602	1780467744665	OK	 
REQUEST		Search User	1780467744574	1780467744665	OK	 
REQUEST		Search User	1780467744573	1780467744668	OK	 
REQUEST		Search User	1780467744604	1780467744668	OK	 
REQUEST		Search User	1780467744613	1780467744742	OK	 
REQUEST		List Users	1780467744519	1780467744860	OK	 
REQUEST		View Detail	1780467745050	1780467745149	OK	 
USER	Lab 06 - Browse and Search API	END	1780467745150
USER	Lab 06 - Browse and Search API	START	1780467745150
REQUEST		View Detail	1780467745102	1780467745153	OK	 
USER	Lab 06 - Browse and Search API	END	1780467745153
USER	Lab 06 - Browse and Search API	START	1780467745153
REQUEST		View Detail	1780467745049	1780467745156	OK	 
USER	Lab 06 - Browse and Search API	END	1780467745157
USER	Lab 06 - Browse and Search API	START	1780467745157
REQUEST		View Detail	1780467745049	1780467745226	OK	 
USER	Lab 06 - Browse and Search API	END	1780467745227
USER	Lab 06 - Browse and Search API	START	1780467745227
REQUEST		View Detail	1780467745152	1780467745350	OK	 
REQUEST		View Detail	1780467745254	1780467745350	OK	 
USER	Lab 06 - Browse and Search API	END	1780467745350
USER	Lab 06 - Browse and Search API	END	1780467745350
USER	Lab 06 - Browse and Search API	START	1780467745350
USER	Lab 06 - Browse and Search API	START	1780467745350
REQUEST		View Detail	1780467745254	1780467745352	OK	 
USER	Lab 06 - Browse and Search API	END	1780467745352
USER	Lab 06 - Browse and Search API	START	1780467745352
REQUEST		List Users	1780467745150	1780467745354	OK	 
REQUEST		List Users	1780467745157	1780467745471	OK	 
REQUEST		List Users	1780467745227	1780467745473	OK	 
REQUEST		List Users	1780467745153	1780467745473	OK	 
REQUEST		View Detail	1780467745366	1780467745475	OK	 
REQUEST		View Detail	1780467745366	1780467745475	OK	 
REQUEST		View Detail	1780467745366	1780467745475	OK	 
REQUEST		View Detail	1780467745366	1780467745475	OK	 
USER	Lab 06 - Browse and Search API	END	1780467745475
USER	Lab 06 - Browse and Search API	END	1780467745475
USER	Lab 06 - Browse and Search API	END	1780467745475
USER	Lab 06 - Browse and Search API	END	1780467745475
USER	Lab 06 - Browse and Search API	START	1780467745475
USER	Lab 06 - Browse and Search API	START	1780467745475
USER	Lab 06 - Browse and Search API	START	1780467745475
USER	Lab 06 - Browse and Search API	START	1780467745475
REQUEST		List Users	1780467745350	1780467745710	OK	 
REQUEST		List Users	1780467745350	1780467745711	OK	 
REQUEST		List Users	1780467745352	1780467745714	OK	 
REQUEST		View Detail	1780467745607	1780467745714	OK	 
REQUEST		View Detail	1780467745606	1780467745714	OK	 
USER	Lab 06 - Browse and Search API	END	1780467745714
USER	Lab 06 - Browse and Search API	END	1780467745714
USER	Lab 06 - Browse and Search API	START	1780467745714
USER	Lab 06 - Browse and Search API	START	1780467745714
REQUEST		List Users	1780467745475	1780467745716	OK	 
REQUEST		View Detail	1780467745661	1780467745748	OK	 
REQUEST		View Detail	1780467745661	1780467745748	OK	 
REQUEST		View Detail	1780467745665	1780467745748	OK	 
USER	Lab 06 - Browse and Search API	END	1780467745749
USER	Lab 06 - Browse and Search API	END	1780467745749
USER	Lab 06 - Browse and Search API	END	1780467745749
USER	Lab 06 - Browse and Search API	START	1780467745749
USER	Lab 06 - Browse and Search API	START	1780467745749
USER	Lab 06 - Browse and Search API	START	1780467745749
REQUEST		View Detail	1780467745661	1780467745750	OK	 
USER	Lab 06 - Browse and Search API	END	1780467745751
USER	Lab 06 - Browse and Search API	START	1780467745751
REQUEST		View Detail	1780467745665	1780467745757	OK	 
REQUEST		View Detail	1780467745655	1780467745758	OK	 
REQUEST		View Detail	1780467745661	1780467745758	OK	 
REQUEST		View Detail	1780467745660	1780467745758	OK	 
REQUEST		View Detail	1780467745665	1780467745758	OK	 
USER	Lab 06 - Browse and Search API	END	1780467745758
USER	Lab 06 - Browse and Search API	END	1780467745758
USER	Lab 06 - Browse and Search API	END	1780467745758
USER	Lab 06 - Browse and Search API	END	1780467745758
USER	Lab 06 - Browse and Search API	END	1780467745758
USER	Lab 06 - Browse and Search API	START	1780467745758
USER	Lab 06 - Browse and Search API	START	1780467745758
USER	Lab 06 - Browse and Search API	START	1780467745758
USER	Lab 06 - Browse and Search API	START	1780467745758
USER	Lab 06 - Browse and Search API	START	1780467745758
REQUEST		View Detail	1780467745661	1780467745761	OK	 
REQUEST		View Detail	1780467745655	1780467745761	OK	 
USER	Lab 06 - Browse and Search API	END	1780467745761
USER	Lab 06 - Browse and Search API	END	1780467745761
USER	Lab 06 - Browse and Search API	START	1780467745761
USER	Lab 06 - Browse and Search API	START	1780467745761
REQUEST		View Detail	1780467745660	1780467745763	OK	 
REQUEST		List Users	1780467745475	1780467745763	OK	 
REQUEST		View Detail	1780467745665	1780467745763	OK	 
REQUEST		View Detail	1780467745667	1780467745763	OK	 
REQUEST		View Detail	1780467745667	1780467745763	OK	 
USER	Lab 06 - Browse and Search API	END	1780467745763
REQUEST		View Detail	1780467745665	1780467745763	OK	 
USER	Lab 06 - Browse and Search API	END	1780467745763
USER	Lab 06 - Browse and Search API	END	1780467745763
USER	Lab 06 - Browse and Search API	END	1780467745763
USER	Lab 06 - Browse and Search API	START	1780467745763
USER	Lab 06 - Browse and Search API	END	1780467745763
USER	Lab 06 - Browse and Search API	START	1780467745763
USER	Lab 06 - Browse and Search API	START	1780467745763
USER	Lab 06 - Browse and Search API	START	1780467745763
USER	Lab 06 - Browse and Search API	START	1780467745763
REQUEST		View Detail	1780467745667	1780467745765	OK	 
REQUEST		Search User	1780467745665	1780467745765	OK	 
USER	Lab 06 - Browse and Search API	END	1780467745765
USER	Lab 06 - Browse and Search API	START	1780467745765
REQUEST		List Users	1780467745475	1780467745831	OK	 
REQUEST		List Users	1780467745475	1780467745833	OK	 
REQUEST		View Detail	1780467745780	1780467745844	OK	 
USER	Lab 06 - Browse and Search API	END	1780467745845
USER	Lab 06 - Browse and Search API	START	1780467745845
REQUEST		View Detail	1780467745755	1780467745867	OK	 
USER	Lab 06 - Browse and Search API	END	1780467745867
USER	Lab 06 - Browse and Search API	START	1780467745868
REQUEST		View Detail	1780467745754	1780467745869	OK	 
USER	Lab 06 - Browse and Search API	END	1780467745870
USER	Lab 06 - Browse and Search API	START	1780467745870
REQUEST		View Detail	1780467745755	1780467745876	OK	 
USER	Lab 06 - Browse and Search API	END	1780467745877
USER	Lab 06 - Browse and Search API	START	1780467745877
REQUEST		View Detail	1780467745757	1780467745878	OK	 
REQUEST		View Detail	1780467745755	1780467745878	OK	 
USER	Lab 06 - Browse and Search API	END	1780467745878
USER	Lab 06 - Browse and Search API	END	1780467745878
USER	Lab 06 - Browse and Search API	START	1780467745878
USER	Lab 06 - Browse and Search API	START	1780467745878
REQUEST		View Detail	1780467745795	1780467745891	OK	 
USER	Lab 06 - Browse and Search API	END	1780467745892
USER	Lab 06 - Browse and Search API	START	1780467745892
REQUEST		View Detail	1780467745806	1780467745952	OK	 
REQUEST		View Detail	1780467745806	1780467745952	OK	 
USER	Lab 06 - Browse and Search API	END	1780467745952
USER	Lab 06 - Browse and Search API	END	1780467745952
USER	Lab 06 - Browse and Search API	START	1780467745953
USER	Lab 06 - Browse and Search API	START	1780467745953
REQUEST		List Users	1780467745714	1780467745965	OK	 
REQUEST		List Users	1780467745714	1780467745993	OK	 
REQUEST		View Detail	1780467745886	1780467746073	OK	 
REQUEST		View Detail	1780467745886	1780467746073	OK	 
USER	Lab 06 - Browse and Search API	END	1780467746073
USER	Lab 06 - Browse and Search API	END	1780467746073
USER	Lab 06 - Browse and Search API	START	1780467746073
USER	Lab 06 - Browse and Search API	START	1780467746073
REQUEST		List Users	1780467745761	1780467746077	OK	 
REQUEST		View Detail	1780467745886	1780467746077	OK	 
REQUEST		View Detail	1780467745886	1780467746077	OK	 
USER	Lab 06 - Browse and Search API	END	1780467746077
USER	Lab 06 - Browse and Search API	END	1780467746077
USER	Lab 06 - Browse and Search API	START	1780467746077
USER	Lab 06 - Browse and Search API	START	1780467746077
REQUEST		List Users	1780467745749	1780467746081	OK	 
REQUEST		List Users	1780467745765	1780467746081	OK	 
REQUEST		List Users	1780467745758	1780467746081	OK	 
REQUEST		List Users	1780467745763	1780467746083	OK	 
REQUEST		List Users	1780467745758	1780467746083	OK	 
REQUEST		List Users	1780467745751	1780467746085	OK	 
REQUEST		List Users	1780467745763	1780467746085	OK	 
REQUEST		List Users	1780467745758	1780467746087	OK	 
REQUEST		View Detail	1780467745886	1780467746087	OK	 
REQUEST		View Detail	1780467745983	1780467746087	OK	 
USER	Lab 06 - Browse and Search API	END	1780467746087
REQUEST		Search User	1780467745984	1780467746087	OK	 
USER	Lab 06 - Browse and Search API	END	1780467746088
USER	Lab 06 - Browse and Search API	START	1780467746088
USER	Lab 06 - Browse and Search API	START	1780467746088
REQUEST		List Users	1780467745761	1780467746089	OK	 
REQUEST		List Users	1780467745763	1780467746093	OK	 
REQUEST		List Users	1780467745749	1780467746095	OK	 
REQUEST		List Users	1780467745763	1780467746095	OK	 
REQUEST		List Users	1780467745749	1780467746098	OK	 
REQUEST		List Users	1780467745758	1780467746098	OK	 
REQUEST		List Users	1780467745763	1780467746098	OK	 
REQUEST		List Users	1780467745758	1780467746100	OK	 
REQUEST		View Detail	1780467746035	1780467746111	OK	 
REQUEST		Search User	1780467746028	1780467746111	OK	 
USER	Lab 06 - Browse and Search API	END	1780467746112
USER	Lab 06 - Browse and Search API	START	1780467746112
REQUEST		View Detail	1780467746022	1780467746117	OK	 
REQUEST		View Detail	1780467746030	1780467746117	OK	 
USER	Lab 06 - Browse and Search API	END	1780467746117
USER	Lab 06 - Browse and Search API	END	1780467746117
USER	Lab 06 - Browse and Search API	START	1780467746117
USER	Lab 06 - Browse and Search API	START	1780467746117
REQUEST		List Users	1780467745877	1780467746203	OK	 
REQUEST		List Users	1780467745870	1780467746203	OK	 
REQUEST		List Users	1780467745845	1780467746205	OK	 
REQUEST		List Users	1780467745878	1780467746205	OK	 
REQUEST		List Users	1780467745952	1780467746232	OK	 
REQUEST		List Users	1780467745868	1780467746243	OK	 
REQUEST		List Users	1780467745878	1780467746245	OK	 
REQUEST		View Detail	1780467746105	1780467746257	OK	 
REQUEST		Search User	1780467746106	1780467746257	OK	 
USER	Lab 06 - Browse and Search API	END	1780467746257
USER	Lab 06 - Browse and Search API	START	1780467746258
REQUEST		View Detail	1780467746149	1780467746313	OK	 
REQUEST		View Detail	1780467746166	1780467746313	OK	 
REQUEST		View Detail	1780467746104	1780467746313	OK	 
REQUEST		View Detail	1780467746105	1780467746313	OK	 
REQUEST		View Detail	1780467746106	1780467746313	OK	 
REQUEST		View Detail	1780467746166	1780467746313	OK	 
USER	Lab 06 - Browse and Search API	END	1780467746314
USER	Lab 06 - Browse and Search API	END	1780467746314
USER	Lab 06 - Browse and Search API	END	1780467746314
USER	Lab 06 - Browse and Search API	END	1780467746314
USER	Lab 06 - Browse and Search API	END	1780467746314
USER	Lab 06 - Browse and Search API	END	1780467746314
USER	Lab 06 - Browse and Search API	START	1780467746314
USER	Lab 06 - Browse and Search API	START	1780467746314
USER	Lab 06 - Browse and Search API	START	1780467746314
USER	Lab 06 - Browse and Search API	START	1780467746314
USER	Lab 06 - Browse and Search API	START	1780467746314
USER	Lab 06 - Browse and Search API	START	1780467746314
REQUEST		List Users	1780467745892	1780467746333	OK	 
REQUEST		Search User	1780467746221	1780467746333	OK	 
REQUEST		View Detail	1780467746223	1780467746335	OK	 
REQUEST		View Detail	1780467746223	1780467746335	OK	 
REQUEST		View Detail	1780467746223	1780467746335	OK	 
USER	Lab 06 - Browse and Search API	END	1780467746335
USER	Lab 06 - Browse and Search API	END	1780467746335
USER	Lab 06 - Browse and Search API	END	1780467746335
USER	Lab 06 - Browse and Search API	START	1780467746336
USER	Lab 06 - Browse and Search API	START	1780467746336
USER	Lab 06 - Browse and Search API	START	1780467746336
REQUEST		Search User	1780467746229	1780467746337	OK	 
REQUEST		List Users	1780467745952	1780467746339	OK	 
REQUEST		List Users	1780467746073	1780467746582	OK	 
REQUEST		List Users	1780467746073	1780467746582	OK	 
REQUEST		List Users	1780467746077	1780467746584	OK	 
REQUEST		List Users	1780467746088	1780467746584	OK	 
REQUEST		View Detail	1780467746357	1780467746603	OK	 
USER	Lab 06 - Browse and Search API	END	1780467746604
USER	Lab 06 - Browse and Search API	START	1780467746604
REQUEST		View Detail	1780467746358	1780467746676	OK	 
USER	Lab 06 - Browse and Search API	END	1780467746677
USER	Lab 06 - Browse and Search API	START	1780467746677
REQUEST		List Users	1780467746117	1780467746684	OK	 
REQUEST		List Users	1780467746088	1780467746688	OK	 
REQUEST		View Detail	1780467746358	1780467746688	OK	 
REQUEST		List Users	1780467746077	1780467746688	OK	 
USER	Lab 06 - Browse and Search API	END	1780467746688
USER	Lab 06 - Browse and Search API	START	1780467746688
REQUEST		View Detail	1780467746419	1780467746690	OK	 
REQUEST		View Detail	1780467746419	1780467746690	OK	 
REQUEST		View Detail	1780467746363	1780467746690	OK	 
REQUEST		View Detail	1780467746419	1780467746690	OK	 
REQUEST		Search User	1780467746360	1780467746690	OK	 
USER	Lab 06 - Browse and Search API	END	1780467746690
USER	Lab 06 - Browse and Search API	END	1780467746690
USER	Lab 06 - Browse and Search API	END	1780467746690
USER	Lab 06 - Browse and Search API	END	1780467746690
USER	Lab 06 - Browse and Search API	START	1780467746690
USER	Lab 06 - Browse and Search API	START	1780467746690
USER	Lab 06 - Browse and Search API	START	1780467746690
USER	Lab 06 - Browse and Search API	START	1780467746690
REQUEST		View Detail	1780467746420	1780467746696	OK	 
REQUEST		View Detail	1780467746472	1780467746696	OK	 
REQUEST		View Detail	1780467746470	1780467746696	OK	 
REQUEST		View Detail	1780467746470	1780467746696	OK	 
REQUEST		View Detail	1780467746470	1780467746696	OK	 
REQUEST		View Detail	1780467746470	1780467746696	OK	 
USER	Lab 06 - Browse and Search API	END	1780467746696
USER	Lab 06 - Browse and Search API	END	1780467746696
USER	Lab 06 - Browse and Search API	END	1780467746696
USER	Lab 06 - Browse and Search API	END	1780467746696
USER	Lab 06 - Browse and Search API	END	1780467746696
USER	Lab 06 - Browse and Search API	END	1780467746696
USER	Lab 06 - Browse and Search API	START	1780467746696
USER	Lab 06 - Browse and Search API	START	1780467746696
USER	Lab 06 - Browse and Search API	START	1780467746696
USER	Lab 06 - Browse and Search API	START	1780467746696
USER	Lab 06 - Browse and Search API	START	1780467746696
USER	Lab 06 - Browse and Search API	START	1780467746696
REQUEST		View Detail	1780467746473	1780467746697	OK	 
REQUEST		View Detail	1780467746470	1780467746697	OK	 
REQUEST		View Detail	1780467746478	1780467746697	OK	 
REQUEST		View Detail	1780467746473	1780467746697	OK	 
REQUEST		View Detail	1780467746470	1780467746697	OK	 
REQUEST		View Detail	1780467746477	1780467746697	OK	 
REQUEST		View Detail	1780467746472	1780467746697	OK	 
REQUEST		View Detail	1780467746473	1780467746697	OK	 
REQUEST		View Detail	1780467746470	1780467746697	OK	 
USER	Lab 06 - Browse and Search API	END	1780467746697
USER	Lab 06 - Browse and Search API	END	1780467746697
USER	Lab 06 - Browse and Search API	END	1780467746697
USER	Lab 06 - Browse and Search API	END	1780467746697
USER	Lab 06 - Browse and Search API	END	1780467746697
USER	Lab 06 - Browse and Search API	END	1780467746697
USER	Lab 06 - Browse and Search API	END	1780467746697
USER	Lab 06 - Browse and Search API	END	1780467746697
USER	Lab 06 - Browse and Search API	END	1780467746697
USER	Lab 06 - Browse and Search API	START	1780467746697
USER	Lab 06 - Browse and Search API	START	1780467746697
USER	Lab 06 - Browse and Search API	START	1780467746697
USER	Lab 06 - Browse and Search API	START	1780467746697
USER	Lab 06 - Browse and Search API	START	1780467746697
USER	Lab 06 - Browse and Search API	START	1780467746697
USER	Lab 06 - Browse and Search API	START	1780467746697
USER	Lab 06 - Browse and Search API	START	1780467746697
USER	Lab 06 - Browse and Search API	START	1780467746697
REQUEST		View Detail	1780467746473	1780467746699	OK	 
REQUEST		View Detail	1780467746477	1780467746699	OK	 
REQUEST		View Detail	1780467746473	1780467746699	OK	 
USER	Lab 06 - Browse and Search API	END	1780467746699
USER	Lab 06 - Browse and Search API	END	1780467746699
USER	Lab 06 - Browse and Search API	END	1780467746699
USER	Lab 06 - Browse and Search API	START	1780467746699
USER	Lab 06 - Browse and Search API	START	1780467746699
USER	Lab 06 - Browse and Search API	START	1780467746699
REQUEST		List Users	1780467746112	1780467746722	OK	 
REQUEST		View Detail	1780467746644	1780467746821	OK	 
REQUEST		View Detail	1780467746668	1780467746822	OK	 
USER	Lab 06 - Browse and Search API	END	1780467746822
USER	Lab 06 - Browse and Search API	END	1780467746822
USER	Lab 06 - Browse and Search API	START	1780467746822
USER	Lab 06 - Browse and Search API	START	1780467746822
REQUEST		View Detail	1780467746644	1780467746828	OK	 
REQUEST		View Detail	1780467746666	1780467746828	OK	 
REQUEST		List Users	1780467746314	1780467746828	OK	 
USER	Lab 06 - Browse and Search API	END	1780467746828
USER	Lab 06 - Browse and Search API	END	1780467746828
USER	Lab 06 - Browse and Search API	START	1780467746828
USER	Lab 06 - Browse and Search API	START	1780467746828
REQUEST		List Users	1780467746258	1780467746832	OK	 
REQUEST		View Detail	1780467746669	1780467746832	OK	 
REQUEST		List Users	1780467746314	1780467746832	OK	 
USER	Lab 06 - Browse and Search API	END	1780467746833
REQUEST		View Detail	1780467746670	1780467746833	OK	 
USER	Lab 06 - Browse and Search API	END	1780467746833
USER	Lab 06 - Browse and Search API	START	1780467746833
USER	Lab 06 - Browse and Search API	START	1780467746833
REQUEST		List Users	1780467746314	1780467746834	OK	 
REQUEST		Search User	1780467746644	1780467746834	OK	 
REQUEST		Search User	1780467746645	1780467746834	OK	 
REQUEST		List Users	1780467746314	1780467746836	OK	 
REQUEST		List Users	1780467746314	1780467746890	OK	 
REQUEST		View Detail	1780467746743	1780467746952	OK	 
USER	Lab 06 - Browse and Search API	END	1780467746952
USER	Lab 06 - Browse and Search API	START	1780467746952
REQUEST		List Users	1780467746335	1780467747062	OK	 
REQUEST		List Users	1780467746696	1780467747167	OK	 
REQUEST		List Users	1780467746699	1780467747246	OK	 
REQUEST		List Users	1780467746697	1780467747251	OK	 
REQUEST		List Users	1780467746697	1780467747266	OK	 
REQUEST		List Users	1780467746697	1780467747268	OK	 
REQUEST		List Users	1780467746697	1780467747273	OK	 
REQUEST		List Users	1780467746697	1780467747278	OK	 
REQUEST		List Users	1780467746697	1780467747286	OK	 
REQUEST		List Users	1780467746696	1780467747345	OK	 
REQUEST		List Users	1780467746697	1780467747349	OK	 
REQUEST		List Users	1780467746117	1780467747351	OK	 
REQUEST		List Users	1780467746690	1780467747359	OK	 
REQUEST		List Users	1780467746697	1780467747361	OK	 
REQUEST		List Users	1780467746688	1780467747363	OK	 
REQUEST		List Users	1780467746696	1780467747368	OK	 
REQUEST		List Users	1780467746677	1780467747368	OK	 
REQUEST		List Users	1780467746690	1780467747372	OK	 
REQUEST		List Users	1780467746696	1780467747377	OK	 
REQUEST		List Users	1780467746697	1780467747384	OK	 
REQUEST		List Users	1780467746696	1780467747384	OK	 
REQUEST		Search User	1780467746861	1780467747384	OK	 
REQUEST		List Users	1780467746822	1780467747448	OK	 
REQUEST		List Users	1780467746314	1780467747448	OK	 
REQUEST		Search User	1780467747356	1780467747448	OK	 
REQUEST		List Users	1780467746822	1780467747464	OK	 
REQUEST		List Users	1780467746336	1780467747539	OK	 
REQUEST		List Users	1780467746952	1780467747539	OK	 
REQUEST		List Users	1780467746690	1780467747541	OK	 
REQUEST		List Users	1780467746336	1780467747543	OK	 
REQUEST		List Users	1780467746696	1780467747549	OK	 
REQUEST		List Users	1780467746690	1780467747558	OK	 
REQUEST		Search User	1780467747472	1780467747558	OK	 
REQUEST		List Users	1780467746604	1780467747576	OK	 
REQUEST		Search User	1780467747473	1780467747580	OK	 
REQUEST		List Users	1780467746699	1780467747582	OK	 
REQUEST		List Users	1780467746699	1780467747582	OK	 
REQUEST		Search User	1780467747474	1780467747582	OK	 
REQUEST		Search User	1780467747711	1780467747795	OK	 
REQUEST		Search User	1780467747712	1780467747795	OK	 
REQUEST		Search User	1780467747714	1780467747797	OK	 
REQUEST		Search User	1780467747716	1780467747797	OK	 
REQUEST		Search User	1780467747764	1780467747858	OK	 
REQUEST		View Detail	1780467747766	1780467747932	OK	 
USER	Lab 06 - Browse and Search API	END	1780467747932
USER	Lab 06 - Browse and Search API	START	1780467747933
REQUEST		Search User	1780467747833	1780467747943	OK	 
REQUEST		Search User	1780467747834	1780467747943	OK	 
REQUEST		List Users	1780467746833	1780467748183	OK	 
REQUEST		Search User	1780467747994	1780467748185	OK	 
REQUEST		Search User	1780467747967	1780467748185	OK	 
REQUEST		Search User	1780467748078	1780467748187	OK	 
REQUEST		List Users	1780467746828	1780467748190	OK	 
REQUEST		Search User	1780467748082	1780467748192	OK	 
REQUEST		List Users	1780467746833	1780467748194	OK	 
REQUEST		Search User	1780467748083	1780467748194	OK	 
REQUEST		Search User	1780467748087	1780467748194	OK	 
REQUEST		Search User	1780467748085	1780467748194	OK	 
REQUEST		Search User	1780467748086	1780467748196	OK	 
REQUEST		Search User	1780467748082	1780467748196	OK	 
REQUEST		Search User	1780467748085	1780467748198	OK	 
REQUEST		List Users	1780467746828	1780467748200	OK	 
REQUEST		View Detail	1780467748089	1780467748200	OK	 
REQUEST		Search User	1780467748088	1780467748200	OK	 
REQUEST		Search User	1780467748099	1780467748200	OK	 
USER	Lab 06 - Browse and Search API	END	1780467748200
USER	Lab 06 - Browse and Search API	START	1780467748201
REQUEST		Search User	1780467748096	1780467748202	OK	 
REQUEST		Search User	1780467748099	1780467748202	OK	 
REQUEST		Search User	1780467748095	1780467748202	OK	 
REQUEST		Search User	1780467748096	1780467748202	OK	 
REQUEST		Search User	1780467748090	1780467748208	OK	 
REQUEST		Search User	1780467748099	1780467748208	OK	 
REQUEST		Search User	1780467748101	1780467748208	OK	 
REQUEST		View Detail	1780467748112	1780467748226	OK	 
USER	Lab 06 - Browse and Search API	END	1780467748226
USER	Lab 06 - Browse and Search API	START	1780467748226
REQUEST		List Users	1780467747932	1780467748317	OK	 
REQUEST		Search User	1780467748204	1780467748318	OK	 
REQUEST		Search User	1780467748206	1780467748327	OK	 
REQUEST		Search User	1780467748206	1780467748327	OK	 
REQUEST		Search User	1780467748204	1780467748327	OK	 
REQUEST		Search User	1780467748234	1780467748343	OK	 
REQUEST		View Detail	1780467748258	1780467748376	OK	 
USER	Lab 06 - Browse and Search API	END	1780467748376
USER	Lab 06 - Browse and Search API	START	1780467748377
REQUEST		View Detail	1780467748338	1780467748448	OK	 
REQUEST		View Detail	1780467748334	1780467748448	OK	 
REQUEST		Search User	1780467748244	1780467748447	OK	 
REQUEST		Search User	1780467748334	1780467748448	OK	 
REQUEST		Search User	1780467748246	1780467748447	OK	 
USER	Lab 06 - Browse and Search API	END	1780467748448
USER	Lab 06 - Browse and Search API	END	1780467748448
USER	Lab 06 - Browse and Search API	START	1780467748448
USER	Lab 06 - Browse and Search API	START	1780467748448
REQUEST		List Users	1780467748201	1780467748509	OK	 
REQUEST		Search User	1780467748340	1780467748509	OK	 
REQUEST		List Users	1780467748226	1780467748610	OK	 
REQUEST		Search User	1780467748585	1780467748715	OK	 
REQUEST		List Users	1780467748448	1780467748718	OK	 
REQUEST		Search User	1780467748584	1780467748729	OK	 
REQUEST		Search User	1780467748585	1780467748729	OK	 
REQUEST		List Users	1780467748376	1780467748757	OK	 
REQUEST		Search User	1780467748584	1780467748762	OK	 
REQUEST		List Users	1780467748448	1780467748853	OK	 
REQUEST		Search User	1780467748685	1780467748890	OK	 
REQUEST		Search User	1780467748689	1780467749001	OK	 
REQUEST		Search User	1780467748688	1780467749008	OK	 
REQUEST		View Detail	1780467748691	1780467749010	OK	 
USER	Lab 06 - Browse and Search API	END	1780467749011
USER	Lab 06 - Browse and Search API	START	1780467749011
REQUEST		Search User	1780467748833	1780467749149	OK	 
REQUEST		Search User	1780467748836	1780467749153	OK	 
REQUEST		Search User	1780467748838	1780467749155	OK	 
REQUEST		View Detail	1780467748836	1780467749159	OK	 
REQUEST		Search User	1780467748834	1780467749159	OK	 
REQUEST		Search User	1780467748829	1780467749159	OK	 
USER	Lab 06 - Browse and Search API	END	1780467749159
USER	Lab 06 - Browse and Search API	START	1780467749159
REQUEST		View Detail	1780467748836	1780467749161	OK	 
REQUEST		Search User	1780467748723	1780467749161	OK	 
USER	Lab 06 - Browse and Search API	END	1780467749161
USER	Lab 06 - Browse and Search API	START	1780467749161
REQUEST		Search User	1780467748891	1780467749163	OK	 
REQUEST		Search User	1780467749063	1780467749251	OK	 
REQUEST		Search User	1780467749167	1780467749291	OK	 
REQUEST		Search User	1780467749267	1780467749378	OK	 
REQUEST		Search User	1780467749252	1780467749378	OK	 
REQUEST		Search User	1780467749270	1780467749378	OK	 
REQUEST		Search User	1780467749247	1780467749378	OK	 
REQUEST		Search User	1780467749275	1780467749380	OK	 
REQUEST		Search User	1780467749287	1780467749380	OK	 
REQUEST		Search User	1780467749279	1780467749380	OK	 
REQUEST		Search User	1780467749351	1780467749423	OK	 
REQUEST		Search User	1780467749346	1780467749423	OK	 
REQUEST		Search User	1780467749363	1780467749423	OK	 
REQUEST		Search User	1780467749369	1780467749423	OK	 
REQUEST		Search User	1780467749369	1780467749423	OK	 
REQUEST		Search User	1780467749360	1780467749423	OK	 
REQUEST		Search User	1780467749364	1780467749423	OK	 
REQUEST		Search User	1780467749352	1780467749423	OK	 
REQUEST		List Users	1780467749011	1780467749593	OK	 
REQUEST		Search User	1780467749385	1780467749593	OK	 
REQUEST		Search User	1780467749378	1780467749593	OK	 
REQUEST		Search User	1780467749541	1780467750094	OK	 
REQUEST		Search User	1780467749541	1780467750239	OK	 
REQUEST		View Detail	1780467749385	1780467750318	OK	 
USER	Lab 06 - Browse and Search API	END	1780467750319
USER	Lab 06 - Browse and Search API	START	1780467750319
REQUEST		Search User	1780467749545	1780467750409	OK	 
REQUEST		Search User	1780467749542	1780467750409	OK	 
REQUEST		Search User	1780467749550	1780467750604	OK	 
REQUEST		View Detail	1780467749559	1780467750678	OK	 
USER	Lab 06 - Browse and Search API	END	1780467750678
USER	Lab 06 - Browse and Search API	START	1780467750678
REQUEST		Search User	1780467749559	1780467750874	OK	 
REQUEST		View Detail	1780467749580	1780467751010	OK	 
REQUEST		Search User	1780467749577	1780467751010	OK	 
USER	Lab 06 - Browse and Search API	END	1780467751010
USER	Lab 06 - Browse and Search API	START	1780467751011
REQUEST		Search User	1780467749582	1780467751187	OK	 
REQUEST		View Detail	1780467749583	1780467751203	OK	 
USER	Lab 06 - Browse and Search API	END	1780467751203
USER	Lab 06 - Browse and Search API	START	1780467751203
REQUEST		Search User	1780467749583	1780467751229	OK	 
REQUEST		View Detail	1780467749449	1780467751265	OK	 
USER	Lab 06 - Browse and Search API	END	1780467751265
USER	Lab 06 - Browse and Search API	START	1780467751266
REQUEST		View Detail	1780467749796	1780467751300	OK	 
USER	Lab 06 - Browse and Search API	END	1780467751300
USER	Lab 06 - Browse and Search API	START	1780467751300
REQUEST		View Detail	1780467749796	1780467751355	OK	 
USER	Lab 06 - Browse and Search API	END	1780467751355
USER	Lab 06 - Browse and Search API	START	1780467751355
REQUEST		View Detail	1780467749798	1780467751375	OK	 
USER	Lab 06 - Browse and Search API	END	1780467751376
USER	Lab 06 - Browse and Search API	START	1780467751376
REQUEST		View Detail	1780467749798	1780467751425	OK	 
USER	Lab 06 - Browse and Search API	END	1780467751425
USER	Lab 06 - Browse and Search API	START	1780467751426
REQUEST		View Detail	1780467749859	1780467751624	OK	 
USER	Lab 06 - Browse and Search API	END	1780467751625
USER	Lab 06 - Browse and Search API	START	1780467751625
REQUEST		View Detail	1780467751425	1780467753297	OK	 
USER	Lab 06 - Browse and Search API	END	1780467753297
USER	Lab 06 - Browse and Search API	START	1780467753298
REQUEST		View Detail	1780467751425	1780467753302	OK	 
USER	Lab 06 - Browse and Search API	END	1780467753302
USER	Lab 06 - Browse and Search API	START	1780467753302
REQUEST		View Detail	1780467751425	1780467753477	OK	 
REQUEST		View Detail	1780467751424	1780467753477	OK	 
REQUEST		View Detail	1780467751425	1780467753477	OK	 
REQUEST		View Detail	1780467751425	1780467753477	OK	 
REQUEST		View Detail	1780467751253	1780467753477	OK	 
USER	Lab 06 - Browse and Search API	END	1780467753477
USER	Lab 06 - Browse and Search API	END	1780467753477
USER	Lab 06 - Browse and Search API	END	1780467753477
USER	Lab 06 - Browse and Search API	END	1780467753477
USER	Lab 06 - Browse and Search API	END	1780467753478
USER	Lab 06 - Browse and Search API	START	1780467753478
USER	Lab 06 - Browse and Search API	START	1780467753478
USER	Lab 06 - Browse and Search API	START	1780467753478
USER	Lab 06 - Browse and Search API	START	1780467753478
USER	Lab 06 - Browse and Search API	START	1780467753478
REQUEST		View Detail	1780467751424	1780467753508	OK	 
USER	Lab 06 - Browse and Search API	END	1780467753509
USER	Lab 06 - Browse and Search API	START	1780467753509
REQUEST		View Detail	1780467751426	1780467753584	OK	 
REQUEST		View Detail	1780467750892	1780467753584	OK	 
USER	Lab 06 - Browse and Search API	END	1780467753585
REQUEST		Search User	1780467750510	1780467753584	OK	 
USER	Lab 06 - Browse and Search API	END	1780467753585
USER	Lab 06 - Browse and Search API	START	1780467753585
USER	Lab 06 - Browse and Search API	START	1780467753585
REQUEST		View Detail	1780467751292	1780467753592	OK	 
USER	Lab 06 - Browse and Search API	END	1780467753593
REQUEST		Search User	1780467750719	1780467753592	OK	 
USER	Lab 06 - Browse and Search API	START	1780467753593
REQUEST		View Detail	1780467750448	1780467753605	OK	 
REQUEST		Search User	1780467750611	1780467753605	OK	 
USER	Lab 06 - Browse and Search API	END	1780467753605
USER	Lab 06 - Browse and Search API	START	1780467753605
REQUEST		List Users	1780467749161	1780467753610	OK	 
REQUEST		Search User	1780467750758	1780467753611	OK	 
REQUEST		View Detail	1780467750510	1780467753611	OK	 
USER	Lab 06 - Browse and Search API	END	1780467753611
USER	Lab 06 - Browse and Search API	START	1780467753611
REQUEST		View Detail	1780467751595	1780467753613	OK	 
REQUEST		View Detail	1780467750449	1780467753613	OK	 
USER	Lab 06 - Browse and Search API	END	1780467753613
USER	Lab 06 - Browse and Search API	END	1780467753613
USER	Lab 06 - Browse and Search API	START	1780467753613
USER	Lab 06 - Browse and Search API	START	1780467753613
REQUEST		View Detail	1780467751594	1780467753616	OK	 
USER	Lab 06 - Browse and Search API	END	1780467753617
USER	Lab 06 - Browse and Search API	START	1780467753617
REQUEST		View Detail	1780467752095	1780467753650	OK	 
REQUEST		Search User	1780467750854	1780467753650	OK	 
USER	Lab 06 - Browse and Search API	END	1780467753650
USER	Lab 06 - Browse and Search API	START	1780467753651
REQUEST		Search User	1780467751595	1780467753658	OK	 
REQUEST		Search User	1780467749465	1780467753672	OK	 
REQUEST		View Detail	1780467751002	1780467753677	OK	 
USER	Lab 06 - Browse and Search API	END	1780467753677
USER	Lab 06 - Browse and Search API	START	1780467753677
REQUEST		View Detail	1780467752240	1780467753873	OK	 
USER	Lab 06 - Browse and Search API	END	1780467753874
USER	Lab 06 - Browse and Search API	START	1780467753874
REQUEST		View Detail	1780467751155	1780467753877	OK	 
REQUEST		View Detail	1780467751380	1780467753877	OK	 
USER	Lab 06 - Browse and Search API	END	1780467753877
USER	Lab 06 - Browse and Search API	END	1780467753877
USER	Lab 06 - Browse and Search API	START	1780467753877
USER	Lab 06 - Browse and Search API	START	1780467753877
REQUEST		View Detail	1780467751161	1780467753886	OK	 
USER	Lab 06 - Browse and Search API	END	1780467753886
USER	Lab 06 - Browse and Search API	START	1780467753886
REQUEST		View Detail	1780467751010	1780467753893	OK	 
REQUEST		View Detail	1780467751157	1780467753893	OK	 
REQUEST		View Detail	1780467751160	1780467753893	OK	 
USER	Lab 06 - Browse and Search API	END	1780467753893
USER	Lab 06 - Browse and Search API	END	1780467753893
USER	Lab 06 - Browse and Search API	END	1780467753893
USER	Lab 06 - Browse and Search API	START	1780467753893
USER	Lab 06 - Browse and Search API	START	1780467753893
USER	Lab 06 - Browse and Search API	START	1780467753893
REQUEST		View Detail	1780467751380	1780467753905	OK	 
REQUEST		View Detail	1780467751380	1780467753905	OK	 
USER	Lab 06 - Browse and Search API	END	1780467753905
USER	Lab 06 - Browse and Search API	END	1780467753905
USER	Lab 06 - Browse and Search API	START	1780467753905
USER	Lab 06 - Browse and Search API	START	1780467753905
REQUEST		View Detail	1780467751380	1780467753911	OK	 
REQUEST		View Detail	1780467750449	1780467753911	OK	 
USER	Lab 06 - Browse and Search API	END	1780467753911
USER	Lab 06 - Browse and Search API	END	1780467753911
USER	Lab 06 - Browse and Search API	START	1780467753911
USER	Lab 06 - Browse and Search API	START	1780467753912
REQUEST		View Detail	1780467751381	1780467753955	OK	 
USER	Lab 06 - Browse and Search API	END	1780467753955
USER	Lab 06 - Browse and Search API	START	1780467753956
REQUEST		View Detail	1780467751382	1780467753959	OK	 
USER	Lab 06 - Browse and Search API	END	1780467753959
USER	Lab 06 - Browse and Search API	START	1780467753959
REQUEST		View Detail	1780467751150	1780467753965	OK	 
USER	Lab 06 - Browse and Search API	END	1780467753965
USER	Lab 06 - Browse and Search API	START	1780467753965
REQUEST		View Detail	1780467751381	1780467753967	OK	 
USER	Lab 06 - Browse and Search API	END	1780467753967
USER	Lab 06 - Browse and Search API	START	1780467753967
REQUEST		View Detail	1780467750742	1780467753981	OK	 
REQUEST		View Detail	1780467752410	1780467753981	OK	 
REQUEST		View Detail	1780467749944	1780467753982	OK	 
USER	Lab 06 - Browse and Search API	END	1780467753982
USER	Lab 06 - Browse and Search API	END	1780467753982
USER	Lab 06 - Browse and Search API	END	1780467753982
USER	Lab 06 - Browse and Search API	START	1780467753982
USER	Lab 06 - Browse and Search API	START	1780467753982
USER	Lab 06 - Browse and Search API	START	1780467753982
REQUEST		View Detail	1780467751164	1780467753986	OK	 
USER	Lab 06 - Browse and Search API	END	1780467753986
USER	Lab 06 - Browse and Search API	START	1780467753986
REQUEST		Search User	1780467749449	1780467753991	OK	 
REQUEST		View Detail	1780467751163	1780467753993	OK	 
USER	Lab 06 - Browse and Search API	END	1780467753994
USER	Lab 06 - Browse and Search API	START	1780467753994
REQUEST		View Detail	1780467752410	1780467754001	OK	 
USER	Lab 06 - Browse and Search API	END	1780467754001
USER	Lab 06 - Browse and Search API	START	1780467754001
REQUEST		View Detail	1780467749944	1780467754007	OK	 
USER	Lab 06 - Browse and Search API	END	1780467754007
USER	Lab 06 - Browse and Search API	START	1780467754007
REQUEST		View Detail	1780467750716	1780467754010	OK	 
REQUEST		Search User	1780467749385	1780467754010	OK	 
USER	Lab 06 - Browse and Search API	END	1780467754010
USER	Lab 06 - Browse and Search API	START	1780467754010
REQUEST		View Detail	1780467750742	1780467754013	OK	 
USER	Lab 06 - Browse and Search API	END	1780467754013
USER	Lab 06 - Browse and Search API	START	1780467754014
REQUEST		View Detail	1780467750764	1780467754019	OK	 
USER	Lab 06 - Browse and Search API	END	1780467754019
USER	Lab 06 - Browse and Search API	START	1780467754019
REQUEST		Search User	1780467750184	1780467754064	OK	 
REQUEST		View Detail	1780467750188	1780467754066	OK	 
USER	Lab 06 - Browse and Search API	END	1780467754067
USER	Lab 06 - Browse and Search API	START	1780467754067
REQUEST		View Detail	1780467750344	1780467754083	OK	 
REQUEST		View Detail	1780467750198	1780467754083	OK	 
USER	Lab 06 - Browse and Search API	END	1780467754083
REQUEST		View Detail	1780467750193	1780467754083	OK	 
USER	Lab 06 - Browse and Search API	END	1780467754083
REQUEST		View Detail	1780467750197	1780467754083	OK	 
REQUEST		Search User	1780467750196	1780467754083	OK	 
REQUEST		View Detail	1780467750195	1780467754083	OK	 
REQUEST		View Detail	1780467750194	1780467754083	OK	 
REQUEST		View Detail	1780467750198	1780467754083	OK	 
USER	Lab 06 - Browse and Search API	END	1780467754083
USER	Lab 06 - Browse and Search API	END	1780467754083
USER	Lab 06 - Browse and Search API	END	1780467754083
USER	Lab 06 - Browse and Search API	END	1780467754083
USER	Lab 06 - Browse and Search API	START	1780467754083
USER	Lab 06 - Browse and Search API	START	1780467754083
USER	Lab 06 - Browse and Search API	START	1780467754083
USER	Lab 06 - Browse and Search API	START	1780467754083
USER	Lab 06 - Browse and Search API	START	1780467754083
USER	Lab 06 - Browse and Search API	END	1780467754083
USER	Lab 06 - Browse and Search API	START	1780467754083
USER	Lab 06 - Browse and Search API	START	1780467754083
REQUEST		View Detail	1780467750203	1780467754085	OK	 
REQUEST		View Detail	1780467750195	1780467754085	OK	 
USER	Lab 06 - Browse and Search API	END	1780467754085
USER	Lab 06 - Browse and Search API	END	1780467754085
USER	Lab 06 - Browse and Search API	START	1780467754085
USER	Lab 06 - Browse and Search API	START	1780467754085
REQUEST		View Detail	1780467752606	1780467754086	OK	 
REQUEST		View Detail	1780467750208	1780467754086	OK	 
USER	Lab 06 - Browse and Search API	END	1780467754086
USER	Lab 06 - Browse and Search API	END	1780467754086
USER	Lab 06 - Browse and Search API	START	1780467754086
USER	Lab 06 - Browse and Search API	START	1780467754086
REQUEST		View Detail	1780467750201	1780467754093	OK	 
USER	Lab 06 - Browse and Search API	END	1780467754093
USER	Lab 06 - Browse and Search API	START	1780467754093
REQUEST		View Detail	1780467750319	1780467754095	OK	 
REQUEST		View Detail	1780467750201	1780467754095	OK	 
REQUEST		View Detail	1780467750204	1780467754095	OK	 
USER	Lab 06 - Browse and Search API	END	1780467754095
REQUEST		View Detail	1780467750327	1780467754095	OK	 
REQUEST		View Detail	1780467750328	1780467754095	OK	 
USER	Lab 06 - Browse and Search API	END	1780467754095
USER	Lab 06 - Browse and Search API	END	1780467754095
USER	Lab 06 - Browse and Search API	END	1780467754095
USER	Lab 06 - Browse and Search API	END	1780467754095
USER	Lab 06 - Browse and Search API	START	1780467754095
USER	Lab 06 - Browse and Search API	START	1780467754095
USER	Lab 06 - Browse and Search API	START	1780467754095
USER	Lab 06 - Browse and Search API	START	1780467754095
USER	Lab 06 - Browse and Search API	START	1780467754095
REQUEST		View Detail	1780467750209	1780467754099	OK	 
REQUEST		View Detail	1780467750204	1780467754099	OK	 
USER	Lab 06 - Browse and Search API	END	1780467754099
REQUEST		View Detail	1780467750328	1780467754099	OK	 
REQUEST		View Detail	1780467750208	1780467754099	OK	 
USER	Lab 06 - Browse and Search API	END	1780467754099
REQUEST		View Detail	1780467750204	1780467754099	OK	 
REQUEST		Search User	1780467749373	1780467754099	OK	 
USER	Lab 06 - Browse and Search API	END	1780467754099
USER	Lab 06 - Browse and Search API	END	1780467754099
USER	Lab 06 - Browse and Search API	START	1780467754099
USER	Lab 06 - Browse and Search API	START	1780467754099
USER	Lab 06 - Browse and Search API	END	1780467754099
USER	Lab 06 - Browse and Search API	START	1780467754099
USER	Lab 06 - Browse and Search API	START	1780467754099
USER	Lab 06 - Browse and Search API	START	1780467754100
REQUEST		Search User	1780467750319	1780467754108	OK	 
REQUEST		View Detail	1780467752875	1780467754116	OK	 
USER	Lab 06 - Browse and Search API	END	1780467754116
USER	Lab 06 - Browse and Search API	START	1780467754117
REQUEST		View Detail	1780467750187	1780467754118	OK	 
USER	Lab 06 - Browse and Search API	END	1780467754118
USER	Lab 06 - Browse and Search API	START	1780467754119
REQUEST		Search User	1780467750191	1780467754132	OK	 
REQUEST		Search User	1780467749449	1780467754132	OK	 
REQUEST		View Detail	1780467750186	1780467754139	OK	 
USER	Lab 06 - Browse and Search API	END	1780467754139
USER	Lab 06 - Browse and Search API	START	1780467754139
REQUEST		View Detail	1780467753012	1780467754153	OK	 
REQUEST		Search User	1780467750201	1780467754153	OK	 
USER	Lab 06 - Browse and Search API	END	1780467754153
USER	Lab 06 - Browse and Search API	START	1780467754153
REQUEST		View Detail	1780467753188	1780467754165	OK	 
USER	Lab 06 - Browse and Search API	END	1780467754165
USER	Lab 06 - Browse and Search API	START	1780467754165
REQUEST		View Detail	1780467753230	1780467754171	OK	 
USER	Lab 06 - Browse and Search API	END	1780467754171
USER	Lab 06 - Browse and Search API	START	1780467754171
REQUEST		List Users	1780467749159	1780467754428	OK	 
REQUEST		List Users	1780467751010	1780467755199	OK	 
REQUEST		List Users	1780467751203	1780467755363	OK	 
REQUEST		List Users	1780467751265	1780467755454	OK	 
REQUEST		List Users	1780467751300	1780467755541	OK	 
REQUEST		List Users	1780467751355	1780467755549	OK	 
REQUEST		List Users	1780467751425	1780467755554	OK	 
REQUEST		List Users	1780467751376	1780467755556	OK	 
REQUEST		List Users	1780467751625	1780467755703	OK	 
REQUEST		List Users	1780467753302	1780467755810	OK	 
REQUEST		List Users	1780467750319	1780467755812	OK	 
REQUEST		List Users	1780467753298	1780467755846	OK	 
REQUEST		List Users	1780467753478	1780467755846	OK	 
REQUEST		List Users	1780467753478	1780467755848	OK	 
REQUEST		List Users	1780467753478	1780467755848	OK	 
REQUEST		List Users	1780467753478	1780467755850	OK	 
REQUEST		List Users	1780467753478	1780467755872	OK	 
REQUEST		List Users	1780467753585	1780467755876	OK	 
REQUEST		List Users	1780467753593	1780467755879	OK	 
REQUEST		List Users	1780467753585	1780467755882	OK	 
REQUEST		List Users	1780467753605	1780467755882	OK	 
REQUEST		List Users	1780467753509	1780467755906	OK	 
REQUEST		List Users	1780467753611	1780467755946	OK	 
REQUEST		List Users	1780467753613	1780467755951	OK	 
REQUEST		List Users	1780467753613	1780467755954	OK	 
REQUEST		List Users	1780467753651	1780467756016	OK	 
REQUEST		List Users	1780467753617	1780467756033	OK	 
REQUEST		List Users	1780467753982	1780467756035	OK	 
REQUEST		List Users	1780467750678	1780467756037	OK	 
REQUEST		List Users	1780467753893	1780467756037	OK	 
REQUEST		List Users	1780467753874	1780467756037	OK	 
REQUEST		List Users	1780467753886	1780467756039	OK	 
REQUEST		List Users	1780467753677	1780467756042	OK	 
REQUEST		List Users	1780467753877	1780467756042	OK	 
REQUEST		List Users	1780467753877	1780467756044	OK	 
REQUEST		List Users	1780467753893	1780467756051	OK	 
REQUEST		List Users	1780467753905	1780467756053	OK	 
REQUEST		List Users	1780467753905	1780467756068	OK	 
REQUEST		List Users	1780467753893	1780467756069	OK	 
REQUEST		List Users	1780467753959	1780467756071	OK	 
REQUEST		List Users	1780467753965	1780467756071	OK	 
REQUEST		List Users	1780467753967	1780467756074	OK	 
REQUEST		List Users	1780467753911	1780467756082	OK	 
REQUEST		List Users	1780467753911	1780467756084	OK	 
REQUEST		List Users	1780467753955	1780467756087	OK	 
REQUEST		List Users	1780467753982	1780467756142	OK	 
REQUEST		List Users	1780467753982	1780467756142	OK	 
REQUEST		View Detail	1780467755586	1780467756151	OK	 
REQUEST		View Detail	1780467755606	1780467756151	OK	 
REQUEST		View Detail	1780467755593	1780467756151	OK	 
USER	Lab 06 - Browse and Search API	END	1780467756151
USER	Lab 06 - Browse and Search API	END	1780467756151
USER	Lab 06 - Browse and Search API	END	1780467756151
USER	Lab 06 - Browse and Search API	START	1780467756152
USER	Lab 06 - Browse and Search API	START	1780467756152
USER	Lab 06 - Browse and Search API	START	1780467756152
REQUEST		List Users	1780467753986	1780467756153	OK	 
REQUEST		View Detail	1780467755611	1780467756153	OK	 
USER	Lab 06 - Browse and Search API	END	1780467756153
USER	Lab 06 - Browse and Search API	START	1780467756153
REQUEST		Search User	1780467755612	1780467756163	OK	 
REQUEST		View Detail	1780467755659	1780467756184	OK	 
USER	Lab 06 - Browse and Search API	END	1780467756185
USER	Lab 06 - Browse and Search API	START	1780467756185
REQUEST		List Users	1780467753994	1780467756190	OK	 
REQUEST		List Users	1780467754001	1780467756190	OK	 
REQUEST		View Detail	1780467755651	1780467756191	OK	 
USER	Lab 06 - Browse and Search API	END	1780467756192
USER	Lab 06 - Browse and Search API	START	1780467756192
REQUEST		List Users	1780467754083	1780467756194	OK	 
REQUEST		List Users	1780467754067	1780467756199	OK	 
REQUEST		List Users	1780467754083	1780467756199	OK	 
REQUEST		List Users	1780467754013	1780467756204	OK	 
REQUEST		List Users	1780467754085	1780467756209	OK	 
REQUEST		List Users	1780467754007	1780467756215	OK	 
REQUEST		List Users	1780467754083	1780467756217	OK	 
REQUEST		List Users	1780467754083	1780467756219	OK	 
REQUEST		List Users	1780467754095	1780467756221	OK	 
REQUEST		List Users	1780467754083	1780467756223	OK	 
REQUEST		List Users	1780467754010	1780467756225	OK	 
REQUEST		List Users	1780467754019	1780467756230	OK	 
REQUEST		List Users	1780467754093	1780467756236	OK	 
REQUEST		List Users	1780467754095	1780467756243	OK	 
REQUEST		List Users	1780467754083	1780467756245	OK	 
REQUEST		List Users	1780467754083	1780467756252	OK	 
REQUEST		List Users	1780467754085	1780467756253	OK	 
REQUEST		View Detail	1780467755674	1780467756254	OK	 
USER	Lab 06 - Browse and Search API	END	1780467756254
USER	Lab 06 - Browse and Search API	START	1780467756254
REQUEST		List Users	1780467754095	1780467756255	OK	 
REQUEST		List Users	1780467754095	1780467756258	OK	 
REQUEST		List Users	1780467754099	1780467756260	OK	 
REQUEST		List Users	1780467754116	1780467756262	OK	 
REQUEST		List Users	1780467754086	1780467756273	OK	 
REQUEST		List Users	1780467754086	1780467756274	OK	 
REQUEST		List Users	1780467754099	1780467756275	OK	 
REQUEST		List Users	1780467754118	1780467756341	OK	 
REQUEST		List Users	1780467754171	1780467756341	OK	 
REQUEST		List Users	1780467754153	1780467756341	OK	 
REQUEST		List Users	1780467754095	1780467756341	OK	 
REQUEST		List Users	1780467754165	1780467756341	OK	 
REQUEST		List Users	1780467754139	1780467756357	OK	 
REQUEST		List Users	1780467754099	1780467756357	OK	 
REQUEST		List Users	1780467754099	1780467756357	OK	 
REQUEST		List Users	1780467754099	1780467756357	OK	 
REQUEST		View Detail	1780467755991	1780467756403	OK	 
USER	Lab 06 - Browse and Search API	END	1780467756404
USER	Lab 06 - Browse and Search API	START	1780467756404
REQUEST		View Detail	1780467756011	1780467756419	OK	 
USER	Lab 06 - Browse and Search API	END	1780467756419
USER	Lab 06 - Browse and Search API	START	1780467756420
REQUEST		View Detail	1780467756064	1780467756434	OK	 
USER	Lab 06 - Browse and Search API	END	1780467756434
USER	Lab 06 - Browse and Search API	START	1780467756435
REQUEST		View Detail	1780467756084	1780467756437	OK	 
USER	Lab 06 - Browse and Search API	END	1780467756437
REQUEST		View Detail	1780467756133	1780467756437	OK	 
REQUEST		View Detail	1780467756100	1780467756437	OK	 
REQUEST		View Detail	1780467756133	1780467756437	OK	 
USER	Lab 06 - Browse and Search API	START	1780467756437
USER	Lab 06 - Browse and Search API	END	1780467756437
USER	Lab 06 - Browse and Search API	END	1780467756437
USER	Lab 06 - Browse and Search API	END	1780467756437
USER	Lab 06 - Browse and Search API	START	1780467756437
USER	Lab 06 - Browse and Search API	START	1780467756437
USER	Lab 06 - Browse and Search API	START	1780467756437
REQUEST		View Detail	1780467756109	1780467756443	OK	 
USER	Lab 06 - Browse and Search API	END	1780467756443
USER	Lab 06 - Browse and Search API	START	1780467756443
REQUEST		View Detail	1780467756153	1780467756480	OK	 
USER	Lab 06 - Browse and Search API	END	1780467756480
USER	Lab 06 - Browse and Search API	START	1780467756480
REQUEST		Search User	1780467756430	1780467756542	OK	 
REQUEST		List Users	1780467756152	1780467756720	OK	 
REQUEST		List Users	1780467756152	1780467756721	OK	 
REQUEST		List Users	1780467756152	1780467756722	OK	 
REQUEST		List Users	1780467756185	1780467756744	OK	 
REQUEST		List Users	1780467756153	1780467756744	OK	 
REQUEST		List Users	1780467756192	1780467756744	OK	 
REQUEST		List Users	1780467756404	1780467756744	OK	 
REQUEST		List Users	1780467756254	1780467756744	OK	 
REQUEST		List Users	1780467756419	1780467756744	OK	 
REQUEST		List Users	1780467756437	1780467756805	OK	 
REQUEST		List Users	1780467756437	1780467756805	OK	 
REQUEST		List Users	1780467756443	1780467756806	OK	 
REQUEST		List Users	1780467756437	1780467756821	OK	 
REQUEST		List Users	1780467756480	1780467756821	OK	 
REQUEST		List Users	1780467756435	1780467756839	OK	 
REQUEST		List Users	1780467756437	1780467756839	OK	 
REQUEST		Search User	1780467757201	1780467757261	OK	 
REQUEST		Search User	1780467757364	1780467757411	OK	 
REQUEST		Search User	1780467757455	1780467757515	OK	 
REQUEST		Search User	1780467757542	1780467757605	OK	 
REQUEST		Search User	1780467757550	1780467757610	OK	 
REQUEST		Search User	1780467757557	1780467757612	OK	 
REQUEST		Search User	1780467757555	1780467757614	OK	 
REQUEST		Search User	1780467757704	1780467757776	OK	 
REQUEST		Search User	1780467757810	1780467757858	OK	 
REQUEST		Search User	1780467757813	1780467757860	OK	 
REQUEST		Search User	1780467757846	1780467757899	OK	 
REQUEST		Search User	1780467757849	1780467757901	OK	 
REQUEST		Search User	1780467757849	1780467757901	OK	 
REQUEST		Search User	1780467757851	1780467757901	OK	 
REQUEST		Search User	1780467757847	1780467757905	OK	 
REQUEST		Search User	1780467757880	1780467757959	OK	 
REQUEST		Search User	1780467757883	1780467757961	OK	 
REQUEST		Search User	1780467757883	1780467757963	OK	 
REQUEST		Search User	1780467757876	1780467757963	OK	 
REQUEST		Search User	1780467757873	1780467757973	OK	 
REQUEST		Search User	1780467757907	1780467757999	OK	 
REQUEST		Search User	1780467757953	1780467757999	OK	 
REQUEST		Search User	1780467757955	1780467758001	OK	 
REQUEST		Search User	1780467757947	1780467758005	OK	 
REQUEST		Search User	1780467758017	1780467758067	OK	 
REQUEST		Search User	1780467758037	1780467758074	OK	 
REQUEST		Search User	1780467758035	1780467758090	OK	 
REQUEST		Search User	1780467758038	1780467758101	OK	 
REQUEST		Search User	1780467758054	1780467758101	OK	 
REQUEST		Search User	1780467758041	1780467758103	OK	 
REQUEST		Search User	1780467758052	1780467758103	OK	 
REQUEST		Search User	1780467758046	1780467758106	OK	 
REQUEST		Search User	1780467758038	1780467758106	OK	 
REQUEST		Search User	1780467758038	1780467758109	OK	 
REQUEST		Search User	1780467758043	1780467758111	OK	 
REQUEST		Search User	1780467758042	1780467758115	OK	 
REQUEST		Search User	1780467758072	1780467758118	OK	 
REQUEST		Search User	1780467758069	1780467758120	OK	 
REQUEST		Search User	1780467758072	1780467758120	OK	 
REQUEST		Search User	1780467758069	1780467758123	OK	 
REQUEST		Search User	1780467758075	1780467758123	OK	 
REQUEST		Search User	1780467758084	1780467758142	OK	 
REQUEST		Search User	1780467758085	1780467758145	OK	 
REQUEST		Search User	1780467758088	1780467758150	OK	 
REQUEST		Search User	1780467758142	1780467758218	OK	 
REQUEST		Search User	1780467758142	1780467758221	OK	 
REQUEST		Search User	1780467758195	1780467758282	OK	 
REQUEST		Search User	1780467758200	1780467758282	OK	 
REQUEST		Search User	1780467758223	1780467758282	OK	 
REQUEST		Search User	1780467758191	1780467758284	OK	 
REQUEST		View Detail	1780467758164	1780467758284	OK	 
REQUEST		Search User	1780467758210	1780467758284	OK	 
REQUEST		Search User	1780467758201	1780467758284	OK	 
REQUEST		Search User	1780467758225	1780467758284	OK	 
USER	Lab 06 - Browse and Search API	END	1780467758285
USER	Lab 06 - Browse and Search API	START	1780467758285
REQUEST		Search User	1780467758191	1780467758286	OK	 
REQUEST		Search User	1780467758205	1780467758286	OK	 
REQUEST		Search User	1780467758155	1780467758293	OK	 
REQUEST		Search User	1780467758220	1780467758293	OK	 
REQUEST		Search User	1780467758218	1780467758293	OK	 
REQUEST		Search User	1780467758217	1780467758293	OK	 
REQUEST		Search User	1780467758244	1780467758293	OK	 
REQUEST		Search User	1780467758236	1780467758293	OK	 
REQUEST		Search User	1780467758226	1780467758293	OK	 
REQUEST		Search User	1780467758231	1780467758295	OK	 
REQUEST		Search User	1780467758247	1780467758305	OK	 
REQUEST		Search User	1780467758262	1780467758320	OK	 
REQUEST		Search User	1780467758259	1780467758320	OK	 
REQUEST		Search User	1780467758257	1780467758320	OK	 
REQUEST		Search User	1780467758264	1780467758320	OK	 
REQUEST		Search User	1780467758255	1780467758324	OK	 
REQUEST		Search User	1780467758254	1780467758329	OK	 
REQUEST		Search User	1780467758277	1780467758332	OK	 
REQUEST		Search User	1780467758275	1780467758339	OK	 
REQUEST		Search User	1780467758275	1780467758345	OK	 
REQUEST		Search User	1780467758342	1780467758420	OK	 
REQUEST		Search User	1780467758343	1780467758423	OK	 
REQUEST		Search User	1780467758343	1780467758423	OK	 
REQUEST		Search User	1780467758342	1780467758423	OK	 
REQUEST		Search User	1780467758358	1780467758425	OK	 
REQUEST		Search User	1780467758358	1780467758425	OK	 
REQUEST		Search User	1780467758343	1780467758427	OK	 
REQUEST		Search User	1780467758359	1780467758427	OK	 
REQUEST		Search User	1780467758359	1780467758442	OK	 
REQUEST		List Users	1780467758285	1780467758458	OK	 
REQUEST		View Detail	1780467758543	1780467758609	OK	 
USER	Lab 06 - Browse and Search API	END	1780467758609
USER	Lab 06 - Browse and Search API	START	1780467758610
REQUEST		List Users	1780467758609	1780467758737	OK	 
REQUEST		Search User	1780467758720	1780467758767	OK	 
REQUEST		Search User	1780467758723	1780467758767	OK	 
REQUEST		Search User	1780467758722	1780467758769	OK	 
REQUEST		Search User	1780467758745	1780467758788	OK	 
REQUEST		Search User	1780467758745	1780467758792	OK	 
REQUEST		Search User	1780467758745	1780467758794	OK	 
REQUEST		Search User	1780467758745	1780467758794	OK	 
REQUEST		Search User	1780467758745	1780467758794	OK	 
REQUEST		Search User	1780467758745	1780467758804	OK	 
REQUEST		Search User	1780467758806	1780467758852	OK	 
REQUEST		Search User	1780467758806	1780467758862	OK	 
REQUEST		Search User	1780467758807	1780467758862	OK	 
REQUEST		Search User	1780467758822	1780467758872	OK	 
REQUEST		Search User	1780467758822	1780467758879	OK	 
REQUEST		Search User	1780467758841	1780467758899	OK	 
REQUEST		Search User	1780467758841	1780467758899	OK	 
REQUEST		View Detail	1780467759262	1780467759316	OK	 
USER	Lab 06 - Browse and Search API	END	1780467759316
USER	Lab 06 - Browse and Search API	START	1780467759317
REQUEST		View Detail	1780467759411	1780467759466	OK	 
USER	Lab 06 - Browse and Search API	END	1780467759466
USER	Lab 06 - Browse and Search API	START	1780467759467
REQUEST		List Users	1780467759316	1780467759480	OK	 
REQUEST		View Detail	1780467759515	1780467759574	OK	 
USER	Lab 06 - Browse and Search API	END	1780467759574
USER	Lab 06 - Browse and Search API	START	1780467759575
REQUEST		List Users	1780467759467	1780467759654	OK	 
REQUEST		View Detail	1780467759610	1780467759664	OK	 
USER	Lab 06 - Browse and Search API	END	1780467759664
USER	Lab 06 - Browse and Search API	START	1780467759665
REQUEST		View Detail	1780467759606	1780467759669	OK	 
USER	Lab 06 - Browse and Search API	END	1780467759670
USER	Lab 06 - Browse and Search API	START	1780467759670
REQUEST		View Detail	1780467759615	1780467759693	OK	 
REQUEST		View Detail	1780467759612	1780467759693	OK	 
USER	Lab 06 - Browse and Search API	END	1780467759694
USER	Lab 06 - Browse and Search API	END	1780467759694
USER	Lab 06 - Browse and Search API	START	1780467759694
USER	Lab 06 - Browse and Search API	START	1780467759694
REQUEST		List Users	1780467759575	1780467759841	OK	 
REQUEST		View Detail	1780467759776	1780467759855	OK	 
USER	Lab 06 - Browse and Search API	END	1780467759856
USER	Lab 06 - Browse and Search API	START	1780467759856
REQUEST		List Users	1780467759665	1780467759870	OK	 
REQUEST		List Users	1780467759670	1780467759882	OK	 
REQUEST		View Detail	1780467759859	1780467759909	OK	 
REQUEST		List Users	1780467759694	1780467759910	OK	 
USER	Lab 06 - Browse and Search API	END	1780467759910
USER	Lab 06 - Browse and Search API	START	1780467759910
REQUEST		View Detail	1780467759862	1780467759915	OK	 
USER	Lab 06 - Browse and Search API	END	1780467759915
USER	Lab 06 - Browse and Search API	START	1780467759915
REQUEST		List Users	1780467759694	1780467759926	OK	 
REQUEST		View Detail	1780467759902	1780467759958	OK	 
REQUEST		View Detail	1780467759902	1780467759958	OK	 
REQUEST		View Detail	1780467759900	1780467759958	OK	 
REQUEST		View Detail	1780467759902	1780467759959	OK	 
USER	Lab 06 - Browse and Search API	END	1780467759959
USER	Lab 06 - Browse and Search API	END	1780467759959
USER	Lab 06 - Browse and Search API	END	1780467759959
USER	Lab 06 - Browse and Search API	END	1780467759959
USER	Lab 06 - Browse and Search API	START	1780467759959
USER	Lab 06 - Browse and Search API	START	1780467759959
USER	Lab 06 - Browse and Search API	START	1780467759959
USER	Lab 06 - Browse and Search API	START	1780467759959
REQUEST		View Detail	1780467759906	1780467759962	OK	 
USER	Lab 06 - Browse and Search API	END	1780467759962
USER	Lab 06 - Browse and Search API	START	1780467759962
REQUEST		List Users	1780467759856	1780467759994	OK	 
REQUEST		View Detail	1780467759960	1780467760074	OK	 
USER	Lab 06 - Browse and Search API	END	1780467760074
USER	Lab 06 - Browse and Search API	START	1780467760074
REQUEST		View Detail	1780467759964	1780467760076	OK	 
REQUEST		View Detail	1780467759963	1780467760076	OK	 
USER	Lab 06 - Browse and Search API	END	1780467760076
USER	Lab 06 - Browse and Search API	END	1780467760076
USER	Lab 06 - Browse and Search API	START	1780467760076
USER	Lab 06 - Browse and Search API	START	1780467760076
REQUEST		View Detail	1780467759965	1780467760080	OK	 
USER	Lab 06 - Browse and Search API	END	1780467760080
USER	Lab 06 - Browse and Search API	START	1780467760080
REQUEST		View Detail	1780467760000	1780467760091	OK	 
USER	Lab 06 - Browse and Search API	END	1780467760091
USER	Lab 06 - Browse and Search API	START	1780467760091
REQUEST		List Users	1780467759910	1780467760096	OK	 
REQUEST		View Detail	1780467760003	1780467760100	OK	 
REQUEST		View Detail	1780467760006	1780467760100	OK	 
REQUEST		View Detail	1780467760075	1780467760100	OK	 
USER	Lab 06 - Browse and Search API	END	1780467760100
USER	Lab 06 - Browse and Search API	END	1780467760100
USER	Lab 06 - Browse and Search API	END	1780467760100
USER	Lab 06 - Browse and Search API	START	1780467760101
USER	Lab 06 - Browse and Search API	START	1780467760101
USER	Lab 06 - Browse and Search API	START	1780467760101
REQUEST		View Detail	1780467760001	1780467760103	OK	 
USER	Lab 06 - Browse and Search API	END	1780467760103
USER	Lab 06 - Browse and Search API	START	1780467760103
REQUEST		View Detail	1780467759973	1780467760104	OK	 
USER	Lab 06 - Browse and Search API	END	1780467760105
USER	Lab 06 - Browse and Search API	START	1780467760105
REQUEST		View Detail	1780467760068	1780467760122	OK	 
USER	Lab 06 - Browse and Search API	END	1780467760122
USER	Lab 06 - Browse and Search API	START	1780467760122
REQUEST		View Detail	1780467760104	1780467760186	OK	 
REQUEST		View Detail	1780467760102	1780467760186	OK	 
REQUEST		View Detail	1780467760103	1780467760186	OK	 
REQUEST		View Detail	1780467760104	1780467760186	OK	 
REQUEST		View Detail	1780467760121	1780467760186	OK	 
REQUEST		View Detail	1780467760124	1780467760186	OK	 
REQUEST		View Detail	1780467760119	1780467760186	OK	 
USER	Lab 06 - Browse and Search API	END	1780467760186
USER	Lab 06 - Browse and Search API	END	1780467760186
USER	Lab 06 - Browse and Search API	END	1780467760186
USER	Lab 06 - Browse and Search API	END	1780467760186
USER	Lab 06 - Browse and Search API	END	1780467760186
USER	Lab 06 - Browse and Search API	END	1780467760186
USER	Lab 06 - Browse and Search API	END	1780467760186
USER	Lab 06 - Browse and Search API	START	1780467760186
USER	Lab 06 - Browse and Search API	START	1780467760186
USER	Lab 06 - Browse and Search API	START	1780467760186
USER	Lab 06 - Browse and Search API	START	1780467760186
USER	Lab 06 - Browse and Search API	START	1780467760186
USER	Lab 06 - Browse and Search API	START	1780467760186
USER	Lab 06 - Browse and Search API	START	1780467760187
REQUEST		List Users	1780467759959	1780467760208	OK	 
REQUEST		List Users	1780467759959	1780467760208	OK	 
REQUEST		View Detail	1780467760107	1780467760208	OK	 
REQUEST		View Detail	1780467760107	1780467760209	OK	 
REQUEST		View Detail	1780467760124	1780467760209	OK	 
USER	Lab 06 - Browse and Search API	END	1780467760209
REQUEST		View Detail	1780467760113	1780467760209	OK	 
REQUEST		List Users	1780467759959	1780467760209	OK	 
USER	Lab 06 - Browse and Search API	END	1780467760209
REQUEST		View Detail	1780467760110	1780467760209	OK	 
USER	Lab 06 - Browse and Search API	END	1780467760209
REQUEST		List Users	1780467759959	1780467760209	OK	 
REQUEST		View Detail	1780467760121	1780467760209	OK	 
USER	Lab 06 - Browse and Search API	END	1780467760209
USER	Lab 06 - Browse and Search API	END	1780467760209
USER	Lab 06 - Browse and Search API	START	1780467760209
REQUEST		View Detail	1780467760092	1780467760209	OK	 
USER	Lab 06 - Browse and Search API	START	1780467760209
USER	Lab 06 - Browse and Search API	END	1780467760209
USER	Lab 06 - Browse and Search API	START	1780467760209
USER	Lab 06 - Browse and Search API	START	1780467760209
USER	Lab 06 - Browse and Search API	START	1780467760209
USER	Lab 06 - Browse and Search API	END	1780467760209
USER	Lab 06 - Browse and Search API	START	1780467760209
USER	Lab 06 - Browse and Search API	START	1780467760209
REQUEST		List Users	1780467759962	1780467760210	OK	 
REQUEST		List Users	1780467759915	1780467760210	OK	 
REQUEST		View Detail	1780467760116	1780467760210	OK	 
REQUEST		View Detail	1780467760150	1780467760210	OK	 
REQUEST		View Detail	1780467760146	1780467760210	OK	 
REQUEST		View Detail	1780467760142	1780467760210	OK	 
USER	Lab 06 - Browse and Search API	END	1780467760210
USER	Lab 06 - Browse and Search API	END	1780467760210
USER	Lab 06 - Browse and Search API	END	1780467760210
USER	Lab 06 - Browse and Search API	END	1780467760210
USER	Lab 06 - Browse and Search API	START	1780467760210
USER	Lab 06 - Browse and Search API	START	1780467760210
USER	Lab 06 - Browse and Search API	START	1780467760210
USER	Lab 06 - Browse and Search API	START	1780467760210
REQUEST		List Users	1780467760076	1780467760221	OK	 
REQUEST		List Users	1780467760076	1780467760283	OK	 
REQUEST		View Detail	1780467760220	1780467760285	OK	 
REQUEST		List Users	1780467760074	1780467760285	OK	 
USER	Lab 06 - Browse and Search API	END	1780467760285
USER	Lab 06 - Browse and Search API	START	1780467760285
REQUEST		List Users	1780467760101	1780467760287	OK	 
REQUEST		List Users	1780467760100	1780467760287	OK	 
REQUEST		List Users	1780467760122	1780467760297	OK	 
REQUEST		List Users	1780467760091	1780467760297	OK	 
REQUEST		List Users	1780467760103	1780467760307	OK	 
REQUEST		List Users	1780467760105	1780467760307	OK	 
REQUEST		View Detail	1780467760222	1780467760309	OK	 
USER	Lab 06 - Browse and Search API	END	1780467760309
USER	Lab 06 - Browse and Search API	START	1780467760309
REQUEST		List Users	1780467760080	1780467760314	OK	 
REQUEST		List Users	1780467760100	1780467760320	OK	 
REQUEST		List Users	1780467760186	1780467760382	OK	 
REQUEST		List Users	1780467760186	1780467760382	OK	 
REQUEST		View Detail	1780467760321	1780467760382	OK	 
USER	Lab 06 - Browse and Search API	END	1780467760382
USER	Lab 06 - Browse and Search API	START	1780467760382
REQUEST		View Detail	1780467760283	1780467760386	OK	 
REQUEST		List Users	1780467760209	1780467760387	OK	 
USER	Lab 06 - Browse and Search API	END	1780467760387
USER	Lab 06 - Browse and Search API	START	1780467760387
REQUEST		View Detail	1780467760284	1780467760391	OK	 
REQUEST		View Detail	1780467760285	1780467760391	OK	 
USER	Lab 06 - Browse and Search API	END	1780467760391
REQUEST		List Users	1780467760209	1780467760391	OK	 
REQUEST		View Detail	1780467760294	1780467760391	OK	 
REQUEST		View Detail	1780467760321	1780467760391	OK	 
USER	Lab 06 - Browse and Search API	END	1780467760391
USER	Lab 06 - Browse and Search API	END	1780467760391
USER	Lab 06 - Browse and Search API	START	1780467760391
USER	Lab 06 - Browse and Search API	END	1780467760391
USER	Lab 06 - Browse and Search API	START	1780467760392
USER	Lab 06 - Browse and Search API	START	1780467760392
USER	Lab 06 - Browse and Search API	START	1780467760392
REQUEST		List Users	1780467760186	1780467760393	OK	 
REQUEST		View Detail	1780467760294	1780467760393	OK	 
REQUEST		View Detail	1780467760321	1780467760393	OK	 
REQUEST		View Detail	1780467760285	1780467760393	OK	 
USER	Lab 06 - Browse and Search API	END	1780467760393
USER	Lab 06 - Browse and Search API	START	1780467760393
USER	Lab 06 - Browse and Search API	END	1780467760393
USER	Lab 06 - Browse and Search API	END	1780467760393
USER	Lab 06 - Browse and Search API	START	1780467760393
USER	Lab 06 - Browse and Search API	START	1780467760393
REQUEST		View Detail	1780467760287	1780467760398	OK	 
REQUEST		View Detail	1780467760333	1780467760398	OK	 
REQUEST		View Detail	1780467760294	1780467760399	OK	 
USER	Lab 06 - Browse and Search API	END	1780467760399
REQUEST		List Users	1780467760209	1780467760399	OK	 
USER	Lab 06 - Browse and Search API	END	1780467760399
USER	Lab 06 - Browse and Search API	END	1780467760399
USER	Lab 06 - Browse and Search API	START	1780467760399
USER	Lab 06 - Browse and Search API	START	1780467760399
USER	Lab 06 - Browse and Search API	START	1780467760399
REQUEST		List Users	1780467760186	1780467760400	OK	 
REQUEST		List Users	1780467760209	1780467760400	OK	 
REQUEST		View Detail	1780467760285	1780467760400	OK	 
REQUEST		View Detail	1780467760285	1780467760400	OK	 
USER	Lab 06 - Browse and Search API	END	1780467760401
USER	Lab 06 - Browse and Search API	END	1780467760401
USER	Lab 06 - Browse and Search API	START	1780467760401
USER	Lab 06 - Browse and Search API	START	1780467760401
REQUEST		View Detail	1780467760287	1780467760408	OK	 
REQUEST		View Detail	1780467760321	1780467760408	OK	 
REQUEST		View Detail	1780467760294	1780467760408	OK	 
REQUEST		List Users	1780467760209	1780467760408	OK	 
USER	Lab 06 - Browse and Search API	END	1780467760408
USER	Lab 06 - Browse and Search API	END	1780467760408
USER	Lab 06 - Browse and Search API	END	1780467760408
USER	Lab 06 - Browse and Search API	START	1780467760409
USER	Lab 06 - Browse and Search API	START	1780467760409
USER	Lab 06 - Browse and Search API	START	1780467760409
REQUEST		List Users	1780467760186	1780467760410	OK	 
REQUEST		View Detail	1780467760294	1780467760410	OK	 
REQUEST		List Users	1780467760209	1780467760410	OK	 
USER	Lab 06 - Browse and Search API	END	1780467760410
USER	Lab 06 - Browse and Search API	START	1780467760411
REQUEST		View Detail	1780467760283	1780467760412	OK	 
REQUEST		View Detail	1780467760330	1780467760412	OK	 
REQUEST		List Users	1780467760186	1780467760412	OK	 
REQUEST		View Detail	1780467760294	1780467760412	OK	 
USER	Lab 06 - Browse and Search API	END	1780467760412
USER	Lab 06 - Browse and Search API	END	1780467760412
USER	Lab 06 - Browse and Search API	END	1780467760412
USER	Lab 06 - Browse and Search API	START	1780467760413
USER	Lab 06 - Browse and Search API	START	1780467760413
USER	Lab 06 - Browse and Search API	START	1780467760413
REQUEST		List Users	1780467760186	1780467760414	OK	 
REQUEST		View Detail	1780467760306	1780467760414	OK	 
REQUEST		View Detail	1780467760340	1780467760414	OK	 
REQUEST		View Detail	1780467760294	1780467760414	OK	 
USER	Lab 06 - Browse and Search API	END	1780467760414
USER	Lab 06 - Browse and Search API	END	1780467760414
USER	Lab 06 - Browse and Search API	END	1780467760415
USER	Lab 06 - Browse and Search API	START	1780467760415
USER	Lab 06 - Browse and Search API	START	1780467760415
USER	Lab 06 - Browse and Search API	START	1780467760415
REQUEST		View Detail	1780467760296	1780467760420	OK	 
REQUEST		List Users	1780467760209	1780467760420	OK	 
REQUEST		View Detail	1780467760325	1780467760421	OK	 
USER	Lab 06 - Browse and Search API	END	1780467760421
USER	Lab 06 - Browse and Search API	END	1780467760421
USER	Lab 06 - Browse and Search API	START	1780467760421
USER	Lab 06 - Browse and Search API	START	1780467760421
REQUEST		View Detail	1780467760346	1780467760422	OK	 
REQUEST		List Users	1780467760210	1780467760423	OK	 
REQUEST		List Users	1780467760210	1780467760423	OK	 
USER	Lab 06 - Browse and Search API	END	1780467760423
USER	Lab 06 - Browse and Search API	START	1780467760423
REQUEST		List Users	1780467760210	1780467760425	OK	 
REQUEST		List Users	1780467760210	1780467760481	OK	 
REQUEST		View Detail	1780467760421	1780467760488	OK	 
USER	Lab 06 - Browse and Search API	END	1780467760488
USER	Lab 06 - Browse and Search API	START	1780467760488
REQUEST		List Users	1780467760309	1780467760490	OK	 
REQUEST		View Detail	1780467760424	1780467760495	OK	 
REQUEST		View Detail	1780467760425	1780467760495	OK	 
USER	Lab 06 - Browse and Search API	END	1780467760495
USER	Lab 06 - Browse and Search API	END	1780467760495
USER	Lab 06 - Browse and Search API	START	1780467760495
USER	Lab 06 - Browse and Search API	START	1780467760495
REQUEST		View Detail	1780467760424	1780467760518	OK	 
REQUEST		View Detail	1780467760426	1780467760518	OK	 
REQUEST		View Detail	1780467760426	1780467760518	OK	 
REQUEST		View Detail	1780467760428	1780467760518	OK	 
REQUEST		View Detail	1780467760428	1780467760518	OK	 
REQUEST		View Detail	1780467760443	1780467760518	OK	 
REQUEST		Search User	1780467760458	1780467760518	OK	 
USER	Lab 06 - Browse and Search API	END	1780467760518
USER	Lab 06 - Browse and Search API	END	1780467760518
USER	Lab 06 - Browse and Search API	END	1780467760518
USER	Lab 06 - Browse and Search API	END	1780467760518
USER	Lab 06 - Browse and Search API	END	1780467760518
USER	Lab 06 - Browse and Search API	END	1780467760518
USER	Lab 06 - Browse and Search API	START	1780467760518
USER	Lab 06 - Browse and Search API	START	1780467760518
USER	Lab 06 - Browse and Search API	START	1780467760518
USER	Lab 06 - Browse and Search API	START	1780467760518
USER	Lab 06 - Browse and Search API	START	1780467760518
USER	Lab 06 - Browse and Search API	START	1780467760518
REQUEST		List Users	1780467760285	1780467760639	OK	 
REQUEST		List Users	1780467760387	1780467760641	OK	 
REQUEST		List Users	1780467760393	1780467760646	OK	 
REQUEST		List Users	1780467760391	1780467760648	OK	 
REQUEST		List Users	1780467760392	1780467760648	OK	 
REQUEST		List Users	1780467760382	1780467760648	OK	 
REQUEST		List Users	1780467760401	1780467760662	OK	 
REQUEST		List Users	1780467760408	1780467760664	OK	 
REQUEST		List Users	1780467760421	1780467760668	OK	 
REQUEST		List Users	1780467760415	1780467760673	OK	 
REQUEST		List Users	1780467760401	1780467760676	OK	 
REQUEST		List Users	1780467760399	1780467760678	OK	 
REQUEST		List Users	1780467760399	1780467760678	OK	 
REQUEST		List Users	1780467760408	1780467760680	OK	 
REQUEST		List Users	1780467760411	1780467760680	OK	 
REQUEST		List Users	1780467760391	1780467760682	OK	 
REQUEST		List Users	1780467760421	1780467760682	OK	 
REQUEST		List Users	1780467760412	1780467760684	OK	 
REQUEST		List Users	1780467760413	1780467760688	OK	 
REQUEST		List Users	1780467760415	1780467760691	OK	 
REQUEST		List Users	1780467760423	1780467760693	OK	 
REQUEST		List Users	1780467760495	1780467760744	OK	 
REQUEST		List Users	1780467760408	1780467760754	OK	 
REQUEST		List Users	1780467760488	1780467760759	OK	 
REQUEST		List Users	1780467760412	1780467760759	OK	 
REQUEST		List Users	1780467760415	1780467760761	OK	 
REQUEST		List Users	1780467760393	1780467760764	OK	 
REQUEST		List Users	1780467760392	1780467760764	OK	 
REQUEST		List Users	1780467760393	1780467760766	OK	 
REQUEST		List Users	1780467760399	1780467760768	OK	 
REQUEST		List Users	1780467760518	1780467760898	OK	 
REQUEST		Search User	1780467760738	1780467760898	OK	 
REQUEST		List Users	1780467760518	1780467760900	OK	 
REQUEST		List Users	1780467760518	1780467760903	OK	 
REQUEST		List Users	1780467760518	1780467760903	OK	 
REQUEST		View Detail	1780467760768	1780467760910	OK	 
REQUEST		List Users	1780467760495	1780467760910	OK	 
USER	Lab 06 - Browse and Search API	END	1780467760910
USER	Lab 06 - Browse and Search API	START	1780467760910
REQUEST		List Users	1780467760518	1780467760912	OK	 
REQUEST		List Users	1780467760518	1780467760912	OK	 
REQUEST		View Detail	1780467760794	1780467760912	OK	 
USER	Lab 06 - Browse and Search API	END	1780467760912
USER	Lab 06 - Browse and Search API	START	1780467760912
REQUEST		View Detail	1780467760795	1780467760917	OK	 
REQUEST		View Detail	1780467760788	1780467760917	OK	 
REQUEST		View Detail	1780467760795	1780467760917	OK	 
REQUEST		View Detail	1780467760863	1780467760917	OK	 
REQUEST		View Detail	1780467760771	1780467760917	OK	 
REQUEST		View Detail	1780467760769	1780467760917	OK	 
USER	Lab 06 - Browse and Search API	END	1780467760917
USER	Lab 06 - Browse and Search API	END	1780467760917
REQUEST		View Detail	1780467760793	1780467760917	OK	 
USER	Lab 06 - Browse and Search API	END	1780467760917
USER	Lab 06 - Browse and Search API	END	1780467760917
USER	Lab 06 - Browse and Search API	END	1780467760917
USER	Lab 06 - Browse and Search API	END	1780467760917
USER	Lab 06 - Browse and Search API	END	1780467760918
USER	Lab 06 - Browse and Search API	START	1780467760918
USER	Lab 06 - Browse and Search API	START	1780467760918
USER	Lab 06 - Browse and Search API	START	1780467760918
USER	Lab 06 - Browse and Search API	START	1780467760918
USER	Lab 06 - Browse and Search API	START	1780467760918
USER	Lab 06 - Browse and Search API	START	1780467760918
USER	Lab 06 - Browse and Search API	START	1780467760918
REQUEST		View Detail	1780467760853	1780467760920	OK	 
USER	Lab 06 - Browse and Search API	END	1780467760920
USER	Lab 06 - Browse and Search API	START	1780467760920
REQUEST		View Detail	1780467760805	1780467760923	OK	 
REQUEST		View Detail	1780467760863	1780467760923	OK	 
USER	Lab 06 - Browse and Search API	END	1780467760923
USER	Lab 06 - Browse and Search API	END	1780467760923
USER	Lab 06 - Browse and Search API	START	1780467760923
USER	Lab 06 - Browse and Search API	START	1780467760923
REQUEST		View Detail	1780467760873	1780467760926	OK	 
USER	Lab 06 - Browse and Search API	END	1780467760926
USER	Lab 06 - Browse and Search API	START	1780467760926
REQUEST		View Detail	1780467760880	1780467760941	OK	 
USER	Lab 06 - Browse and Search API	END	1780467760941
USER	Lab 06 - Browse and Search API	START	1780467760942
REQUEST		View Detail	1780467760899	1780467761027	OK	 
USER	Lab 06 - Browse and Search API	END	1780467761028
USER	Lab 06 - Browse and Search API	START	1780467761028
REQUEST		View Detail	1780467760899	1780467761029	OK	 
USER	Lab 06 - Browse and Search API	END	1780467761029
USER	Lab 06 - Browse and Search API	START	1780467761029
REQUEST		List Users	1780467760910	1780467761168	OK	 
REQUEST		List Users	1780467760918	1780467761208	OK	 
REQUEST		List Users	1780467760918	1780467761208	OK	 
REQUEST		List Users	1780467760920	1780467761230	OK	 
REQUEST		List Users	1780467760923	1780467761236	OK	 
REQUEST		List Users	1780467760918	1780467761238	OK	 
REQUEST		List Users	1780467760917	1780467761239	OK	 
REQUEST		List Users	1780467760912	1780467761243	OK	 
REQUEST		List Users	1780467760918	1780467761245	OK	 
REQUEST		List Users	1780467760917	1780467761247	OK	 
REQUEST		List Users	1780467760917	1780467761266	OK	 
REQUEST		List Users	1780467760942	1780467761274	OK	 
REQUEST		List Users	1780467760926	1780467761274	OK	 
REQUEST		List Users	1780467760923	1780467761287	OK	 
REQUEST		List Users	1780467761028	1780467761382	OK	 
REQUEST		List Users	1780467761029	1780467761393	OK	 
REQUEST		Search User	1780467761481	1780467761552	OK	 
REQUEST		Search User	1780467761655	1780467761711	OK	 
REQUEST		Search User	1780467761872	1780467761946	OK	 
REQUEST		Search User	1780467761884	1780467761951	OK	 
REQUEST		Search User	1780467761843	1780467761960	OK	 
REQUEST		Search User	1780467761911	1780467761975	OK	 
REQUEST		Search User	1780467761927	1780467761980	OK	 
REQUEST		Search User	1780467761995	1780467762062	OK	 
REQUEST		Search User	1780467762097	1780467762153	OK	 
REQUEST		Search User	1780467762209	1780467762253	OK	 
REQUEST		Search User	1780467762210	1780467762260	OK	 
REQUEST		Search User	1780467762211	1780467762263	OK	 
REQUEST		Search User	1780467762210	1780467762266	OK	 
REQUEST		Search User	1780467762210	1780467762266	OK	 
REQUEST		Search User	1780467762211	1780467762270	OK	 
REQUEST		Search User	1780467762221	1780467762296	OK	 
REQUEST		Search User	1780467762284	1780467762345	OK	 
REQUEST		Search User	1780467762299	1780467762373	OK	 
REQUEST		Search User	1780467762289	1780467762373	OK	 
REQUEST		Search User	1780467762315	1780467762376	OK	 
REQUEST		Search User	1780467762288	1780467762376	OK	 
REQUEST		Search User	1780467762299	1780467762376	OK	 
REQUEST		Search User	1780467762308	1780467762379	OK	 
REQUEST		Search User	1780467762321	1780467762384	OK	 
REQUEST		Search User	1780467762309	1780467762384	OK	 
REQUEST		Search User	1780467762286	1780467762392	OK	 
REQUEST		Search User	1780467762383	1780467762431	OK	 
REQUEST		Search User	1780467762388	1780467762439	OK	 
REQUEST		Search User	1780467762383	1780467762441	OK	 
REQUEST		Search User	1780467762395	1780467762441	OK	 
REQUEST		Search User	1780467762402	1780467762447	OK	 
REQUEST		Search User	1780467762393	1780467762447	OK	 
REQUEST		Search User	1780467762401	1780467762452	OK	 
REQUEST		Search User	1780467762401	1780467762452	OK	 
REQUEST		Search User	1780467762411	1780467762462	OK	 
REQUEST		Search User	1780467762410	1780467762466	OK	 
REQUEST		Search User	1780467762411	1780467762469	OK	 
REQUEST		Search User	1780467762414	1780467762469	OK	 
REQUEST		Search User	1780467762423	1780467762485	OK	 
REQUEST		Search User	1780467762423	1780467762489	OK	 
REQUEST		Search User	1780467762426	1780467762489	OK	 
REQUEST		Search User	1780467762416	1780467762500	OK	 
REQUEST		Search User	1780467762422	1780467762502	OK	 
REQUEST		Search User	1780467762483	1780467762536	OK	 
REQUEST		Search User	1780467762492	1780467762550	OK	 
REQUEST		View Detail	1780467762518	1780467762564	OK	 
USER	Lab 06 - Browse and Search API	END	1780467762564
USER	Lab 06 - Browse and Search API	START	1780467762564
REQUEST		Search User	1780467762642	1780467762688	OK	 
REQUEST		Search User	1780467762648	1780467762695	OK	 
REQUEST		Search User	1780467762649	1780467762695	OK	 
REQUEST		Search User	1780467762649	1780467762695	OK	 
REQUEST		Search User	1780467762649	1780467762699	OK	 
REQUEST		Search User	1780467762640	1780467762705	OK	 
REQUEST		Search User	1780467762663	1780467762705	OK	 
REQUEST		Search User	1780467762666	1780467762710	OK	 
REQUEST		List Users	1780467762564	1780467762710	OK	 
REQUEST		Search User	1780467762669	1780467762710	OK	 
REQUEST		Search User	1780467762674	1780467762719	OK	 
REQUEST		Search User	1780467762677	1780467762725	OK	 
REQUEST		Search User	1780467762681	1780467762725	OK	 
REQUEST		Search User	1780467762679	1780467762730	OK	 
REQUEST		Search User	1780467762679	1780467762730	OK	 
REQUEST		Search User	1780467762686	1780467762730	OK	 
REQUEST		Search User	1780467762681	1780467762732	OK	 
REQUEST		Search User	1780467762683	1780467762732	OK	 
REQUEST		Search User	1780467762692	1780467762738	OK	 
REQUEST		Search User	1780467762689	1780467762742	OK	 
REQUEST		Search User	1780467762684	1780467762742	OK	 
REQUEST		Search User	1780467762694	1780467762748	OK	 
REQUEST		Search User	1780467762745	1780467762789	OK	 
REQUEST		Search User	1780467762755	1780467762802	OK	 
REQUEST		Search User	1780467762760	1780467762812	OK	 
REQUEST		Search User	1780467762760	1780467762812	OK	 
REQUEST		Search User	1780467762762	1780467762821	OK	 
REQUEST		Search User	1780467762765	1780467762821	OK	 
REQUEST		Search User	1780467762765	1780467762827	OK	 
REQUEST		Search User	1780467762766	1780467762831	OK	 
REQUEST		Search User	1780467762768	1780467762831	OK	 
REQUEST		Search User	1780467762899	1780467762942	OK	 
REQUEST		Search User	1780467762902	1780467762945	OK	 
REQUEST		Search User	1780467762904	1780467762948	OK	 
REQUEST		View Detail	1780467762900	1780467762951	OK	 
REQUEST		Search User	1780467762903	1780467762951	OK	 
USER	Lab 06 - Browse and Search API	END	1780467762952
USER	Lab 06 - Browse and Search API	START	1780467762952
REQUEST		Search User	1780467762910	1780467762958	OK	 
REQUEST		Search User	1780467762913	1780467762965	OK	 
REQUEST		Search User	1780467762912	1780467762965	OK	 
REQUEST		List Users	1780467762952	1780467763126	OK	 
REQUEST		Search User	1780467763209	1780467763258	OK	 
REQUEST		Search User	1780467763209	1780467763261	OK	 
REQUEST		Search User	1780467763170	1780467763261	OK	 
REQUEST		Search User	1780467763230	1780467763280	OK	 
REQUEST		Search User	1780467763237	1780467763286	OK	 
REQUEST		Search User	1780467763239	1780467763286	OK	 
REQUEST		Search User	1780467763239	1780467763289	OK	 
REQUEST		Search User	1780467763248	1780467763347	OK	 
REQUEST		Search User	1780467763244	1780467763347	OK	 
REQUEST		Search User	1780467763274	1780467763353	OK	 
REQUEST		Search User	1780467763275	1780467763353	OK	 
REQUEST		Search User	1780467763266	1780467763356	OK	 
REQUEST		Search User	1780467763287	1780467763356	OK	 
REQUEST		Search User	1780467763246	1780467763356	OK	 
REQUEST		Search User	1780467763384	1780467763445	OK	 
REQUEST		Search User	1780467763394	1780467763480	OK	 
REQUEST		View Detail	1780467763554	1780467763707	OK	 
USER	Lab 06 - Browse and Search API	END	1780467763708
USER	Lab 06 - Browse and Search API	START	1780467763708
REQUEST		View Detail	1780467763713	1780467763772	OK	 
USER	Lab 06 - Browse and Search API	END	1780467763772
USER	Lab 06 - Browse and Search API	START	1780467763772
REQUEST		List Users	1780467763708	1780467763867	OK	 
REQUEST		List Users	1780467763772	1780467763971	OK	 
REQUEST		View Detail	1780467763947	1780467763992	OK	 
USER	Lab 06 - Browse and Search API	END	1780467763992
USER	Lab 06 - Browse and Search API	START	1780467763992
REQUEST		View Detail	1780467763951	1780467764002	OK	 
USER	Lab 06 - Browse and Search API	END	1780467764002
USER	Lab 06 - Browse and Search API	START	1780467764003
REQUEST		View Detail	1780467763960	1780467764015	OK	 
USER	Lab 06 - Browse and Search API	END	1780467764015
USER	Lab 06 - Browse and Search API	START	1780467764015
REQUEST		View Detail	1780467763976	1780467764024	OK	 
USER	Lab 06 - Browse and Search API	END	1780467764024
USER	Lab 06 - Browse and Search API	START	1780467764024
REQUEST		View Detail	1780467763982	1780467764040	OK	 
USER	Lab 06 - Browse and Search API	END	1780467764040
USER	Lab 06 - Browse and Search API	START	1780467764041
REQUEST		View Detail	1780467764063	1780467764113	OK	 
USER	Lab 06 - Browse and Search API	END	1780467764113
USER	Lab 06 - Browse and Search API	START	1780467764113
REQUEST		List Users	1780467764040	1780467764172	OK	 
REQUEST		List Users	1780467763992	1780467764176	OK	 
REQUEST		List Users	1780467764015	1780467764188	OK	 
REQUEST		View Detail	1780467764154	1780467764204	OK	 
USER	Lab 06 - Browse and Search API	END	1780467764204
USER	Lab 06 - Browse and Search API	START	1780467764204
REQUEST		List Users	1780467764024	1780467764212	OK	 
REQUEST		List Users	1780467764003	1780467764218	OK	 
REQUEST		List Users	1780467764113	1780467764294	OK	 
REQUEST		View Detail	1780467764298	1780467764343	OK	 
USER	Lab 06 - Browse and Search API	END	1780467764343
USER	Lab 06 - Browse and Search API	START	1780467764343
REQUEST		View Detail	1780467764262	1780467764347	OK	 
USER	Lab 06 - Browse and Search API	END	1780467764347
USER	Lab 06 - Browse and Search API	START	1780467764347
REQUEST		View Detail	1780467764255	1780467764355	OK	 
REQUEST		View Detail	1780467764265	1780467764355	OK	 
USER	Lab 06 - Browse and Search API	END	1780467764355
USER	Lab 06 - Browse and Search API	END	1780467764355
USER	Lab 06 - Browse and Search API	START	1780467764355
USER	Lab 06 - Browse and Search API	START	1780467764355
REQUEST		View Detail	1780467764271	1780467764359	OK	 
REQUEST		View Detail	1780467764268	1780467764359	OK	 
REQUEST		View Detail	1780467764268	1780467764359	OK	 
USER	Lab 06 - Browse and Search API	END	1780467764359
USER	Lab 06 - Browse and Search API	END	1780467764359
USER	Lab 06 - Browse and Search API	END	1780467764359
USER	Lab 06 - Browse and Search API	START	1780467764359
USER	Lab 06 - Browse and Search API	START	1780467764359
USER	Lab 06 - Browse and Search API	START	1780467764359
REQUEST		List Users	1780467764204	1780467764395	OK	 
REQUEST		View Detail	1780467764346	1780467764412	OK	 
USER	Lab 06 - Browse and Search API	END	1780467764412
USER	Lab 06 - Browse and Search API	START	1780467764412
REQUEST		View Detail	1780467764373	1780467764416	OK	 
USER	Lab 06 - Browse and Search API	END	1780467764416
USER	Lab 06 - Browse and Search API	START	1780467764416
REQUEST		View Detail	1780467764374	1780467764418	OK	 
USER	Lab 06 - Browse and Search API	END	1780467764418
USER	Lab 06 - Browse and Search API	START	1780467764419
REQUEST		View Detail	1780467764377	1780467764424	OK	 
REQUEST		View Detail	1780467764377	1780467764424	OK	 
REQUEST		View Detail	1780467764378	1780467764424	OK	 
USER	Lab 06 - Browse and Search API	END	1780467764424
USER	Lab 06 - Browse and Search API	END	1780467764424
USER	Lab 06 - Browse and Search API	END	1780467764424
USER	Lab 06 - Browse and Search API	START	1780467764425
USER	Lab 06 - Browse and Search API	START	1780467764424
USER	Lab 06 - Browse and Search API	START	1780467764425
REQUEST		View Detail	1780467764380	1780467764437	OK	 
REQUEST		View Detail	1780467764385	1780467764437	OK	 
USER	Lab 06 - Browse and Search API	END	1780467764437
USER	Lab 06 - Browse and Search API	END	1780467764437
USER	Lab 06 - Browse and Search API	START	1780467764437
USER	Lab 06 - Browse and Search API	START	1780467764437
REQUEST		View Detail	1780467764385	1780467764449	OK	 
USER	Lab 06 - Browse and Search API	END	1780467764449
USER	Lab 06 - Browse and Search API	START	1780467764450
REQUEST		View Detail	1780467764393	1780467764454	OK	 
USER	Lab 06 - Browse and Search API	END	1780467764454
USER	Lab 06 - Browse and Search API	START	1780467764454
REQUEST		View Detail	1780467764431	1780467764476	OK	 
REQUEST		List Users	1780467764359	1780467764477	OK	 
USER	Lab 06 - Browse and Search API	END	1780467764477
USER	Lab 06 - Browse and Search API	START	1780467764477
REQUEST		List Users	1780467764355	1780467764479	OK	 
REQUEST		View Detail	1780467764439	1780467764488	OK	 
REQUEST		View Detail	1780467764443	1780467764488	OK	 
REQUEST		View Detail	1780467764443	1780467764488	OK	 
USER	Lab 06 - Browse and Search API	END	1780467764489
USER	Lab 06 - Browse and Search API	END	1780467764489
USER	Lab 06 - Browse and Search API	END	1780467764489
USER	Lab 06 - Browse and Search API	START	1780467764489
USER	Lab 06 - Browse and Search API	START	1780467764489
USER	Lab 06 - Browse and Search API	START	1780467764489
REQUEST		View Detail	1780467764448	1780467764495	OK	 
REQUEST		List Users	1780467764355	1780467764495	OK	 
USER	Lab 06 - Browse and Search API	END	1780467764495
USER	Lab 06 - Browse and Search API	START	1780467764496
REQUEST		List Users	1780467764347	1780467764497	OK	 
REQUEST		View Detail	1780467764448	1780467764497	OK	 
USER	Lab 06 - Browse and Search API	END	1780467764497
USER	Lab 06 - Browse and Search API	START	1780467764497
REQUEST		List Users	1780467764343	1780467764506	OK	 
REQUEST		View Detail	1780467764453	1780467764574	OK	 
REQUEST		View Detail	1780467764462	1780467764574	OK	 
USER	Lab 06 - Browse and Search API	END	1780467764575
USER	Lab 06 - Browse and Search API	END	1780467764575
REQUEST		View Detail	1780467764453	1780467764575	OK	 
USER	Lab 06 - Browse and Search API	START	1780467764575
USER	Lab 06 - Browse and Search API	START	1780467764575
REQUEST		View Detail	1780467764490	1780467764575	OK	 
REQUEST		View Detail	1780467764467	1780467764575	OK	 
REQUEST		List Users	1780467764359	1780467764575	OK	 
REQUEST		View Detail	1780467764486	1780467764575	OK	 
REQUEST		View Detail	1780467764490	1780467764575	OK	 
REQUEST		List Users	1780467764359	1780467764575	OK	 
USER	Lab 06 - Browse and Search API	END	1780467764575
REQUEST		View Detail	1780467764470	1780467764575	OK	 
USER	Lab 06 - Browse and Search API	END	1780467764575
USER	Lab 06 - Browse and Search API	END	1780467764575
REQUEST		View Detail	1780467764470	1780467764575	OK	 
USER	Lab 06 - Browse and Search API	END	1780467764575
REQUEST		View Detail	1780467764503	1780467764575	OK	 
USER	Lab 06 - Browse and Search API	END	1780467764575
REQUEST		View Detail	1780467764501	1780467764575	OK	 
USER	Lab 06 - Browse and Search API	END	1780467764575
USER	Lab 06 - Browse and Search API	START	1780467764575
USER	Lab 06 - Browse and Search API	START	1780467764575
USER	Lab 06 - Browse and Search API	END	1780467764575
USER	Lab 06 - Browse and Search API	START	1780467764575
USER	Lab 06 - Browse and Search API	END	1780467764575
USER	Lab 06 - Browse and Search API	START	1780467764575
USER	Lab 06 - Browse and Search API	END	1780467764575
USER	Lab 06 - Browse and Search API	START	1780467764576
USER	Lab 06 - Browse and Search API	START	1780467764576
USER	Lab 06 - Browse and Search API	START	1780467764576
USER	Lab 06 - Browse and Search API	START	1780467764576
USER	Lab 06 - Browse and Search API	START	1780467764576
REQUEST		View Detail	1780467764536	1780467764588	OK	 
USER	Lab 06 - Browse and Search API	END	1780467764588
USER	Lab 06 - Browse and Search API	START	1780467764588
REQUEST		List Users	1780467764449	1780467764620	OK	 
REQUEST		View Detail	1780467764551	1780467764636	OK	 
REQUEST		List Users	1780467764425	1780467764636	OK	 
REQUEST		List Users	1780467764418	1780467764636	OK	 
USER	Lab 06 - Browse and Search API	END	1780467764636
REQUEST		List Users	1780467764412	1780467764636	OK	 
USER	Lab 06 - Browse and Search API	START	1780467764636
REQUEST		List Users	1780467764437	1780467764641	OK	 
REQUEST		List Users	1780467764437	1780467764643	OK	 
REQUEST		List Users	1780467764424	1780467764645	OK	 
REQUEST		List Users	1780467764424	1780467764650	OK	 
REQUEST		List Users	1780467764416	1780467764650	OK	 
REQUEST		List Users	1780467764477	1780467764716	OK	 
REQUEST		List Users	1780467764454	1780467764720	OK	 
REQUEST		List Users	1780467764495	1780467764724	OK	 
REQUEST		List Users	1780467764497	1780467764732	OK	 
REQUEST		List Users	1780467764489	1780467764732	OK	 
REQUEST		List Users	1780467764489	1780467764732	OK	 
REQUEST		View Detail	1780467764689	1780467764734	OK	 
USER	Lab 06 - Browse and Search API	END	1780467764734
USER	Lab 06 - Browse and Search API	START	1780467764735
REQUEST		List Users	1780467764489	1780467764738	OK	 
REQUEST		View Detail	1780467764695	1780467764742	OK	 
REQUEST		View Detail	1780467764696	1780467764742	OK	 
REQUEST		View Detail	1780467764696	1780467764742	OK	 
USER	Lab 06 - Browse and Search API	END	1780467764742
USER	Lab 06 - Browse and Search API	END	1780467764742
USER	Lab 06 - Browse and Search API	END	1780467764742
USER	Lab 06 - Browse and Search API	START	1780467764743
USER	Lab 06 - Browse and Search API	START	1780467764743
USER	Lab 06 - Browse and Search API	START	1780467764743
REQUEST		View Detail	1780467764699	1780467764748	OK	 
USER	Lab 06 - Browse and Search API	END	1780467764748
USER	Lab 06 - Browse and Search API	START	1780467764749
REQUEST		View Detail	1780467764710	1780467764753	OK	 
REQUEST		View Detail	1780467764705	1780467764753	OK	 
USER	Lab 06 - Browse and Search API	END	1780467764753
USER	Lab 06 - Browse and Search API	END	1780467764753
USER	Lab 06 - Browse and Search API	START	1780467764753
USER	Lab 06 - Browse and Search API	START	1780467764753
REQUEST		View Detail	1780467764710	1780467764756	OK	 
REQUEST		Search User	1780467764711	1780467764756	OK	 
USER	Lab 06 - Browse and Search API	END	1780467764757
USER	Lab 06 - Browse and Search API	START	1780467764757
REQUEST		View Detail	1780467764705	1780467764767	OK	 
USER	Lab 06 - Browse and Search API	END	1780467764767
USER	Lab 06 - Browse and Search API	START	1780467764767
REQUEST		List Users	1780467764575	1780467764837	OK	 
REQUEST		View Detail	1780467764732	1780467764842	OK	 
REQUEST		List Users	1780467764575	1780467764842	OK	 
REQUEST		View Detail	1780467764731	1780467764842	OK	 
USER	Lab 06 - Browse and Search API	END	1780467764842
USER	Lab 06 - Browse and Search API	END	1780467764842
USER	Lab 06 - Browse and Search API	START	1780467764842
USER	Lab 06 - Browse and Search API	START	1780467764843
REQUEST		List Users	1780467764588	1780467764844	OK	 
REQUEST		View Detail	1780467764720	1780467764844	OK	 
REQUEST		List Users	1780467764576	1780467764844	OK	 
USER	Lab 06 - Browse and Search API	END	1780467764844
USER	Lab 06 - Browse and Search API	START	1780467764844
REQUEST		View Detail	1780467764726	1780467764846	OK	 
REQUEST		List Users	1780467764575	1780467764846	OK	 
USER	Lab 06 - Browse and Search API	END	1780467764846
USER	Lab 06 - Browse and Search API	START	1780467764846
REQUEST		View Detail	1780467764731	1780467764848	OK	 
USER	Lab 06 - Browse and Search API	END	1780467764849
REQUEST		List Users	1780467764576	1780467764849	OK	 
USER	Lab 06 - Browse and Search API	START	1780467764849
REQUEST		List Users	1780467764575	1780467764850	OK	 
REQUEST		List Users	1780467764575	1780467764851	OK	 
REQUEST		View Detail	1780467764733	1780467764852	OK	 
REQUEST		View Detail	1780467764734	1780467764852	OK	 
USER	Lab 06 - Browse and Search API	END	1780467764852
USER	Lab 06 - Browse and Search API	END	1780467764852
REQUEST		List Users	1780467764575	1780467764852	OK	 
USER	Lab 06 - Browse and Search API	START	1780467764853
USER	Lab 06 - Browse and Search API	START	1780467764853
REQUEST		View Detail	1780467764739	1780467764854	OK	 
REQUEST		List Users	1780467764575	1780467764854	OK	 
REQUEST		View Detail	1780467764743	1780467764854	OK	 
REQUEST		View Detail	1780467764802	1780467764854	OK	 
USER	Lab 06 - Browse and Search API	END	1780467764855
USER	Lab 06 - Browse and Search API	END	1780467764855
USER	Lab 06 - Browse and Search API	END	1780467764855
USER	Lab 06 - Browse and Search API	START	1780467764855
USER	Lab 06 - Browse and Search API	START	1780467764855
USER	Lab 06 - Browse and Search API	START	1780467764855
REQUEST		View Detail	1780467764748	1780467764857	OK	 
REQUEST		List Users	1780467764575	1780467764857	OK	 
REQUEST		View Detail	1780467764791	1780467764857	OK	 
USER	Lab 06 - Browse and Search API	END	1780467764857
USER	Lab 06 - Browse and Search API	END	1780467764857
USER	Lab 06 - Browse and Search API	START	1780467764857
USER	Lab 06 - Browse and Search API	START	1780467764857
REQUEST		View Detail	1780467764743	1780467764859	OK	 
REQUEST		View Detail	1780467764726	1780467764859	OK	 
REQUEST		List Users	1780467764575	1780467764859	OK	 
USER	Lab 06 - Browse and Search API	END	1780467764859
USER	Lab 06 - Browse and Search API	END	1780467764859
USER	Lab 06 - Browse and Search API	START	1780467764859
USER	Lab 06 - Browse and Search API	START	1780467764859
REQUEST		View Detail	1780467764813	1780467764871	OK	 
USER	Lab 06 - Browse and Search API	END	1780467764871
USER	Lab 06 - Browse and Search API	START	1780467764872
REQUEST		View Detail	1780467764821	1780467764880	OK	 
REQUEST		View Detail	1780467764821	1780467764880	OK	 
REQUEST		View Detail	1780467764813	1780467764880	OK	 
USER	Lab 06 - Browse and Search API	END	1780467764880
USER	Lab 06 - Browse and Search API	END	1780467764880
USER	Lab 06 - Browse and Search API	END	1780467764880
USER	Lab 06 - Browse and Search API	START	1780467764880
USER	Lab 06 - Browse and Search API	START	1780467764880
USER	Lab 06 - Browse and Search API	START	1780467764880
REQUEST		View Detail	1780467764828	1780467764887	OK	 
USER	Lab 06 - Browse and Search API	END	1780467764887
USER	Lab 06 - Browse and Search API	START	1780467764887
REQUEST		View Detail	1780467764832	1780467764933	OK	 
USER	Lab 06 - Browse and Search API	END	1780467764934
USER	Lab 06 - Browse and Search API	START	1780467764934
REQUEST		View Detail	1780467764832	1780467764936	OK	 
USER	Lab 06 - Browse and Search API	END	1780467764936
USER	Lab 06 - Browse and Search API	START	1780467764936
REQUEST		List Users	1780467764753	1780467764973	OK	 
REQUEST		List Users	1780467764636	1780467764975	OK	 
REQUEST		View Detail	1780467764943	1780467764996	OK	 
USER	Lab 06 - Browse and Search API	END	1780467764996
USER	Lab 06 - Browse and Search API	START	1780467764996
REQUEST		View Detail	1780467764946	1780467765015	OK	 
REQUEST		View Detail	1780467764949	1780467765015	OK	 
USER	Lab 06 - Browse and Search API	END	1780467765016
USER	Lab 06 - Browse and Search API	END	1780467765016
USER	Lab 06 - Browse and Search API	START	1780467765016
USER	Lab 06 - Browse and Search API	START	1780467765016
REQUEST		View Detail	1780467764966	1780467765035	OK	 
REQUEST		View Detail	1780467764959	1780467765035	OK	 
USER	Lab 06 - Browse and Search API	END	1780467765036
USER	Lab 06 - Browse and Search API	END	1780467765036
USER	Lab 06 - Browse and Search API	START	1780467765036
USER	Lab 06 - Browse and Search API	START	1780467765036
REQUEST		View Detail	1780467764966	1780467765040	OK	 
REQUEST		View Detail	1780467764952	1780467765041	OK	 
USER	Lab 06 - Browse and Search API	END	1780467765041
USER	Lab 06 - Browse and Search API	END	1780467765041
USER	Lab 06 - Browse and Search API	START	1780467765041
USER	Lab 06 - Browse and Search API	START	1780467765041
REQUEST		List Users	1780467764742	1780467765062	OK	 
REQUEST		List Users	1780467764757	1780467765077	OK	 
REQUEST		List Users	1780467764767	1780467765079	OK	 
REQUEST		List Users	1780467764748	1780467765082	OK	 
REQUEST		List Users	1780467764742	1780467765084	OK	 
REQUEST		List Users	1780467764734	1780467765086	OK	 
REQUEST		List Users	1780467764742	1780467765091	OK	 
REQUEST		List Users	1780467764753	1780467765173	OK	 
REQUEST		List Users	1780467764872	1780467765200	OK	 
REQUEST		List Users	1780467764880	1780467765206	OK	 
REQUEST		List Users	1780467764934	1780467765216	OK	 
REQUEST		List Users	1780467764842	1780467765218	OK	 
REQUEST		List Users	1780467764936	1780467765224	OK	 
REQUEST		List Users	1780467764859	1780467765226	OK	 
REQUEST		List Users	1780467764842	1780467765228	OK	 
REQUEST		List Users	1780467764855	1780467765231	OK	 
REQUEST		List Users	1780467764853	1780467765235	OK	 
REQUEST		List Users	1780467764880	1780467765237	OK	 
REQUEST		List Users	1780467764880	1780467765239	OK	 
REQUEST		List Users	1780467764846	1780467765239	OK	 
REQUEST		List Users	1780467764844	1780467765239	OK	 
REQUEST		List Users	1780467764857	1780467765243	OK	 
REQUEST		List Users	1780467764859	1780467765245	OK	 
REQUEST		List Users	1780467764849	1780467765247	OK	 
REQUEST		List Users	1780467764857	1780467765247	OK	 
REQUEST		List Users	1780467764887	1780467765249	OK	 
REQUEST		List Users	1780467764853	1780467765251	OK	 
REQUEST		List Users	1780467764855	1780467765251	OK	 
REQUEST		List Users	1780467764855	1780467765265	OK	 
REQUEST		Search User	1780467765128	1780467765265	OK	 
REQUEST		View Detail	1780467765262	1780467765339	OK	 
REQUEST		View Detail	1780467765259	1780467765339	OK	 
REQUEST		View Detail	1780467765262	1780467765339	OK	 
REQUEST		List Users	1780467765036	1780467765339	OK	 
REQUEST		List Users	1780467765036	1780467765339	OK	 
REQUEST		List Users	1780467765016	1780467765339	OK	 
USER	Lab 06 - Browse and Search API	END	1780467765339
REQUEST		View Detail	1780467765281	1780467765339	OK	 
USER	Lab 06 - Browse and Search API	END	1780467765339
USER	Lab 06 - Browse and Search API	END	1780467765339
REQUEST		View Detail	1780467765287	1780467765339	OK	 
REQUEST		List Users	1780467765016	1780467765339	OK	 
USER	Lab 06 - Browse and Search API	END	1780467765339
USER	Lab 06 - Browse and Search API	END	1780467765339
USER	Lab 06 - Browse and Search API	START	1780467765339
USER	Lab 06 - Browse and Search API	START	1780467765339
USER	Lab 06 - Browse and Search API	START	1780467765339
USER	Lab 06 - Browse and Search API	START	1780467765339
USER	Lab 06 - Browse and Search API	START	1780467765339
REQUEST		View Detail	1780467765290	1780467765355	OK	 
REQUEST		View Detail	1780467765288	1780467765355	OK	 
USER	Lab 06 - Browse and Search API	END	1780467765355
USER	Lab 06 - Browse and Search API	END	1780467765355
USER	Lab 06 - Browse and Search API	START	1780467765355
USER	Lab 06 - Browse and Search API	START	1780467765355
REQUEST		List Users	1780467765041	1780467765395	OK	 
REQUEST		List Users	1780467764996	1780467765395	OK	 
REQUEST		View Detail	1780467765348	1780467765411	OK	 
REQUEST		List Users	1780467765041	1780467765411	OK	 
USER	Lab 06 - Browse and Search API	END	1780467765411
REQUEST		View Detail	1780467765347	1780467765411	OK	 
REQUEST		View Detail	1780467765353	1780467765411	OK	 
REQUEST		View Detail	1780467765353	1780467765411	OK	 
USER	Lab 06 - Browse and Search API	START	1780467765411
USER	Lab 06 - Browse and Search API	END	1780467765411
USER	Lab 06 - Browse and Search API	END	1780467765411
USER	Lab 06 - Browse and Search API	END	1780467765411
USER	Lab 06 - Browse and Search API	START	1780467765411
USER	Lab 06 - Browse and Search API	START	1780467765411
USER	Lab 06 - Browse and Search API	START	1780467765411
REQUEST		View Detail	1780467765357	1780467765428	OK	 
REQUEST		View Detail	1780467765357	1780467765428	OK	 
USER	Lab 06 - Browse and Search API	END	1780467765428
USER	Lab 06 - Browse and Search API	END	1780467765428
USER	Lab 06 - Browse and Search API	START	1780467765428
USER	Lab 06 - Browse and Search API	START	1780467765428
REQUEST		View Detail	1780467765357	1780467765431	OK	 
USER	Lab 06 - Browse and Search API	END	1780467765431
USER	Lab 06 - Browse and Search API	START	1780467765432
REQUEST		List Users	1780467765339	1780467765489	OK	 
REQUEST		List Users	1780467765339	1780467765489	OK	 
REQUEST		List Users	1780467765339	1780467765491	OK	 
REQUEST		List Users	1780467765339	1780467765491	OK	 
REQUEST		List Users	1780467765339	1780467765493	OK	 
REQUEST		View Detail	1780467765446	1780467765506	OK	 
USER	Lab 06 - Browse and Search API	END	1780467765507
REQUEST		List Users	1780467765355	1780467765507	OK	 
USER	Lab 06 - Browse and Search API	START	1780467765507
REQUEST		List Users	1780467765355	1780467765541	OK	 
REQUEST		View Detail	1780467765480	1780467765544	OK	 
USER	Lab 06 - Browse and Search API	END	1780467765545
USER	Lab 06 - Browse and Search API	START	1780467765545
REQUEST		List Users	1780467765431	1780467765552	OK	 
REQUEST		List Users	1780467765428	1780467765557	OK	 
REQUEST		List Users	1780467765411	1780467765557	OK	 
REQUEST		List Users	1780467765411	1780467765559	OK	 
REQUEST		List Users	1780467765411	1780467765559	OK	 
REQUEST		List Users	1780467765428	1780467765561	OK	 
REQUEST		List Users	1780467765411	1780467765591	OK	 
REQUEST		List Users	1780467765507	1780467765641	OK	 
REQUEST		List Users	1780467765545	1780467765683	OK	 
REQUEST		Search User	1780467765868	1780467765934	OK	 
REQUEST		Search User	1780467765972	1780467766034	OK	 
REQUEST		Search User	1780467766174	1780467766218	OK	 
REQUEST		Search User	1780467766177	1780467766225	OK	 
REQUEST		Search User	1780467766189	1780467766241	OK	 
REQUEST		Search User	1780467766213	1780467766277	OK	 
REQUEST		Search User	1780467766220	1780467766307	OK	 
REQUEST		Search User	1780467766295	1780467766345	OK	 
REQUEST		Search User	1780467766396	1780467766453	OK	 
REQUEST		Search User	1780467766477	1780467766534	OK	 
REQUEST		Search User	1780467766479	1780467766544	OK	 
REQUEST		Search User	1780467766496	1780467766560	OK	 
REQUEST		Search User	1780467766498	1780467766560	OK	 
REQUEST		Search User	1780467766507	1780467766569	OK	 
REQUEST		Search User	1780467766621	1780467766707	OK	 
REQUEST		Search User	1780467766637	1780467766711	OK	 
REQUEST		Search User	1780467766651	1780467766718	OK	 
REQUEST		Search User	1780467766641	1780467766718	OK	 
REQUEST		Search User	1780467766637	1780467766718	OK	 
REQUEST		Search User	1780467766644	1780467766718	OK	 
REQUEST		Search User	1780467766646	1780467766718	OK	 
REQUEST		Search User	1780467766637	1780467766718	OK	 
REQUEST		Search User	1780467766576	1780467766720	OK	 
REQUEST		Search User	1780467766652	1780467766720	OK	 
REQUEST		Search User	1780467766576	1780467766725	OK	 
REQUEST		Search User	1780467766725	1780467766797	OK	 
REQUEST		Search User	1780467766718	1780467766801	OK	 
REQUEST		View Detail	1780467766757	1780467766803	OK	 
REQUEST		Search User	1780467766732	1780467766803	OK	 
REQUEST		Search User	1780467766721	1780467766803	OK	 
USER	Lab 06 - Browse and Search API	END	1780467766803
REQUEST		Search User	1780467766733	1780467766803	OK	 
USER	Lab 06 - Browse and Search API	START	1780467766803
REQUEST		Search User	1780467766733	1780467766808	OK	 
REQUEST		Search User	1780467766738	1780467766817	OK	 
REQUEST		Search User	1780467766838	1780467766883	OK	 
REQUEST		Search User	1780467766845	1780467766894	OK	 
REQUEST		Search User	1780467766847	1780467766898	OK	 
REQUEST		Search User	1780467766844	1780467766898	OK	 
REQUEST		Search User	1780467766851	1780467766898	OK	 
REQUEST		Search User	1780467766853	1780467766898	OK	 
REQUEST		Search User	1780467766849	1780467766898	OK	 
REQUEST		Search User	1780467766851	1780467766903	OK	 
REQUEST		Search User	1780467766845	1780467766903	OK	 
REQUEST		Search User	1780467766858	1780467766918	OK	 
REQUEST		Search User	1780467766856	1780467766918	OK	 
REQUEST		Search User	1780467766860	1780467766922	OK	 
REQUEST		List Users	1780467766803	1780467766960	OK	 
REQUEST		Search User	1780467766977	1780467767023	OK	 
REQUEST		Search User	1780467766974	1780467767022	OK	 
REQUEST		Search User	1780467767081	1780467767143	OK	 
REQUEST		Search User	1780467767079	1780467767145	OK	 
REQUEST		Search User	1780467767063	1780467767145	OK	 
REQUEST		Search User	1780467767083	1780467767145	OK	 
REQUEST		Search User	1780467767087	1780467767152	OK	 
REQUEST		Search User	1780467767085	1780467767159	OK	 
REQUEST		Search User	1780467767093	1780467767159	OK	 
REQUEST		Search User	1780467767202	1780467767248	OK	 
REQUEST		Search User	1780467767207	1780467767259	OK	 
REQUEST		Search User	1780467767173	1780467767262	OK	 
REQUEST		Search User	1780467767218	1780467767268	OK	 
REQUEST		Search User	1780467767230	1780467767271	OK	 
REQUEST		Search User	1780467767218	1780467767271	OK	 
REQUEST		Search User	1780467767225	1780467767271	OK	 
REQUEST		Search User	1780467767232	1780467767276	OK	 
REQUEST		Search User	1780467767226	1780467767276	OK	 
REQUEST		Search User	1780467767236	1780467767285	OK	 
REQUEST		Search User	1780467767237	1780467767321	OK	 
REQUEST		Search User	1780467767239	1780467767321	OK	 
REQUEST		Search User	1780467767239	1780467767331	OK	 
REQUEST		Search User	1780467767246	1780467767331	OK	 
REQUEST		Search User	1780467767244	1780467767331	OK	 
REQUEST		Search User	1780467767250	1780467767331	OK	 
REQUEST		Search User	1780467767240	1780467767331	OK	 
REQUEST		Search User	1780467767247	1780467767333	OK	 
REQUEST		Search User	1780467767253	1780467767336	OK	 
REQUEST		Search User	1780467767266	1780467767336	OK	 
REQUEST		Search User	1780467767249	1780467767336	OK	 
REQUEST		View Detail	1780467767265	1780467767342	OK	 
USER	Lab 06 - Browse and Search API	END	1780467767342
USER	Lab 06 - Browse and Search API	START	1780467767342
REQUEST		Search User	1780467767253	1780467767345	OK	 
REQUEST		Search User	1780467767340	1780467767393	OK	 
REQUEST		Search User	1780467767340	1780467767392	OK	 
REQUEST		Search User	1780467767340	1780467767397	OK	 
REQUEST		Search User	1780467767340	1780467767397	OK	 
REQUEST		Search User	1780467767396	1780467767458	OK	 
REQUEST		Search User	1780467767395	1780467767463	OK	 
REQUEST		List Users	1780467767342	1780467767498	OK	 
REQUEST		Search User	1780467767411	1780467767502	OK	 
REQUEST		Search User	1780467767491	1780467767545	OK	 
REQUEST		Search User	1780467767495	1780467767547	OK	 
REQUEST		Search User	1780467767491	1780467767547	OK	 
REQUEST		Search User	1780467767492	1780467767550	OK	 
REQUEST		Search User	1780467767492	1780467767550	OK	 
REQUEST		Search User	1780467767507	1780467767574	OK	 
REQUEST		Search User	1780467767553	1780467767608	OK	 
REQUEST		Search User	1780467767543	1780467767610	OK	 
REQUEST		Search User	1780467767559	1780467767613	OK	 
REQUEST		Search User	1780467767562	1780467767615	OK	 
REQUEST		Search User	1780467767559	1780467767621	OK	 
REQUEST		Search User	1780467767561	1780467767621	OK	 
REQUEST		Search User	1780467767561	1780467767625	OK	 
REQUEST		Search User	1780467767593	1780467767672	OK	 
REQUEST		Search User	1780467767643	1780467767688	OK	 
REQUEST		Search User	1780467767684	1780467767740	OK	 
REQUEST		View Detail	1780467767936	1780467767998	OK	 
USER	Lab 06 - Browse and Search API	END	1780467767999
USER	Lab 06 - Browse and Search API	START	1780467768000
REQUEST		View Detail	1780467768034	1780467768096	OK	 
USER	Lab 06 - Browse and Search API	END	1780467768097
USER	Lab 06 - Browse and Search API	START	1780467768097
REQUEST		List Users	1780467767999	1780467768149	OK	 
REQUEST		List Users	1780467768097	1780467768251	OK	 
REQUEST		View Detail	1780467768220	1780467768262	OK	 
USER	Lab 06 - Browse and Search API	END	1780467768262
USER	Lab 06 - Browse and Search API	START	1780467768263
REQUEST		View Detail	1780467768226	1780467768285	OK	 
USER	Lab 06 - Browse and Search API	END	1780467768285
USER	Lab 06 - Browse and Search API	START	1780467768285
REQUEST		View Detail	1780467768242	1780467768288	OK	 
USER	Lab 06 - Browse and Search API	END	1780467768288
USER	Lab 06 - Browse and Search API	START	1780467768288
REQUEST		View Detail	1780467768308	1780467768377	OK	 
REQUEST		View Detail	1780467768279	1780467768377	OK	 
USER	Lab 06 - Browse and Search API	END	1780467768377
USER	Lab 06 - Browse and Search API	END	1780467768377
USER	Lab 06 - Browse and Search API	START	1780467768378
USER	Lab 06 - Browse and Search API	START	1780467768378
REQUEST		View Detail	1780467768346	1780467768401	OK	 
USER	Lab 06 - Browse and Search API	END	1780467768402
USER	Lab 06 - Browse and Search API	START	1780467768402
REQUEST		List Users	1780467768263	1780467768444	OK	 
REQUEST		List Users	1780467768285	1780467768469	OK	 
REQUEST		View Detail	1780467768454	1780467768515	OK	 
USER	Lab 06 - Browse and Search API	END	1780467768515
USER	Lab 06 - Browse and Search API	START	1780467768516
REQUEST		List Users	1780467768288	1780467768521	OK	 
REQUEST		List Users	1780467768377	1780467768532	OK	 
REQUEST		List Users	1780467768402	1780467768558	OK	 
REQUEST		List Users	1780467768377	1780467768573	OK	 
REQUEST		View Detail	1780467768534	1780467768586	OK	 
USER	Lab 06 - Browse and Search API	END	1780467768586
USER	Lab 06 - Browse and Search API	START	1780467768587
REQUEST		View Detail	1780467768545	1780467768591	OK	 
USER	Lab 06 - Browse and Search API	END	1780467768591
USER	Lab 06 - Browse and Search API	START	1780467768591
REQUEST		View Detail	1780467768560	1780467768632	OK	 
USER	Lab 06 - Browse and Search API	END	1780467768632
USER	Lab 06 - Browse and Search API	START	1780467768632
REQUEST		View Detail	1780467768570	1780467768636	OK	 
REQUEST		View Detail	1780467768561	1780467768636	OK	 
USER	Lab 06 - Browse and Search API	END	1780467768636
USER	Lab 06 - Browse and Search API	END	1780467768637
USER	Lab 06 - Browse and Search API	START	1780467768637
USER	Lab 06 - Browse and Search API	START	1780467768637
REQUEST		List Users	1780467768515	1780467768712	OK	 
REQUEST		List Users	1780467768591	1780467768724	OK	 
REQUEST		List Users	1780467768586	1780467768726	OK	 
REQUEST		View Detail	1780467768708	1780467768753	OK	 
USER	Lab 06 - Browse and Search API	END	1780467768753
USER	Lab 06 - Browse and Search API	START	1780467768753
REQUEST		View Detail	1780467768712	1780467768760	OK	 
USER	Lab 06 - Browse and Search API	END	1780467768760
USER	Lab 06 - Browse and Search API	START	1780467768760
REQUEST		List Users	1780467768632	1780467768780	OK	 
REQUEST		View Detail	1780467768719	1780467768782	OK	 
REQUEST		View Detail	1780467768720	1780467768782	OK	 
REQUEST		List Users	1780467768637	1780467768782	OK	 
USER	Lab 06 - Browse and Search API	END	1780467768782
USER	Lab 06 - Browse and Search API	END	1780467768782
USER	Lab 06 - Browse and Search API	START	1780467768782
USER	Lab 06 - Browse and Search API	START	1780467768783
REQUEST		View Detail	1780467768720	1780467768784	OK	 
REQUEST		View Detail	1780467768720	1780467768784	OK	 
REQUEST		View Detail	1780467768720	1780467768784	OK	 
USER	Lab 06 - Browse and Search API	END	1780467768784
USER	Lab 06 - Browse and Search API	END	1780467768784
USER	Lab 06 - Browse and Search API	END	1780467768784
USER	Lab 06 - Browse and Search API	START	1780467768784
USER	Lab 06 - Browse and Search API	START	1780467768784
USER	Lab 06 - Browse and Search API	START	1780467768784
REQUEST		View Detail	1780467768720	1780467768786	OK	 
USER	Lab 06 - Browse and Search API	END	1780467768786
USER	Lab 06 - Browse and Search API	START	1780467768786
REQUEST		View Detail	1780467768722	1780467768795	OK	 
REQUEST		View Detail	1780467768721	1780467768795	OK	 
USER	Lab 06 - Browse and Search API	END	1780467768795
USER	Lab 06 - Browse and Search API	END	1780467768795
USER	Lab 06 - Browse and Search API	START	1780467768795
USER	Lab 06 - Browse and Search API	START	1780467768795
REQUEST		View Detail	1780467768727	1780467768800	OK	 
USER	Lab 06 - Browse and Search API	END	1780467768800
USER	Lab 06 - Browse and Search API	START	1780467768800
REQUEST		List Users	1780467768637	1780467768842	OK	 
REQUEST		View Detail	1780467768809	1780467768879	OK	 
REQUEST		View Detail	1780467768799	1780467768879	OK	 
REQUEST		View Detail	1780467768802	1780467768879	OK	 
REQUEST		View Detail	1780467768805	1780467768879	OK	 
USER	Lab 06 - Browse and Search API	END	1780467768880
USER	Lab 06 - Browse and Search API	END	1780467768880
USER	Lab 06 - Browse and Search API	END	1780467768880
USER	Lab 06 - Browse and Search API	END	1780467768880
USER	Lab 06 - Browse and Search API	START	1780467768880
USER	Lab 06 - Browse and Search API	START	1780467768880
USER	Lab 06 - Browse and Search API	START	1780467768880
USER	Lab 06 - Browse and Search API	START	1780467768880
REQUEST		View Detail	1780467768804	1780467768884	OK	 
USER	Lab 06 - Browse and Search API	END	1780467768884
USER	Lab 06 - Browse and Search API	START	1780467768885
REQUEST		View Detail	1780467768804	1780467768889	OK	 
USER	Lab 06 - Browse and Search API	END	1780467768889
USER	Lab 06 - Browse and Search API	START	1780467768889
REQUEST		View Detail	1780467768818	1780467768891	OK	 
USER	Lab 06 - Browse and Search API	END	1780467768891
USER	Lab 06 - Browse and Search API	START	1780467768891
REQUEST		List Users	1780467768782	1780467768936	OK	 
REQUEST		List Users	1780467768782	1780467768936	OK	 
REQUEST		List Users	1780467768753	1780467768941	OK	 
REQUEST		View Detail	1780467768884	1780467768945	OK	 
REQUEST		List Users	1780467768786	1780467768945	OK	 
USER	Lab 06 - Browse and Search API	END	1780467768945
USER	Lab 06 - Browse and Search API	START	1780467768945
REQUEST		List Users	1780467768784	1780467768947	OK	 
REQUEST		List Users	1780467768760	1780467768967	OK	 
REQUEST		List Users	1780467768784	1780467768967	OK	 
REQUEST		View Detail	1780467768894	1780467768967	OK	 
REQUEST		View Detail	1780467768899	1780467768967	OK	 
USER	Lab 06 - Browse and Search API	END	1780467768967
USER	Lab 06 - Browse and Search API	END	1780467768967
USER	Lab 06 - Browse and Search API	START	1780467768967
USER	Lab 06 - Browse and Search API	START	1780467768967
REQUEST		View Detail	1780467768899	1780467768969	OK	 
REQUEST		List Users	1780467768784	1780467768969	OK	 
USER	Lab 06 - Browse and Search API	END	1780467768969
REQUEST		View Detail	1780467768899	1780467768969	OK	 
REQUEST		View Detail	1780467768904	1780467768969	OK	 
USER	Lab 06 - Browse and Search API	END	1780467768969
USER	Lab 06 - Browse and Search API	START	1780467768969
USER	Lab 06 - Browse and Search API	END	1780467768969
USER	Lab 06 - Browse and Search API	START	1780467768969
USER	Lab 06 - Browse and Search API	START	1780467768969
REQUEST		View Detail	1780467768904	1780467768971	OK	 
REQUEST		View Detail	1780467768900	1780467768971	OK	 
USER	Lab 06 - Browse and Search API	END	1780467768971
USER	Lab 06 - Browse and Search API	END	1780467768971
USER	Lab 06 - Browse and Search API	START	1780467768971
USER	Lab 06 - Browse and Search API	START	1780467768971
REQUEST		List Users	1780467768795	1780467768982	OK	 
REQUEST		View Detail	1780467768919	1780467768990	OK	 
REQUEST		View Detail	1780467768918	1780467768990	OK	 
USER	Lab 06 - Browse and Search API	END	1780467768990
USER	Lab 06 - Browse and Search API	END	1780467768990
USER	Lab 06 - Browse and Search API	START	1780467768990
USER	Lab 06 - Browse and Search API	START	1780467768990
REQUEST		List Users	1780467768795	1780467768992	OK	 
REQUEST		View Detail	1780467768899	1780467768992	OK	 
REQUEST		List Users	1780467768800	1780467768992	OK	 
USER	Lab 06 - Browse and Search API	END	1780467768992
USER	Lab 06 - Browse and Search API	START	1780467768992
REQUEST		View Detail	1780467768923	1780467768995	OK	 
USER	Lab 06 - Browse and Search API	END	1780467768995
USER	Lab 06 - Browse and Search API	START	1780467768995
REQUEST		List Users	1780467768885	1780467769070	OK	 
REQUEST		Search User	1780467768961	1780467769070	OK	 
REQUEST		List Users	1780467768880	1780467769072	OK	 
REQUEST		View Detail	1780467769023	1780467769076	OK	 
USER	Lab 06 - Browse and Search API	END	1780467769076
USER	Lab 06 - Browse and Search API	START	1780467769076
REQUEST		View Detail	1780467769024	1780467769084	OK	 
USER	Lab 06 - Browse and Search API	END	1780467769084
USER	Lab 06 - Browse and Search API	START	1780467769084
REQUEST		List Users	1780467768891	1780467769137	OK	 
REQUEST		List Users	1780467768880	1780467769145	OK	 
REQUEST		List Users	1780467768880	1780467769178	OK	 
REQUEST		List Users	1780467768880	1780467769180	OK	 
REQUEST		List Users	1780467768889	1780467769180	OK	 
REQUEST		List Users	1780467768967	1780467769229	OK	 
REQUEST		List Users	1780467768969	1780467769229	OK	 
REQUEST		List Users	1780467768992	1780467769231	OK	 
REQUEST		List Users	1780467768945	1780467769238	OK	 
REQUEST		View Detail	1780467769144	1780467769240	OK	 
REQUEST		View Detail	1780467769146	1780467769240	OK	 
REQUEST		View Detail	1780467769146	1780467769240	OK	 
REQUEST		List Users	1780467768990	1780467769240	OK	 
USER	Lab 06 - Browse and Search API	END	1780467769240
USER	Lab 06 - Browse and Search API	END	1780467769240
USER	Lab 06 - Browse and Search API	END	1780467769240
USER	Lab 06 - Browse and Search API	START	1780467769240
USER	Lab 06 - Browse and Search API	START	1780467769240
USER	Lab 06 - Browse and Search API	START	1780467769240
REQUEST		View Detail	1780467769147	1780467769242	OK	 
USER	Lab 06 - Browse and Search API	END	1780467769242
REQUEST		List Users	1780467768969	1780467769242	OK	 
USER	Lab 06 - Browse and Search API	START	1780467769242
REQUEST		List Users	1780467768995	1780467769244	OK	 
REQUEST		View Detail	1780467769152	1780467769244	OK	 
USER	Lab 06 - Browse and Search API	END	1780467769244
REQUEST		List Users	1780467768971	1780467769244	OK	 
USER	Lab 06 - Browse and Search API	START	1780467769244
REQUEST		List Users	1780467768967	1780467769252	OK	 
REQUEST		List Users	1780467768969	1780467769252	OK	 
REQUEST		View Detail	1780467769160	1780467769261	OK	 
REQUEST		List Users	1780467768971	1780467769261	OK	 
REQUEST		View Detail	1780467769161	1780467769261	OK	 
REQUEST		List Users	1780467768990	1780467769261	OK	 
USER	Lab 06 - Browse and Search API	END	1780467769261
USER	Lab 06 - Browse and Search API	END	1780467769261
USER	Lab 06 - Browse and Search API	START	1780467769261
USER	Lab 06 - Browse and Search API	START	1780467769261
REQUEST		View Detail	1780467769250	1780467769318	OK	 
USER	Lab 06 - Browse and Search API	END	1780467769319
USER	Lab 06 - Browse and Search API	START	1780467769319
REQUEST		View Detail	1780467769260	1780467769325	OK	 
USER	Lab 06 - Browse and Search API	END	1780467769325
USER	Lab 06 - Browse and Search API	START	1780467769325
REQUEST		List Users	1780467769076	1780467769329	OK	 
REQUEST		List Users	1780467769084	1780467769331	OK	 
REQUEST		View Detail	1780467769268	1780467769367	OK	 
REQUEST		View Detail	1780467769272	1780467769367	OK	 
REQUEST		View Detail	1780467769272	1780467769367	OK	 
REQUEST		View Detail	1780467769272	1780467769367	OK	 
REQUEST		View Detail	1780467769277	1780467769367	OK	 
REQUEST		View Detail	1780467769277	1780467769368	OK	 
USER	Lab 06 - Browse and Search API	END	1780467769368
USER	Lab 06 - Browse and Search API	END	1780467769368
USER	Lab 06 - Browse and Search API	END	1780467769368
USER	Lab 06 - Browse and Search API	END	1780467769368
USER	Lab 06 - Browse and Search API	END	1780467769368
USER	Lab 06 - Browse and Search API	END	1780467769368
REQUEST		View Detail	1780467769285	1780467769368	OK	 
USER	Lab 06 - Browse and Search API	END	1780467769368
USER	Lab 06 - Browse and Search API	START	1780467769368
USER	Lab 06 - Browse and Search API	START	1780467769368
USER	Lab 06 - Browse and Search API	START	1780467769368
USER	Lab 06 - Browse and Search API	START	1780467769368
USER	Lab 06 - Browse and Search API	START	1780467769368
USER	Lab 06 - Browse and Search API	START	1780467769368
USER	Lab 06 - Browse and Search API	START	1780467769368
REQUEST		View Detail	1780467769322	1780467769372	OK	 
USER	Lab 06 - Browse and Search API	END	1780467769373
USER	Lab 06 - Browse and Search API	START	1780467769373
REQUEST		View Detail	1780467769321	1780467769376	OK	 
REQUEST		View Detail	1780467769263	1780467769376	OK	 
USER	Lab 06 - Browse and Search API	END	1780467769376
USER	Lab 06 - Browse and Search API	END	1780467769376
USER	Lab 06 - Browse and Search API	START	1780467769376
USER	Lab 06 - Browse and Search API	START	1780467769376
REQUEST		View Detail	1780467769333	1780467769418	OK	 
REQUEST		View Detail	1780467769333	1780467769418	OK	 
REQUEST		View Detail	1780467769334	1780467769418	OK	 
REQUEST		View Detail	1780467769333	1780467769418	OK	 
USER	Lab 06 - Browse and Search API	END	1780467769418
USER	Lab 06 - Browse and Search API	END	1780467769418
USER	Lab 06 - Browse and Search API	END	1780467769418
USER	Lab 06 - Browse and Search API	END	1780467769418
USER	Lab 06 - Browse and Search API	START	1780467769418
USER	Lab 06 - Browse and Search API	START	1780467769418
USER	Lab 06 - Browse and Search API	START	1780467769418
USER	Lab 06 - Browse and Search API	START	1780467769418
REQUEST		View Detail	1780467769337	1780467769421	OK	 
REQUEST		View Detail	1780467769346	1780467769421	OK	 
USER	Lab 06 - Browse and Search API	END	1780467769421
USER	Lab 06 - Browse and Search API	START	1780467769421
USER	Lab 06 - Browse and Search API	END	1780467769421
USER	Lab 06 - Browse and Search API	START	1780467769421
REQUEST		View Detail	1780467769336	1780467769423	OK	 
USER	Lab 06 - Browse and Search API	END	1780467769423
USER	Lab 06 - Browse and Search API	START	1780467769423
REQUEST		List Users	1780467769240	1780467769426	OK	 
REQUEST		List Users	1780467769261	1780467769431	OK	 
REQUEST		List Users	1780467769242	1780467769435	OK	 
REQUEST		View Detail	1780467769333	1780467769436	OK	 
REQUEST		List Users	1780467769244	1780467769436	OK	 
USER	Lab 06 - Browse and Search API	END	1780467769436
USER	Lab 06 - Browse and Search API	START	1780467769436
REQUEST		List Users	1780467769240	1780467769437	OK	 
REQUEST		List Users	1780467769240	1780467769438	OK	 
REQUEST		View Detail	1780467769334	1780467769438	OK	 
USER	Lab 06 - Browse and Search API	END	1780467769438
USER	Lab 06 - Browse and Search API	START	1780467769438
REQUEST		View Detail	1780467769336	1780467769440	OK	 
USER	Lab 06 - Browse and Search API	END	1780467769440
USER	Lab 06 - Browse and Search API	START	1780467769440
REQUEST		View Detail	1780467769394	1780467769446	OK	 
REQUEST		View Detail	1780467769393	1780467769446	OK	 
REQUEST		View Detail	1780467769397	1780467769446	OK	 
USER	Lab 06 - Browse and Search API	END	1780467769446
USER	Lab 06 - Browse and Search API	END	1780467769446
USER	Lab 06 - Browse and Search API	END	1780467769446
USER	Lab 06 - Browse and Search API	START	1780467769446
USER	Lab 06 - Browse and Search API	START	1780467769446
USER	Lab 06 - Browse and Search API	START	1780467769446
REQUEST		View Detail	1780467769397	1780467769447	OK	 
USER	Lab 06 - Browse and Search API	END	1780467769448
USER	Lab 06 - Browse and Search API	START	1780467769448
REQUEST		List Users	1780467769319	1780467769512	OK	 
REQUEST		List Users	1780467769261	1780467769526	OK	 
REQUEST		List Users	1780467769325	1780467769530	OK	 
REQUEST		View Detail	1780467769460	1780467769532	OK	 
USER	Lab 06 - Browse and Search API	END	1780467769532
USER	Lab 06 - Browse and Search API	START	1780467769533
REQUEST		View Detail	1780467769464	1780467769538	OK	 
USER	Lab 06 - Browse and Search API	END	1780467769538
USER	Lab 06 - Browse and Search API	START	1780467769538
REQUEST		List Users	1780467769368	1780467769566	OK	 
REQUEST		List Users	1780467769368	1780467769568	OK	 
REQUEST		List Users	1780467769368	1780467769568	OK	 
REQUEST		Search User	1780467769499	1780467769568	OK	 
REQUEST		List Users	1780467769368	1780467769570	OK	 
REQUEST		List Users	1780467769368	1780467769572	OK	 
REQUEST		List Users	1780467769376	1780467769574	OK	 
REQUEST		List Users	1780467769376	1780467769574	OK	 
REQUEST		View Detail	1780467769504	1780467769574	OK	 
USER	Lab 06 - Browse and Search API	END	1780467769574
USER	Lab 06 - Browse and Search API	START	1780467769575
REQUEST		List Users	1780467769373	1780467769587	OK	 
REQUEST		List Users	1780467769368	1780467769592	OK	 
REQUEST		List Users	1780467769368	1780467769592	OK	 
REQUEST		List Users	1780467769446	1780467769671	OK	 
REQUEST		View Detail	1780467769547	1780467769674	OK	 
USER	Lab 06 - Browse and Search API	END	1780467769674
USER	Lab 06 - Browse and Search API	START	1780467769675
REQUEST		List Users	1780467769446	1780467769676	OK	 
REQUEST		View Detail	1780467769551	1780467769676	OK	 
USER	Lab 06 - Browse and Search API	END	1780467769676
USER	Lab 06 - Browse and Search API	START	1780467769677
REQUEST		List Users	1780467769421	1780467769685	OK	 
REQUEST		List Users	1780467769436	1780467769685	OK	 
REQUEST		View Detail	1780467769609	1780467769685	OK	 
REQUEST		View Detail	1780467769547	1780467769685	OK	 
USER	Lab 06 - Browse and Search API	END	1780467769685
USER	Lab 06 - Browse and Search API	END	1780467769685
USER	Lab 06 - Browse and Search API	START	1780467769685
USER	Lab 06 - Browse and Search API	START	1780467769685
REQUEST		View Detail	1780467769614	1780467769687	OK	 
REQUEST		View Detail	1780467769545	1780467769687	OK	 
REQUEST		List Users	1780467769440	1780467769687	OK	 
USER	Lab 06 - Browse and Search API	END	1780467769687
USER	Lab 06 - Browse and Search API	END	1780467769687
USER	Lab 06 - Browse and Search API	START	1780467769687
USER	Lab 06 - Browse and Search API	START	1780467769687
REQUEST		List Users	1780467769421	1780467769689	OK	 
REQUEST		List Users	1780467769418	1780467769693	OK	 
REQUEST		View Detail	1780467769621	1780467769693	OK	 
USER	Lab 06 - Browse and Search API	END	1780467769693
USER	Lab 06 - Browse and Search API	START	1780467769694
REQUEST		View Detail	1780467769551	1780467769698	OK	 
REQUEST		View Detail	1780467769621	1780467769698	OK	 
USER	Lab 06 - Browse and Search API	END	1780467769699
USER	Lab 06 - Browse and Search API	END	1780467769699
USER	Lab 06 - Browse and Search API	START	1780467769699
USER	Lab 06 - Browse and Search API	START	1780467769699
REQUEST		View Detail	1780467769616	1780467769703	OK	 
REQUEST		View Detail	1780467769627	1780467769704	OK	 
REQUEST		List Users	1780467769418	1780467769704	OK	 
USER	Lab 06 - Browse and Search API	END	1780467769704
REQUEST		View Detail	1780467769575	1780467769704	OK	 
USER	Lab 06 - Browse and Search API	END	1780467769704
USER	Lab 06 - Browse and Search API	END	1780467769704
USER	Lab 06 - Browse and Search API	START	1780467769704
USER	Lab 06 - Browse and Search API	START	1780467769704
USER	Lab 06 - Browse and Search API	START	1780467769704
REQUEST		List Users	1780467769446	1780467769706	OK	 
REQUEST		View Detail	1780467769611	1780467769710	OK	 
REQUEST		List Users	1780467769418	1780467769710	OK	 
USER	Lab 06 - Browse and Search API	END	1780467769710
USER	Lab 06 - Browse and Search API	START	1780467769710
REQUEST		List Users	1780467769423	1780467769719	OK	 
REQUEST		List Users	1780467769448	1780467769723	OK	 
REQUEST		List Users	1780467769438	1780467769723	OK	 
REQUEST		List Users	1780467769418	1780467769725	OK	 
REQUEST		View Detail	1780467769689	1780467769825	OK	 
USER	Lab 06 - Browse and Search API	END	1780467769826
USER	Lab 06 - Browse and Search API	START	1780467769826
REQUEST		List Users	1780467769533	1780467769827	OK	 
REQUEST		List Users	1780467769538	1780467769832	OK	 
REQUEST		View Detail	1780467769741	1780467769832	OK	 
USER	Lab 06 - Browse and Search API	END	1780467769832
USER	Lab 06 - Browse and Search API	START	1780467769832
REQUEST		List Users	1780467769575	1780467769834	OK	 
REQUEST		View Detail	1780467769674	1780467769839	OK	 
USER	Lab 06 - Browse and Search API	END	1780467769839
USER	Lab 06 - Browse and Search API	START	1780467769839
REQUEST		List Users	1780467769687	1780467769899	OK	 
REQUEST		List Users	1780467769685	1780467769902	OK	 
REQUEST		List Users	1780467769674	1780467769912	OK	 
REQUEST		List Users	1780467769676	1780467769915	OK	 
REQUEST		List Users	1780467769685	1780467769915	OK	 
REQUEST		List Users	1780467769693	1780467769927	OK	 
REQUEST		List Users	1780467769687	1780467769927	OK	 
REQUEST		List Users	1780467769704	1780467769938	OK	 
REQUEST		List Users	1780467769704	1780467769940	OK	 
REQUEST		List Users	1780467769699	1780467769942	OK	 
REQUEST		List Users	1780467769704	1780467769942	OK	 
REQUEST		List Users	1780467769710	1780467769944	OK	 
REQUEST		List Users	1780467769699	1780467769946	OK	 
REQUEST		List Users	1780467769826	1780467769975	OK	 
REQUEST		List Users	1780467769832	1780467769981	OK	 
REQUEST		List Users	1780467769839	1780467770103	OK	 
REQUEST		Search User	1780467770151	1780467770201	OK	 
REQUEST		Search User	1780467770253	1780467770302	OK	 
REQUEST		Search User	1780467770445	1780467770494	OK	 
REQUEST		Search User	1780467770470	1780467770518	OK	 
REQUEST		Search User	1780467770533	1780467770575	OK	 
REQUEST		Search User	1780467770522	1780467770579	OK	 
REQUEST		Search User	1780467770559	1780467770621	OK	 
REQUEST		Search User	1780467770574	1780467770631	OK	 
REQUEST		Search User	1780467770713	1780467770773	OK	 
REQUEST		Search User	1780467770728	1780467770795	OK	 
REQUEST		Search User	1780467770725	1780467770795	OK	 
REQUEST		Search User	1780467770782	1780467770826	OK	 
REQUEST		Search User	1780467770783	1780467770845	OK	 
REQUEST		Search User	1780467770843	1780467770919	OK	 
REQUEST		Search User	1780467770936	1780467770994	OK	 
REQUEST		Search User	1780467770936	1780467770999	OK	 
REQUEST		Search User	1780467770942	1780467771001	OK	 
REQUEST		Search User	1780467770948	1780467771007	OK	 
REQUEST		Search User	1780467770946	1780467771007	OK	 
REQUEST		Search User	1780467770968	1780467771016	OK	 
REQUEST		Search User	1780467770967	1780467771021	OK	 
REQUEST		Search User	1780467770970	1780467771033	OK	 
REQUEST		Search User	1780467770983	1780467771036	OK	 
REQUEST		Search User	1780467770993	1780467771055	OK	 
REQUEST		Search User	1780467770992	1780467771071	OK	 
REQUEST		Search User	1780467771072	1780467771115	OK	 
REQUEST		Search User	1780467771073	1780467771115	OK	 
REQUEST		View Detail	1780467771071	1780467771125	OK	 
USER	Lab 06 - Browse and Search API	END	1780467771125
USER	Lab 06 - Browse and Search API	START	1780467771126
REQUEST		Search User	1780467771139	1780467771183	OK	 
REQUEST		Search User	1780467771146	1780467771197	OK	 
REQUEST		Search User	1780467771181	1780467771237	OK	 
REQUEST		Search User	1780467771181	1780467771237	OK	 
REQUEST		Search User	1780467771180	1780467771237	OK	 
REQUEST		List Users	1780467771126	1780467771270	OK	 
REQUEST		Search User	1780467771232	1780467771276	OK	 
REQUEST		Search User	1780467771231	1780467771280	OK	 
REQUEST		Search User	1780467771230	1780467771280	OK	 
REQUEST		Search User	1780467771239	1780467771306	OK	 
REQUEST		Search User	1780467771240	1780467771306	OK	 
REQUEST		Search User	1780467771243	1780467771306	OK	 
REQUEST		Search User	1780467771253	1780467771317	OK	 
REQUEST		Search User	1780467771262	1780467771317	OK	 
REQUEST		Search User	1780467771246	1780467771317	OK	 
REQUEST		Search User	1780467771246	1780467771332	OK	 
REQUEST		Search User	1780467771253	1780467771332	OK	 
REQUEST		Search User	1780467771262	1780467771332	OK	 
REQUEST		Search User	1780467771330	1780467771411	OK	 
REQUEST		Search User	1780467771332	1780467771411	OK	 
REQUEST		Search User	1780467771427	1780467771476	OK	 
REQUEST		Search User	1780467771432	1780467771476	OK	 
REQUEST		Search User	1780467771436	1780467771481	OK	 
REQUEST		Search User	1780467771436	1780467771481	OK	 
REQUEST		Search User	1780467771439	1780467771491	OK	 
REQUEST		Search User	1780467771439	1780467771491	OK	 
REQUEST		Search User	1780467771513	1780467771574	OK	 
REQUEST		Search User	1780467771530	1780467771585	OK	 
REQUEST		Search User	1780467771527	1780467771585	OK	 
REQUEST		Search User	1780467771567	1780467771614	OK	 
REQUEST		View Detail	1780467771569	1780467771614	OK	 
REQUEST		Search User	1780467771569	1780467771614	OK	 
USER	Lab 06 - Browse and Search API	END	1780467771614
USER	Lab 06 - Browse and Search API	START	1780467771615
REQUEST		Search User	1780467771571	1780467771617	OK	 
REQUEST		Search User	1780467771569	1780467771617	OK	 
REQUEST		Search User	1780467771572	1780467771670	OK	 
REQUEST		Search User	1780467771575	1780467771670	OK	 
REQUEST		Search User	1780467771575	1780467771675	OK	 
REQUEST		Search User	1780467771593	1780467771685	OK	 
REQUEST		Search User	1780467771592	1780467771685	OK	 
REQUEST		Search User	1780467771589	1780467771691	OK	 
REQUEST		Search User	1780467771672	1780467771723	OK	 
REQUEST		Search User	1780467771677	1780467771723	OK	 
REQUEST		Search User	1780467771695	1780467771742	OK	 
REQUEST		Search User	1780467771686	1780467771746	OK	 
REQUEST		Search User	1780467771688	1780467771746	OK	 
REQUEST		Search User	1780467771686	1780467771749	OK	 
REQUEST		Search User	1780467771690	1780467771749	OK	 
REQUEST		Search User	1780467771705	1780467771757	OK	 
REQUEST		List Users	1780467771614	1780467771777	OK	 
REQUEST		Search User	1780467771707	1780467771777	OK	 
REQUEST		Search User	1780467771711	1780467771790	OK	 
REQUEST		Search User	1780467771726	1780467771790	OK	 
REQUEST		Search User	1780467771724	1780467771790	OK	 
REQUEST		Search User	1780467771724	1780467771793	OK	 
REQUEST		Search User	1780467771719	1780467771793	OK	 
REQUEST		Search User	1780467771829	1780467771880	OK	 
REQUEST		Search User	1780467771832	1780467771880	OK	 
REQUEST		Search User	1780467771835	1780467771880	OK	 
REQUEST		Search User	1780467771904	1780467771952	OK	 
REQUEST		Search User	1780467771916	1780467771960	OK	 
REQUEST		Search User	1780467771916	1780467771962	OK	 
REQUEST		Search User	1780467771900	1780467771962	OK	 
REQUEST		Search User	1780467771913	1780467771962	OK	 
REQUEST		Search User	1780467771928	1780467771985	OK	 
REQUEST		Search User	1780467771938	1780467771985	OK	 
REQUEST		Search User	1780467771927	1780467771987	OK	 
REQUEST		Search User	1780467771940	1780467771987	OK	 
REQUEST		Search User	1780467771943	1780467771994	OK	 
REQUEST		Search User	1780467771942	1780467771994	OK	 
REQUEST		Search User	1780467771944	1780467771994	OK	 
REQUEST		Search User	1780467771947	1780467771994	OK	 
REQUEST		Search User	1780467771976	1780467772027	OK	 
REQUEST		Search User	1780467771982	1780467772037	OK	 
REQUEST		Search User	1780467772103	1780467772164	OK	 
REQUEST		View Detail	1780467772202	1780467772258	OK	 
USER	Lab 06 - Browse and Search API	END	1780467772258
USER	Lab 06 - Browse and Search API	START	1780467772258
REQUEST		View Detail	1780467772303	1780467772368	OK	 
USER	Lab 06 - Browse and Search API	END	1780467772368
USER	Lab 06 - Browse and Search API	START	1780467772368
REQUEST		List Users	1780467772258	1780467772423	OK	 
REQUEST		List Users	1780467772368	1780467772545	OK	 
REQUEST		View Detail	1780467772495	1780467772552	OK	 
USER	Lab 06 - Browse and Search API	END	1780467772553
USER	Lab 06 - Browse and Search API	START	1780467772553
REQUEST		View Detail	1780467772519	1780467772574	OK	 
USER	Lab 06 - Browse and Search API	END	1780467772574
USER	Lab 06 - Browse and Search API	START	1780467772574
REQUEST		View Detail	1780467772576	1780467772618	OK	 
USER	Lab 06 - Browse and Search API	END	1780467772619
USER	Lab 06 - Browse and Search API	START	1780467772619
REQUEST		View Detail	1780467772579	1780467772657	OK	 
USER	Lab 06 - Browse and Search API	END	1780467772658
USER	Lab 06 - Browse and Search API	START	1780467772658
REQUEST		List Users	1780467772553	1780467772704	OK	 
REQUEST		View Detail	1780467772622	1780467772704	OK	 
USER	Lab 06 - Browse and Search API	END	1780467772704
USER	Lab 06 - Browse and Search API	START	1780467772704
REQUEST		View Detail	1780467772633	1780467772720	OK	 
REQUEST		List Users	1780467772574	1780467772720	OK	 
USER	Lab 06 - Browse and Search API	END	1780467772720
USER	Lab 06 - Browse and Search API	START	1780467772720
REQUEST		List Users	1780467772619	1780467772824	OK	 
REQUEST		View Detail	1780467772796	1780467772856	OK	 
USER	Lab 06 - Browse and Search API	END	1780467772856
USER	Lab 06 - Browse and Search API	START	1780467772857
REQUEST		View Detail	1780467772796	1780467772860	OK	 
USER	Lab 06 - Browse and Search API	END	1780467772860
USER	Lab 06 - Browse and Search API	START	1780467772861
REQUEST		View Detail	1780467772775	1780467772869	OK	 
USER	Lab 06 - Browse and Search API	END	1780467772869
USER	Lab 06 - Browse and Search API	START	1780467772870
REQUEST		List Users	1780467772704	1780467772931	OK	 
REQUEST		View Detail	1780467772827	1780467772931	OK	 
REQUEST		View Detail	1780467772846	1780467772931	OK	 
USER	Lab 06 - Browse and Search API	END	1780467772931
USER	Lab 06 - Browse and Search API	END	1780467772931
USER	Lab 06 - Browse and Search API	START	1780467772931
USER	Lab 06 - Browse and Search API	START	1780467772931
REQUEST		List Users	1780467772658	1780467772956	OK	 
REQUEST		View Detail	1780467772920	1780467773043	OK	 
USER	Lab 06 - Browse and Search API	END	1780467773043
USER	Lab 06 - Browse and Search API	START	1780467773043
REQUEST		List Users	1780467772720	1780467773052	OK	 
REQUEST		View Detail	1780467773018	1780467773091	OK	 
USER	Lab 06 - Browse and Search API	END	1780467773091
USER	Lab 06 - Browse and Search API	START	1780467773091
REQUEST		View Detail	1780467773000	1780467773093	OK	 
USER	Lab 06 - Browse and Search API	END	1780467773093
USER	Lab 06 - Browse and Search API	START	1780467773093
REQUEST		View Detail	1780467772995	1780467773098	OK	 
USER	Lab 06 - Browse and Search API	END	1780467773098
USER	Lab 06 - Browse and Search API	START	1780467773098
REQUEST		View Detail	1780467773008	1780467773102	OK	 
USER	Lab 06 - Browse and Search API	END	1780467773102
USER	Lab 06 - Browse and Search API	START	1780467773102
REQUEST		View Detail	1780467773007	1780467773106	OK	 
USER	Lab 06 - Browse and Search API	END	1780467773106
USER	Lab 06 - Browse and Search API	START	1780467773106
REQUEST		List Users	1780467772856	1780467773112	OK	 
REQUEST		View Detail	1780467773001	1780467773112	OK	 
USER	Lab 06 - Browse and Search API	END	1780467773112
USER	Lab 06 - Browse and Search API	START	1780467773112
REQUEST		List Users	1780467772870	1780467773120	OK	 
REQUEST		View Detail	1780467773023	1780467773125	OK	 
USER	Lab 06 - Browse and Search API	END	1780467773125
USER	Lab 06 - Browse and Search API	START	1780467773125
REQUEST		View Detail	1780467773037	1780467773145	OK	 
REQUEST		List Users	1780467772860	1780467773145	OK	 
USER	Lab 06 - Browse and Search API	END	1780467773145
USER	Lab 06 - Browse and Search API	START	1780467773145
REQUEST		View Detail	1780467773056	1780467773153	OK	 
USER	Lab 06 - Browse and Search API	END	1780467773153
USER	Lab 06 - Browse and Search API	START	1780467773153
REQUEST		View Detail	1780467773034	1780467773155	OK	 
USER	Lab 06 - Browse and Search API	END	1780467773156
USER	Lab 06 - Browse and Search API	START	1780467773156
REQUEST		View Detail	1780467773116	1780467773245	OK	 
USER	Lab 06 - Browse and Search API	END	1780467773245
USER	Lab 06 - Browse and Search API	START	1780467773245
REQUEST		View Detail	1780467773184	1780467773247	OK	 
USER	Lab 06 - Browse and Search API	END	1780467773247
USER	Lab 06 - Browse and Search API	START	1780467773248
REQUEST		View Detail	1780467773197	1780467773252	OK	 
USER	Lab 06 - Browse and Search API	END	1780467773252
USER	Lab 06 - Browse and Search API	START	1780467773252
REQUEST		View Detail	1780467773115	1780467773258	OK	 
USER	Lab 06 - Browse and Search API	END	1780467773258
USER	Lab 06 - Browse and Search API	START	1780467773259
REQUEST		List Users	1780467772931	1780467773261	OK	 
REQUEST		List Users	1780467772931	1780467773261	OK	 
REQUEST		View Detail	1780467773071	1780467773280	OK	 
USER	Lab 06 - Browse and Search API	END	1780467773280
USER	Lab 06 - Browse and Search API	START	1780467773280
REQUEST		List Users	1780467773043	1780467773320	OK	 
REQUEST		View Detail	1780467773280	1780467773322	OK	 
USER	Lab 06 - Browse and Search API	END	1780467773322
USER	Lab 06 - Browse and Search API	START	1780467773322
REQUEST		View Detail	1780467773239	1780467773325	OK	 
REQUEST		Search User	1780467773271	1780467773325	OK	 
USER	Lab 06 - Browse and Search API	END	1780467773326
USER	Lab 06 - Browse and Search API	START	1780467773326
REQUEST		View Detail	1780467773239	1780467773328	OK	 
REQUEST		View Detail	1780467773277	1780467773328	OK	 
REQUEST		View Detail	1780467773281	1780467773328	OK	 
REQUEST		View Detail	1780467773239	1780467773328	OK	 
USER	Lab 06 - Browse and Search API	END	1780467773328
USER	Lab 06 - Browse and Search API	END	1780467773328
USER	Lab 06 - Browse and Search API	END	1780467773328
USER	Lab 06 - Browse and Search API	END	1780467773328
USER	Lab 06 - Browse and Search API	START	1780467773328
USER	Lab 06 - Browse and Search API	START	1780467773328
USER	Lab 06 - Browse and Search API	START	1780467773329
USER	Lab 06 - Browse and Search API	START	1780467773329
REQUEST		View Detail	1780467773307	1780467773411	OK	 
REQUEST		List Users	1780467773098	1780467773411	OK	 
REQUEST		View Detail	1780467773307	1780467773411	OK	 
USER	Lab 06 - Browse and Search API	END	1780467773411
USER	Lab 06 - Browse and Search API	END	1780467773411
USER	Lab 06 - Browse and Search API	START	1780467773411
USER	Lab 06 - Browse and Search API	START	1780467773412
REQUEST		List Users	1780467773106	1780467773414	OK	 
REQUEST		View Detail	1780467773308	1780467773414	OK	 
REQUEST		List Users	1780467773112	1780467773414	OK	 
USER	Lab 06 - Browse and Search API	END	1780467773414
USER	Lab 06 - Browse and Search API	START	1780467773414
REQUEST		List Users	1780467773153	1780467773418	OK	 
REQUEST		List Users	1780467773125	1780467773427	OK	 
REQUEST		View Detail	1780467773318	1780467773431	OK	 
USER	Lab 06 - Browse and Search API	END	1780467773431
USER	Lab 06 - Browse and Search API	START	1780467773431
REQUEST		List Users	1780467773145	1780467773433	OK	 
REQUEST		List Users	1780467773102	1780467773435	OK	 
REQUEST		View Detail	1780467773318	1780467773440	OK	 
REQUEST		View Detail	1780467773319	1780467773440	OK	 
USER	Lab 06 - Browse and Search API	END	1780467773440
USER	Lab 06 - Browse and Search API	END	1780467773440
USER	Lab 06 - Browse and Search API	START	1780467773441
USER	Lab 06 - Browse and Search API	START	1780467773441
REQUEST		List Users	1780467773091	1780467773447	OK	 
REQUEST		List Users	1780467773245	1780467773458	OK	 
REQUEST		View Detail	1780467773334	1780467773461	OK	 
REQUEST		View Detail	1780467773333	1780467773461	OK	 
USER	Lab 06 - Browse and Search API	END	1780467773461
USER	Lab 06 - Browse and Search API	END	1780467773461
USER	Lab 06 - Browse and Search API	START	1780467773461
USER	Lab 06 - Browse and Search API	START	1780467773461
REQUEST		View Detail	1780467773334	1780467773463	OK	 
USER	Lab 06 - Browse and Search API	END	1780467773464
USER	Lab 06 - Browse and Search API	START	1780467773464
REQUEST		List Users	1780467773156	1780467773465	OK	 
REQUEST		View Detail	1780467773412	1780467773472	OK	 
REQUEST		List Users	1780467773093	1780467773472	OK	 
REQUEST		View Detail	1780467773412	1780467773472	OK	 
USER	Lab 06 - Browse and Search API	END	1780467773472
USER	Lab 06 - Browse and Search API	END	1780467773473
USER	Lab 06 - Browse and Search API	START	1780467773473
USER	Lab 06 - Browse and Search API	START	1780467773473
REQUEST		List Users	1780467773247	1780467773495	OK	 
REQUEST		List Users	1780467773252	1780467773500	OK	 
REQUEST		List Users	1780467773280	1780467773507	OK	 
REQUEST		List Users	1780467773258	1780467773525	OK	 
REQUEST		View Detail	1780467773482	1780467773573	OK	 
REQUEST		List Users	1780467773411	1780467773573	OK	 
USER	Lab 06 - Browse and Search API	END	1780467773573
USER	Lab 06 - Browse and Search API	START	1780467773573
REQUEST		List Users	1780467773328	1780467773577	OK	 
REQUEST		View Detail	1780467773482	1780467773577	OK	 
REQUEST		List Users	1780467773328	1780467773577	OK	 
USER	Lab 06 - Browse and Search API	END	1780467773578
USER	Lab 06 - Browse and Search API	START	1780467773578
REQUEST		View Detail	1780467773477	1780467773579	OK	 
REQUEST		View Detail	1780467773491	1780467773579	OK	 
USER	Lab 06 - Browse and Search API	END	1780467773579
USER	Lab 06 - Browse and Search API	END	1780467773580
USER	Lab 06 - Browse and Search API	START	1780467773580
USER	Lab 06 - Browse and Search API	START	1780467773580
REQUEST		View Detail	1780467773492	1780467773582	OK	 
REQUEST		List Users	1780467773411	1780467773582	OK	 
USER	Lab 06 - Browse and Search API	END	1780467773582
USER	Lab 06 - Browse and Search API	START	1780467773582
REQUEST		View Detail	1780467773477	1780467773584	OK	 
USER	Lab 06 - Browse and Search API	END	1780467773584
USER	Lab 06 - Browse and Search API	START	1780467773584
REQUEST		List Users	1780467773326	1780467773592	OK	 
REQUEST		List Users	1780467773328	1780467773592	OK	 
REQUEST		List Users	1780467773322	1780467773596	OK	 
REQUEST		List Users	1780467773328	1780467773598	OK	 
REQUEST		List Users	1780467773431	1780467773631	OK	 
REQUEST		List Users	1780467773414	1780467773640	OK	 
REQUEST		View Detail	1780467773574	1780467773645	OK	 
REQUEST		List Users	1780467773440	1780467773645	OK	 
USER	Lab 06 - Browse and Search API	END	1780467773645
USER	Lab 06 - Browse and Search API	START	1780467773645
REQUEST		List Users	1780467773440	1780467773649	OK	 
REQUEST		View Detail	1780467773586	1780467773662	OK	 
REQUEST		View Detail	1780467773615	1780467773662	OK	 
USER	Lab 06 - Browse and Search API	END	1780467773662
USER	Lab 06 - Browse and Search API	END	1780467773663
USER	Lab 06 - Browse and Search API	START	1780467773663
USER	Lab 06 - Browse and Search API	START	1780467773663
REQUEST		View Detail	1780467773618	1780467773665	OK	 
REQUEST		View Detail	1780467773615	1780467773665	OK	 
USER	Lab 06 - Browse and Search API	END	1780467773665
USER	Lab 06 - Browse and Search API	END	1780467773665
USER	Lab 06 - Browse and Search API	START	1780467773665
USER	Lab 06 - Browse and Search API	START	1780467773665
REQUEST		View Detail	1780467773586	1780467773668	OK	 
USER	Lab 06 - Browse and Search API	END	1780467773668
USER	Lab 06 - Browse and Search API	START	1780467773668
REQUEST		View Detail	1780467773619	1780467773672	OK	 
USER	Lab 06 - Browse and Search API	END	1780467773672
USER	Lab 06 - Browse and Search API	START	1780467773673
REQUEST		List Users	1780467773473	1780467773679	OK	 
REQUEST		List Users	1780467773461	1780467773683	OK	 
REQUEST		List Users	1780467773464	1780467773683	OK	 
REQUEST		List Users	1780467773473	1780467773685	OK	 
REQUEST		List Users	1780467773461	1780467773700	OK	 
REQUEST		View Detail	1780467773671	1780467773764	OK	 
REQUEST		List Users	1780467773580	1780467773764	OK	 
USER	Lab 06 - Browse and Search API	END	1780467773764
USER	Lab 06 - Browse and Search API	START	1780467773764
REQUEST		View Detail	1780467773672	1780467773766	OK	 
REQUEST		List Users	1780467773582	1780467773766	OK	 
REQUEST		View Detail	1780467773675	1780467773766	OK	 
USER	Lab 06 - Browse and Search API	END	1780467773766
USER	Lab 06 - Browse and Search API	END	1780467773766
REQUEST		List Users	1780467773579	1780467773766	OK	 
USER	Lab 06 - Browse and Search API	START	1780467773766
USER	Lab 06 - Browse and Search API	START	1780467773767
REQUEST		View Detail	1780467773723	1780467773770	OK	 
USER	Lab 06 - Browse and Search API	END	1780467773770
USER	Lab 06 - Browse and Search API	START	1780467773770
REQUEST		List Users	1780467773573	1780467773772	OK	 
REQUEST		View Detail	1780467773724	1780467773772	OK	 
REQUEST		View Detail	1780467773691	1780467773772	OK	 
USER	Lab 06 - Browse and Search API	END	1780467773772
USER	Lab 06 - Browse and Search API	END	1780467773772
USER	Lab 06 - Browse and Search API	START	1780467773772
USER	Lab 06 - Browse and Search API	START	1780467773772
REQUEST		List Users	1780467773578	1780467773774	OK	 
REQUEST		View Detail	1780467773685	1780467773781	OK	 
USER	Lab 06 - Browse and Search API	END	1780467773781
USER	Lab 06 - Browse and Search API	START	1780467773781
REQUEST		View Detail	1780467773686	1780467773786	OK	 
USER	Lab 06 - Browse and Search API	END	1780467773786
USER	Lab 06 - Browse and Search API	START	1780467773786
REQUEST		View Detail	1780467773748	1780467773855	OK	 
REQUEST		View Detail	1780467773743	1780467773855	OK	 
USER	Lab 06 - Browse and Search API	END	1780467773855
USER	Lab 06 - Browse and Search API	END	1780467773855
USER	Lab 06 - Browse and Search API	START	1780467773855
USER	Lab 06 - Browse and Search API	START	1780467773855
REQUEST		View Detail	1780467773749	1780467773859	OK	 
REQUEST		View Detail	1780467773749	1780467773859	OK	 
REQUEST		View Detail	1780467773747	1780467773859	OK	 
USER	Lab 06 - Browse and Search API	END	1780467773859
USER	Lab 06 - Browse and Search API	END	1780467773859
USER	Lab 06 - Browse and Search API	END	1780467773859
USER	Lab 06 - Browse and Search API	START	1780467773860
USER	Lab 06 - Browse and Search API	START	1780467773860
USER	Lab 06 - Browse and Search API	START	1780467773860
REQUEST		List Users	1780467773584	1780467773862	OK	 
REQUEST		View Detail	1780467773757	1780467773896	OK	 
REQUEST		View Detail	1780467773795	1780467773896	OK	 
REQUEST		View Detail	1780467773791	1780467773896	OK	 
REQUEST		Search User	1780467773778	1780467773896	OK	 
REQUEST		View Detail	1780467773780	1780467773896	OK	 
USER	Lab 06 - Browse and Search API	END	1780467773896
USER	Lab 06 - Browse and Search API	END	1780467773896
USER	Lab 06 - Browse and Search API	END	1780467773896
USER	Lab 06 - Browse and Search API	END	1780467773896
USER	Lab 06 - Browse and Search API	START	1780467773896
USER	Lab 06 - Browse and Search API	START	1780467773896
USER	Lab 06 - Browse and Search API	START	1780467773896
USER	Lab 06 - Browse and Search API	START	1780467773896
REQUEST		View Detail	1780467773791	1780467773900	OK	 
REQUEST		View Detail	1780467773791	1780467773900	OK	 
USER	Lab 06 - Browse and Search API	END	1780467773900
USER	Lab 06 - Browse and Search API	END	1780467773900
USER	Lab 06 - Browse and Search API	START	1780467773900
USER	Lab 06 - Browse and Search API	START	1780467773900
REQUEST		List Users	1780467773663	1780467773907	OK	 
REQUEST		View Detail	1780467773794	1780467773909	OK	 
USER	Lab 06 - Browse and Search API	END	1780467773909
REQUEST		List Users	1780467773665	1780467773909	OK	 
USER	Lab 06 - Browse and Search API	START	1780467773909
REQUEST		List Users	1780467773645	1780467773941	OK	 
REQUEST		List Users	1780467773665	1780467773941	OK	 
REQUEST		List Users	1780467773672	1780467773944	OK	 
REQUEST		View Detail	1780467773880	1780467773958	OK	 
REQUEST		View Detail	1780467773880	1780467773958	OK	 
REQUEST		View Detail	1780467773881	1780467773958	OK	 
USER	Lab 06 - Browse and Search API	END	1780467773958
USER	Lab 06 - Browse and Search API	END	1780467773958
USER	Lab 06 - Browse and Search API	END	1780467773958
USER	Lab 06 - Browse and Search API	START	1780467773959
USER	Lab 06 - Browse and Search API	START	1780467773959
USER	Lab 06 - Browse and Search API	START	1780467773959
REQUEST		List Users	1780467773668	1780467774004	OK	 
REQUEST		List Users	1780467773663	1780467774012	OK	 
REQUEST		List Users	1780467773770	1780467774033	OK	 
REQUEST		List Users	1780467773766	1780467774038	OK	 
REQUEST		List Users	1780467773772	1780467774042	OK	 
REQUEST		List Users	1780467773781	1780467774050	OK	 
REQUEST		List Users	1780467773772	1780467774053	OK	 
REQUEST		View Detail	1780467773954	1780467774053	OK	 
USER	Lab 06 - Browse and Search API	END	1780467774053
USER	Lab 06 - Browse and Search API	START	1780467774053
REQUEST		List Users	1780467773786	1780467774055	OK	 
REQUEST		List Users	1780467773764	1780467774057	OK	 
REQUEST		View Detail	1780467773962	1780467774136	OK	 
REQUEST		View Detail	1780467773963	1780467774136	OK	 
REQUEST		View Detail	1780467773961	1780467774137	OK	 
USER	Lab 06 - Browse and Search API	END	1780467774137
REQUEST		View Detail	1780467773963	1780467774137	OK	 
USER	Lab 06 - Browse and Search API	END	1780467774137
USER	Lab 06 - Browse and Search API	END	1780467774137
USER	Lab 06 - Browse and Search API	END	1780467774137
USER	Lab 06 - Browse and Search API	START	1780467774137
USER	Lab 06 - Browse and Search API	START	1780467774137
USER	Lab 06 - Browse and Search API	START	1780467774137
USER	Lab 06 - Browse and Search API	START	1780467774137
REQUEST		View Detail	1780467773986	1780467774140	OK	 
USER	Lab 06 - Browse and Search API	END	1780467774140
USER	Lab 06 - Browse and Search API	START	1780467774140
REQUEST		View Detail	1780467773994	1780467774141	OK	 
REQUEST		List Users	1780467773766	1780467774141	OK	 
REQUEST		View Detail	1780467773994	1780467774141	OK	 
REQUEST		View Detail	1780467773985	1780467774141	OK	 
USER	Lab 06 - Browse and Search API	END	1780467774141
USER	Lab 06 - Browse and Search API	END	1780467774141
USER	Lab 06 - Browse and Search API	END	1780467774141
USER	Lab 06 - Browse and Search API	START	1780467774141
USER	Lab 06 - Browse and Search API	START	1780467774141
USER	Lab 06 - Browse and Search API	START	1780467774141
REQUEST		View Detail	1780467773989	1780467774157	OK	 
REQUEST		View Detail	1780467773995	1780467774157	OK	 
REQUEST		View Detail	1780467773988	1780467774157	OK	 
USER	Lab 06 - Browse and Search API	END	1780467774157
USER	Lab 06 - Browse and Search API	END	1780467774157
USER	Lab 06 - Browse and Search API	END	1780467774157
USER	Lab 06 - Browse and Search API	START	1780467774157
USER	Lab 06 - Browse and Search API	START	1780467774157
USER	Lab 06 - Browse and Search API	START	1780467774157
REQUEST		View Detail	1780467773994	1780467774159	OK	 
USER	Lab 06 - Browse and Search API	END	1780467774159
USER	Lab 06 - Browse and Search API	START	1780467774159
REQUEST		View Detail	1780467774029	1780467774166	OK	 
USER	Lab 06 - Browse and Search API	END	1780467774166
USER	Lab 06 - Browse and Search API	START	1780467774167
REQUEST		View Detail	1780467774038	1780467774182	OK	 
USER	Lab 06 - Browse and Search API	END	1780467774183
USER	Lab 06 - Browse and Search API	START	1780467774183
REQUEST		List Users	1780467773859	1780467774187	OK	 
REQUEST		List Users	1780467773859	1780467774204	OK	 
REQUEST		List Users	1780467773855	1780467774206	OK	 
REQUEST		List Users	1780467773855	1780467774208	OK	 
REQUEST		List Users	1780467773859	1780467774210	OK	 
REQUEST		List Users	1780467773896	1780467774227	OK	 
REQUEST		List Users	1780467773900	1780467774239	OK	 
REQUEST		List Users	1780467773896	1780467774241	OK	 
REQUEST		List Users	1780467773959	1780467774302	OK	 
REQUEST		List Users	1780467773959	1780467774314	OK	 
REQUEST		View Detail	1780467774165	1780467774329	OK	 
REQUEST		List Users	1780467773896	1780467774329	OK	 
REQUEST		List Users	1780467773909	1780467774329	OK	 
USER	Lab 06 - Browse and Search API	END	1780467774330
USER	Lab 06 - Browse and Search API	START	1780467774330
REQUEST		List Users	1780467773900	1780467774344	OK	 
REQUEST		List Users	1780467773896	1780467774344	OK	 
REQUEST		List Users	1780467773959	1780467774344	OK	 
REQUEST		List Users	1780467774137	1780467774417	OK	 
REQUEST		List Users	1780467774053	1780467774418	OK	 
REQUEST		List Users	1780467774141	1780467774420	OK	 
REQUEST		List Users	1780467774137	1780467774422	OK	 
REQUEST		List Users	1780467774141	1780467774427	OK	 
REQUEST		List Users	1780467774137	1780467774436	OK	 
REQUEST		List Users	1780467774141	1780467774438	OK	 
REQUEST		List Users	1780467774140	1780467774440	OK	 
REQUEST		List Users	1780467774137	1780467774443	OK	 
REQUEST		List Users	1780467774157	1780467774501	OK	 
REQUEST		List Users	1780467774159	1780467774518	OK	 
REQUEST		List Users	1780467774166	1780467774520	OK	 
REQUEST		List Users	1780467774157	1780467774522	OK	 
REQUEST		List Users	1780467774183	1780467774524	OK	 
REQUEST		Search User	1780467774423	1780467774524	OK	 
REQUEST		List Users	1780467774157	1780467774526	OK	 
REQUEST		List Users	1780467774330	1780467774555	OK	 
REQUEST		Search User	1780467774545	1780467774598	OK	 
REQUEST		Search User	1780467774705	1780467774748	OK	 
REQUEST		Search User	1780467774722	1780467774772	OK	 
REQUEST		Search User	1780467774825	1780467774885	OK	 
REQUEST		Search User	1780467774932	1780467774980	OK	 
REQUEST		Search User	1780467774957	1780467775010	OK	 
REQUEST		Search User	1780467775053	1780467775113	OK	 
REQUEST		Search User	1780467775113	1780467775167	OK	 
REQUEST		Search User	1780467775121	1780467775170	OK	 
REQUEST		Search User	1780467775145	1780467775233	OK	 
REQUEST		Search User	1780467775262	1780467775322	OK	 
REQUEST		Search User	1780467775261	1780467775324	OK	 
REQUEST		Search User	1780467775321	1780467775367	OK	 
REQUEST		View Detail	1780467775326	1780467775377	OK	 
USER	Lab 06 - Browse and Search API	END	1780467775377
USER	Lab 06 - Browse and Search API	START	1780467775378
REQUEST		Search User	1780467775413	1780467775459	OK	 
REQUEST		Search User	1780467775414	1780467775462	OK	 
REQUEST		Search User	1780467775414	1780467775464	OK	 
REQUEST		Search User	1780467775428	1780467775471	OK	 
REQUEST		Search User	1780467775419	1780467775474	OK	 
REQUEST		Search User	1780467775433	1780467775482	OK	 
REQUEST		Search User	1780467775436	1780467775484	OK	 
REQUEST		List Users	1780467775378	1780467775507	OK	 
REQUEST		Search User	1780467775448	1780467775512	OK	 
REQUEST		Search User	1780467775460	1780467775518	OK	 
REQUEST		Search User	1780467775467	1780467775542	OK	 
REQUEST		Search User	1780467775474	1780467775542	OK	 
REQUEST		Search User	1780467775574	1780467775630	OK	 
REQUEST		Search User	1780467775579	1780467775632	OK	 
REQUEST		Search User	1780467775579	1780467775632	OK	 
REQUEST		Search User	1780467775497	1780467775636	OK	 
REQUEST		Search User	1780467775509	1780467775639	OK	 
REQUEST		Search User	1780467775583	1780467775639	OK	 
REQUEST		Search User	1780467775501	1780467775639	OK	 
REQUEST		Search User	1780467775526	1780467775645	OK	 
REQUEST		Search User	1780467775593	1780467775652	OK	 
REQUEST		Search User	1780467775594	1780467775652	OK	 
REQUEST		Search User	1780467775597	1780467775660	OK	 
REQUEST		Search User	1780467775599	1780467775672	OK	 
REQUEST		Search User	1780467775632	1780467775681	OK	 
REQUEST		Search User	1780467775641	1780467775702	OK	 
REQUEST		Search User	1780467775646	1780467775704	OK	 
REQUEST		Search User	1780467775650	1780467775710	OK	 
REQUEST		Search User	1780467775679	1780467775725	OK	 
REQUEST		Search User	1780467775684	1780467775732	OK	 
REQUEST		Search User	1780467775684	1780467775732	OK	 
REQUEST		Search User	1780467775686	1780467775734	OK	 
REQUEST		Search User	1780467775701	1780467775763	OK	 
REQUEST		Search User	1780467775764	1780467775808	OK	 
REQUEST		Search User	1780467775767	1780467775812	OK	 
REQUEST		Search User	1780467775767	1780467775812	OK	 
REQUEST		Search User	1780467775772	1780467775825	OK	 
REQUEST		Search User	1780467775774	1780467775828	OK	 
REQUEST		Search User	1780467775862	1780467775921	OK	 
REQUEST		Search User	1780467775908	1780467775979	OK	 
REQUEST		Search User	1780467775910	1780467775979	OK	 
REQUEST		View Detail	1780467775897	1780467775983	OK	 
USER	Lab 06 - Browse and Search API	END	1780467775983
USER	Lab 06 - Browse and Search API	START	1780467775983
REQUEST		Search User	1780467775943	1780467775991	OK	 
REQUEST		Search User	1780467775943	1780467775994	OK	 
REQUEST		Search User	1780467775945	1780467775994	OK	 
REQUEST		Search User	1780467776013	1780467776076	OK	 
REQUEST		Search User	1780467776006	1780467776076	OK	 
REQUEST		Search User	1780467776043	1780467776083	OK	 
REQUEST		Search User	1780467776034	1780467776083	OK	 
REQUEST		Search User	1780467776039	1780467776089	OK	 
REQUEST		Search User	1780467776051	1780467776095	OK	 
REQUEST		Search User	1780467776056	1780467776112	OK	 
REQUEST		Search User	1780467776058	1780467776112	OK	 
REQUEST		Search User	1780467776055	1780467776112	OK	 
REQUEST		List Users	1780467775983	1780467776137	OK	 
REQUEST		Search User	1780467776142	1780467776198	OK	 
REQUEST		Search User	1780467776189	1780467776240	OK	 
REQUEST		Search User	1780467776205	1780467776261	OK	 
REQUEST		Search User	1780467776207	1780467776261	OK	 
REQUEST		Search User	1780467776227	1780467776276	OK	 
REQUEST		Search User	1780467776211	1780467776290	OK	 
REQUEST		Search User	1780467776240	1780467776290	OK	 
REQUEST		Search User	1780467776209	1780467776290	OK	 
REQUEST		Search User	1780467776242	1780467776298	OK	 
REQUEST		Search User	1780467776303	1780467776357	OK	 
REQUEST		Search User	1780467776331	1780467776402	OK	 
REQUEST		Search User	1780467776315	1780467776402	OK	 
REQUEST		Search User	1780467776331	1780467776402	OK	 
REQUEST		Search User	1780467776346	1780467776421	OK	 
REQUEST		Search User	1780467776346	1780467776421	OK	 
REQUEST		Search User	1780467776346	1780467776421	OK	 
REQUEST		Search User	1780467776417	1780467776477	OK	 
REQUEST		Search User	1780467776420	1780467776522	OK	 
REQUEST		Search User	1780467776428	1780467776522	OK	 
REQUEST		Search User	1780467776423	1780467776524	OK	 
REQUEST		Search User	1780467776421	1780467776529	OK	 
REQUEST		Search User	1780467776439	1780467776532	OK	 
REQUEST		Search User	1780467776441	1780467776532	OK	 
REQUEST		Search User	1780467776437	1780467776532	OK	 
REQUEST		Search User	1780467776444	1780467776535	OK	 
REQUEST		Search User	1780467776502	1780467776567	OK	 
REQUEST		Search User	1780467776518	1780467776567	OK	 
REQUEST		Search User	1780467776521	1780467776590	OK	 
REQUEST		Search User	1780467776523	1780467776591	OK	 
REQUEST		Search User	1780467776525	1780467776600	OK	 
REQUEST		Search User	1780467776527	1780467776602	OK	 
REQUEST		View Detail	1780467776525	1780467776603	OK	 
REQUEST		Search User	1780467776555	1780467776603	OK	 
USER	Lab 06 - Browse and Search API	END	1780467776603
USER	Lab 06 - Browse and Search API	START	1780467776603
REQUEST		View Detail	1780467776598	1780467776659	OK	 
USER	Lab 06 - Browse and Search API	END	1780467776659
USER	Lab 06 - Browse and Search API	START	1780467776660
REQUEST		View Detail	1780467776749	1780467776806	OK	 
USER	Lab 06 - Browse and Search API	END	1780467776806
USER	Lab 06 - Browse and Search API	START	1780467776807
REQUEST		List Users	1780467776603	1780467776820	OK	 
REQUEST		List Users	1780467776659	1780467776820	OK	 
REQUEST		View Detail	1780467776773	1780467776820	OK	 
USER	Lab 06 - Browse and Search API	END	1780467776820
USER	Lab 06 - Browse and Search API	START	1780467776820
REQUEST		List Users	1780467776806	1780467776872	OK	 
REQUEST		View Detail	1780467776886	1780467776951	OK	 
USER	Lab 06 - Browse and Search API	END	1780467776951
USER	Lab 06 - Browse and Search API	START	1780467776952
REQUEST		List Users	1780467776820	1780467776993	OK	 
REQUEST		View Detail	1780467776981	1780467777031	OK	 
USER	Lab 06 - Browse and Search API	END	1780467777031
USER	Lab 06 - Browse and Search API	START	1780467777031
REQUEST		View Detail	1780467777012	1780467777076	OK	 
USER	Lab 06 - Browse and Search API	END	1780467777076
USER	Lab 06 - Browse and Search API	START	1780467777076
REQUEST		List Users	1780467776952	1780467777094	OK	 
REQUEST		View Detail	1780467777114	1780467777193	OK	 
USER	Lab 06 - Browse and Search API	END	1780467777193
USER	Lab 06 - Browse and Search API	START	1780467777193
REQUEST		View Detail	1780467777168	1780467777213	OK	 
USER	Lab 06 - Browse and Search API	END	1780467777213
USER	Lab 06 - Browse and Search API	START	1780467777213
REQUEST		View Detail	1780467777171	1780467777218	OK	 
USER	Lab 06 - Browse and Search API	END	1780467777219
USER	Lab 06 - Browse and Search API	START	1780467777219
REQUEST		List Users	1780467777076	1780467777253	OK	 
REQUEST		List Users	1780467777031	1780467777264	OK	 
REQUEST		View Detail	1780467777234	1780467777286	OK	 
USER	Lab 06 - Browse and Search API	END	1780467777286
USER	Lab 06 - Browse and Search API	START	1780467777286
REQUEST		List Users	1780467777193	1780467777367	OK	 
REQUEST		List Users	1780467777213	1780467777383	OK	 
REQUEST		List Users	1780467777219	1780467777383	OK	 
REQUEST		View Detail	1780467777323	1780467777383	OK	 
USER	Lab 06 - Browse and Search API	END	1780467777383
USER	Lab 06 - Browse and Search API	START	1780467777383
REQUEST		View Detail	1780467777324	1780467777414	OK	 
USER	Lab 06 - Browse and Search API	END	1780467777414
USER	Lab 06 - Browse and Search API	START	1780467777415
REQUEST		View Detail	1780467777367	1780467777434	OK	 
USER	Lab 06 - Browse and Search API	END	1780467777434
USER	Lab 06 - Browse and Search API	START	1780467777434
REQUEST		List Users	1780467777286	1780467777495	OK	 
REQUEST		View Detail	1780467777460	1780467777510	OK	 
USER	Lab 06 - Browse and Search API	END	1780467777511
USER	Lab 06 - Browse and Search API	START	1780467777511
REQUEST		View Detail	1780467777463	1780467777513	OK	 
USER	Lab 06 - Browse and Search API	END	1780467777513
USER	Lab 06 - Browse and Search API	START	1780467777513
REQUEST		View Detail	1780467777465	1780467777517	OK	 
USER	Lab 06 - Browse and Search API	END	1780467777517
USER	Lab 06 - Browse and Search API	START	1780467777517
REQUEST		View Detail	1780467777474	1780467777523	OK	 
REQUEST		View Detail	1780467777472	1780467777523	OK	 
USER	Lab 06 - Browse and Search API	END	1780467777523
USER	Lab 06 - Browse and Search API	END	1780467777523
USER	Lab 06 - Browse and Search API	START	1780467777523
USER	Lab 06 - Browse and Search API	START	1780467777524
REQUEST		View Detail	1780467777483	1780467777612	OK	 
REQUEST		View Detail	1780467777513	1780467777612	OK	 
REQUEST		View Detail	1780467777486	1780467777612	OK	 
REQUEST		Search User	1780467777508	1780467777612	OK	 
USER	Lab 06 - Browse and Search API	END	1780467777612
USER	Lab 06 - Browse and Search API	END	1780467777612
USER	Lab 06 - Browse and Search API	START	1780467777613
USER	Lab 06 - Browse and Search API	START	1780467777613
USER	Lab 06 - Browse and Search API	END	1780467777613
USER	Lab 06 - Browse and Search API	START	1780467777613
REQUEST		List Users	1780467777383	1780467777615	OK	 
REQUEST		List Users	1780467777414	1780467777683	OK	 
REQUEST		View Detail	1780467777632	1780467777683	OK	 
USER	Lab 06 - Browse and Search API	END	1780467777683
USER	Lab 06 - Browse and Search API	START	1780467777684
REQUEST		View Detail	1780467777633	1780467777690	OK	 
REQUEST		View Detail	1780467777633	1780467777690	OK	 
USER	Lab 06 - Browse and Search API	END	1780467777691
REQUEST		View Detail	1780467777638	1780467777691	OK	 
REQUEST		List Users	1780467777434	1780467777691	OK	 
USER	Lab 06 - Browse and Search API	END	1780467777691
USER	Lab 06 - Browse and Search API	END	1780467777691
USER	Lab 06 - Browse and Search API	START	1780467777691
USER	Lab 06 - Browse and Search API	START	1780467777691
USER	Lab 06 - Browse and Search API	START	1780467777691
REQUEST		View Detail	1780467777640	1780467777692	OK	 
REQUEST		View Detail	1780467777641	1780467777692	OK	 
USER	Lab 06 - Browse and Search API	END	1780467777692
USER	Lab 06 - Browse and Search API	END	1780467777692
USER	Lab 06 - Browse and Search API	START	1780467777693
USER	Lab 06 - Browse and Search API	START	1780467777693
REQUEST		View Detail	1780467777641	1780467777694	OK	 
REQUEST		View Detail	1780467777519	1780467777694	OK	 
REQUEST		View Detail	1780467777543	1780467777694	OK	 
USER	Lab 06 - Browse and Search API	END	1780467777694
USER	Lab 06 - Browse and Search API	END	1780467777694
USER	Lab 06 - Browse and Search API	END	1780467777694
USER	Lab 06 - Browse and Search API	START	1780467777695
USER	Lab 06 - Browse and Search API	START	1780467777695
USER	Lab 06 - Browse and Search API	START	1780467777695
REQUEST		View Detail	1780467777543	1780467777722	OK	 
REQUEST		View Detail	1780467777646	1780467777722	OK	 
REQUEST		View Detail	1780467777653	1780467777722	OK	 
REQUEST		View Detail	1780467777653	1780467777722	OK	 
USER	Lab 06 - Browse and Search API	END	1780467777722
USER	Lab 06 - Browse and Search API	END	1780467777722
USER	Lab 06 - Browse and Search API	END	1780467777722
USER	Lab 06 - Browse and Search API	END	1780467777722
USER	Lab 06 - Browse and Search API	START	1780467777722
USER	Lab 06 - Browse and Search API	START	1780467777722
USER	Lab 06 - Browse and Search API	START	1780467777722
USER	Lab 06 - Browse and Search API	START	1780467777722
REQUEST		View Detail	1780467777661	1780467777726	OK	 
USER	Lab 06 - Browse and Search API	END	1780467777726
USER	Lab 06 - Browse and Search API	START	1780467777726
REQUEST		List Users	1780467777517	1780467777734	OK	 
REQUEST		List Users	1780467777511	1780467777734	OK	 
REQUEST		View Detail	1780467777673	1780467777744	OK	 
USER	Lab 06 - Browse and Search API	END	1780467777744
USER	Lab 06 - Browse and Search API	START	1780467777744
REQUEST		View Detail	1780467777682	1780467777759	OK	 
USER	Lab 06 - Browse and Search API	END	1780467777759
USER	Lab 06 - Browse and Search API	START	1780467777759
REQUEST		List Users	1780467777513	1780467777761	OK	 
REQUEST		List Users	1780467777523	1780467777773	OK	 
REQUEST		View Detail	1780467777711	1780467777773	OK	 
REQUEST		View Detail	1780467777726	1780467777774	OK	 
REQUEST		View Detail	1780467777703	1780467777774	OK	 
REQUEST		View Detail	1780467777704	1780467777774	OK	 
USER	Lab 06 - Browse and Search API	END	1780467777774
USER	Lab 06 - Browse and Search API	END	1780467777774
USER	Lab 06 - Browse and Search API	END	1780467777774
USER	Lab 06 - Browse and Search API	END	1780467777774
REQUEST		List Users	1780467777612	1780467777774	OK	 
USER	Lab 06 - Browse and Search API	START	1780467777774
USER	Lab 06 - Browse and Search API	START	1780467777774
USER	Lab 06 - Browse and Search API	START	1780467777774
USER	Lab 06 - Browse and Search API	START	1780467777774
REQUEST		List Users	1780467777612	1780467777778	OK	 
REQUEST		View Detail	1780467777734	1780467777783	OK	 
USER	Lab 06 - Browse and Search API	END	1780467777783
USER	Lab 06 - Browse and Search API	START	1780467777784
REQUEST		View Detail	1780467777733	1780467777786	OK	 
USER	Lab 06 - Browse and Search API	END	1780467777786
USER	Lab 06 - Browse and Search API	START	1780467777787
REQUEST		View Detail	1780467777733	1780467777788	OK	 
USER	Lab 06 - Browse and Search API	END	1780467777788
USER	Lab 06 - Browse and Search API	START	1780467777789
REQUEST		List Users	1780467777524	1780467777820	OK	 
REQUEST		List Users	1780467777683	1780467777849	OK	 
REQUEST		List Users	1780467777691	1780467777852	OK	 
REQUEST		List Users	1780467777691	1780467777854	OK	 
REQUEST		View Detail	1780467777764	1780467777854	OK	 
USER	Lab 06 - Browse and Search API	END	1780467777854
USER	Lab 06 - Browse and Search API	START	1780467777855
REQUEST		List Users	1780467777613	1780467777862	OK	 
REQUEST		List Users	1780467777695	1780467777862	OK	 
REQUEST		View Detail	1780467777809	1780467777862	OK	 
REQUEST		View Detail	1780467777813	1780467777862	OK	 
REQUEST		View Detail	1780467777813	1780467777862	OK	 
USER	Lab 06 - Browse and Search API	END	1780467777862
USER	Lab 06 - Browse and Search API	END	1780467777862
USER	Lab 06 - Browse and Search API	END	1780467777862
USER	Lab 06 - Browse and Search API	START	1780467777862
USER	Lab 06 - Browse and Search API	START	1780467777862
USER	Lab 06 - Browse and Search API	START	1780467777862
REQUEST		List Users	1780467777692	1780467777867	OK	 
REQUEST		List Users	1780467777722	1780467777878	OK	 
REQUEST		List Users	1780467777694	1780467777879	OK	 
REQUEST		List Users	1780467777691	1780467777881	OK	 
REQUEST		List Users	1780467777722	1780467777881	OK	 
REQUEST		View Detail	1780467777828	1780467777881	OK	 
USER	Lab 06 - Browse and Search API	END	1780467777881
USER	Lab 06 - Browse and Search API	START	1780467777882
REQUEST		View Detail	1780467777827	1780467777886	OK	 
USER	Lab 06 - Browse and Search API	END	1780467777886
USER	Lab 06 - Browse and Search API	START	1780467777886
REQUEST		List Users	1780467777726	1780467777890	OK	 
REQUEST		List Users	1780467777774	1780467777939	OK	 
REQUEST		List Users	1780467777744	1780467777939	OK	 
REQUEST		List Users	1780467777788	1780467777942	OK	 
REQUEST		List Users	1780467777774	1780467777946	OK	 
REQUEST		List Users	1780467777774	1780467777948	OK	 
REQUEST		List Users	1780467777759	1780467777948	OK	 
REQUEST		List Users	1780467777774	1780467777951	OK	 
REQUEST		List Users	1780467777783	1780467777951	OK	 
REQUEST		List Users	1780467777692	1780467777952	OK	 
REQUEST		List Users	1780467777722	1780467777952	OK	 
REQUEST		List Users	1780467777694	1780467777954	OK	 
REQUEST		List Users	1780467777722	1780467777963	OK	 
REQUEST		View Detail	1780467777921	1780467777972	OK	 
USER	Lab 06 - Browse and Search API	END	1780467777972
USER	Lab 06 - Browse and Search API	START	1780467777972
REQUEST		List Users	1780467777787	1780467778017	OK	 
REQUEST		List Users	1780467777862	1780467778027	OK	 
REQUEST		List Users	1780467777862	1780467778027	OK	 
REQUEST		List Users	1780467777881	1780467778027	OK	 
REQUEST		List Users	1780467777862	1780467778028	OK	 
REQUEST		List Users	1780467777854	1780467778029	OK	 
REQUEST		View Detail	1780467777980	1780467778030	OK	 
USER	Lab 06 - Browse and Search API	END	1780467778030
USER	Lab 06 - Browse and Search API	START	1780467778030
REQUEST		View Detail	1780467777979	1780467778037	OK	 
USER	Lab 06 - Browse and Search API	END	1780467778038
USER	Lab 06 - Browse and Search API	START	1780467778038
REQUEST		View Detail	1780467777995	1780467778040	OK	 
REQUEST		View Detail	1780467777992	1780467778040	OK	 
USER	Lab 06 - Browse and Search API	END	1780467778040
USER	Lab 06 - Browse and Search API	END	1780467778040
USER	Lab 06 - Browse and Search API	START	1780467778041
USER	Lab 06 - Browse and Search API	START	1780467778041
REQUEST		View Detail	1780467777996	1780467778052	OK	 
USER	Lab 06 - Browse and Search API	END	1780467778052
USER	Lab 06 - Browse and Search API	START	1780467778052
REQUEST		List Users	1780467777886	1780467778078	OK	 
REQUEST		List Users	1780467777972	1780467778109	OK	 
REQUEST		View Detail	1780467778084	1780467778224	OK	 
USER	Lab 06 - Browse and Search API	END	1780467778224
USER	Lab 06 - Browse and Search API	START	1780467778225
REQUEST		View Detail	1780467778089	1780467778226	OK	 
USER	Lab 06 - Browse and Search API	END	1780467778227
USER	Lab 06 - Browse and Search API	START	1780467778227
REQUEST		View Detail	1780467778077	1780467778229	OK	 
REQUEST		View Detail	1780467778077	1780467778229	OK	 
USER	Lab 06 - Browse and Search API	END	1780467778229
USER	Lab 06 - Browse and Search API	END	1780467778229
USER	Lab 06 - Browse and Search API	START	1780467778229
USER	Lab 06 - Browse and Search API	START	1780467778229
REQUEST		View Detail	1780467778095	1780467778234	OK	 
USER	Lab 06 - Browse and Search API	END	1780467778234
USER	Lab 06 - Browse and Search API	START	1780467778234
REQUEST		View Detail	1780467778112	1780467778236	OK	 
REQUEST		Search User	1780467778139	1780467778236	OK	 
USER	Lab 06 - Browse and Search API	END	1780467778236
USER	Lab 06 - Browse and Search API	START	1780467778236
REQUEST		View Detail	1780467778113	1780467778238	OK	 
USER	Lab 06 - Browse and Search API	END	1780467778238
REQUEST		View Detail	1780467778112	1780467778238	OK	 
USER	Lab 06 - Browse and Search API	END	1780467778239
USER	Lab 06 - Browse and Search API	START	1780467778239
USER	Lab 06 - Browse and Search API	START	1780467778239
REQUEST		View Detail	1780467778084	1780467778246	OK	 
USER	Lab 06 - Browse and Search API	END	1780467778246
USER	Lab 06 - Browse and Search API	START	1780467778246
REQUEST		View Detail	1780467778199	1780467778258	OK	 
USER	Lab 06 - Browse and Search API	END	1780467778258
USER	Lab 06 - Browse and Search API	START	1780467778258
REQUEST		List Users	1780467778040	1780467778271	OK	 
REQUEST		List Users	1780467778038	1780467778273	OK	 
REQUEST		List Users	1780467778052	1780467778275	OK	 
REQUEST		View Detail	1780467778242	1780467778289	OK	 
USER	Lab 06 - Browse and Search API	END	1780467778289
USER	Lab 06 - Browse and Search API	START	1780467778291
REQUEST		List Users	1780467778040	1780467778294	OK	 
REQUEST		List Users	1780467778030	1780467778299	OK	 
REQUEST		View Detail	1780467778277	1780467778331	OK	 
USER	Lab 06 - Browse and Search API	END	1780467778332
USER	Lab 06 - Browse and Search API	START	1780467778332
REQUEST		View Detail	1780467778261	1780467778354	OK	 
REQUEST		View Detail	1780467778261	1780467778354	OK	 
USER	Lab 06 - Browse and Search API	END	1780467778354
USER	Lab 06 - Browse and Search API	END	1780467778354
USER	Lab 06 - Browse and Search API	START	1780467778354
USER	Lab 06 - Browse and Search API	START	1780467778354
REQUEST		List Users	1780467778229	1780467778369	OK	 
REQUEST		View Detail	1780467778291	1780467778385	OK	 
REQUEST		View Detail	1780467778299	1780467778385	OK	 
REQUEST		List Users	1780467778227	1780467778385	OK	 
REQUEST		List Users	1780467778234	1780467778385	OK	 
REQUEST		List Users	1780467778239	1780467778385	OK	 
REQUEST		View Detail	1780467778291	1780467778385	OK	 
USER	Lab 06 - Browse and Search API	END	1780467778385
REQUEST		View Detail	1780467778292	1780467778385	OK	 
USER	Lab 06 - Browse and Search API	END	1780467778385
USER	Lab 06 - Browse and Search API	END	1780467778385
REQUEST		List Users	1780467778236	1780467778385	OK	 
REQUEST		List Users	1780467778238	1780467778385	OK	 
USER	Lab 06 - Browse and Search API	END	1780467778385
USER	Lab 06 - Browse and Search API	START	1780467778386
USER	Lab 06 - Browse and Search API	START	1780467778386
USER	Lab 06 - Browse and Search API	START	1780467778386
USER	Lab 06 - Browse and Search API	START	1780467778386
REQUEST		List Users	1780467778229	1780467778400	OK	 
REQUEST		List Users	1780467778224	1780467778401	OK	 
REQUEST		View Detail	1780467778359	1780467778436	OK	 
REQUEST		List Users	1780467778258	1780467778436	OK	 
USER	Lab 06 - Browse and Search API	END	1780467778437
USER	Lab 06 - Browse and Search API	START	1780467778437
REQUEST		List Users	1780467778246	1780467778445	OK	 
REQUEST		View Detail	1780467778404	1780467778456	OK	 
USER	Lab 06 - Browse and Search API	END	1780467778456
USER	Lab 06 - Browse and Search API	START	1780467778456
REQUEST		View Detail	1780467778403	1780467778461	OK	 
REQUEST		View Detail	1780467778403	1780467778461	OK	 
USER	Lab 06 - Browse and Search API	END	1780467778461
USER	Lab 06 - Browse and Search API	END	1780467778461
USER	Lab 06 - Browse and Search API	START	1780467778462
USER	Lab 06 - Browse and Search API	START	1780467778462
REQUEST		View Detail	1780467778422	1780467778490	OK	 
USER	Lab 06 - Browse and Search API	END	1780467778490
USER	Lab 06 - Browse and Search API	START	1780467778491
REQUEST		View Detail	1780467778422	1780467778495	OK	 
USER	Lab 06 - Browse and Search API	END	1780467778496
USER	Lab 06 - Browse and Search API	START	1780467778496
REQUEST		List Users	1780467778332	1780467778502	OK	 
REQUEST		List Users	1780467778291	1780467778508	OK	 
REQUEST		View Detail	1780467778421	1780467778513	OK	 
USER	Lab 06 - Browse and Search API	END	1780467778513
USER	Lab 06 - Browse and Search API	START	1780467778513
REQUEST		View Detail	1780467778479	1780467778533	OK	 
USER	Lab 06 - Browse and Search API	END	1780467778533
REQUEST		List Users	1780467778385	1780467778533	OK	 
USER	Lab 06 - Browse and Search API	START	1780467778534
REQUEST		List Users	1780467778385	1780467778535	OK	 
REQUEST		List Users	1780467778354	1780467778535	OK	 
REQUEST		List Users	1780467778385	1780467778535	OK	 
REQUEST		List Users	1780467778385	1780467778537	OK	 
REQUEST		List Users	1780467778354	1780467778565	OK	 
REQUEST		List Users	1780467778462	1780467778597	OK	 
REQUEST		View Detail	1780467778523	1780467778600	OK	 
REQUEST		View Detail	1780467778524	1780467778600	OK	 
REQUEST		View Detail	1780467778530	1780467778600	OK	 
USER	Lab 06 - Browse and Search API	END	1780467778600
USER	Lab 06 - Browse and Search API	END	1780467778600
USER	Lab 06 - Browse and Search API	END	1780467778600
USER	Lab 06 - Browse and Search API	START	1780467778601
USER	Lab 06 - Browse and Search API	START	1780467778601
USER	Lab 06 - Browse and Search API	START	1780467778601
REQUEST		View Detail	1780467778568	1780467778611	OK	 
REQUEST		View Detail	1780467778525	1780467778611	OK	 
REQUEST		View Detail	1780467778532	1780467778611	OK	 
REQUEST		View Detail	1780467778533	1780467778611	OK	 
USER	Lab 06 - Browse and Search API	END	1780467778611
USER	Lab 06 - Browse and Search API	END	1780467778611
USER	Lab 06 - Browse and Search API	END	1780467778611
USER	Lab 06 - Browse and Search API	END	1780467778611
USER	Lab 06 - Browse and Search API	START	1780467778612
USER	Lab 06 - Browse and Search API	START	1780467778612
USER	Lab 06 - Browse and Search API	START	1780467778612
USER	Lab 06 - Browse and Search API	START	1780467778612
REQUEST		View Detail	1780467778568	1780467778613	OK	 
REQUEST		View Detail	1780467778533	1780467778613	OK	 
USER	Lab 06 - Browse and Search API	END	1780467778613
REQUEST		View Detail	1780467778535	1780467778613	OK	 
USER	Lab 06 - Browse and Search API	END	1780467778613
USER	Lab 06 - Browse and Search API	END	1780467778613
USER	Lab 06 - Browse and Search API	START	1780467778613
USER	Lab 06 - Browse and Search API	START	1780467778613
USER	Lab 06 - Browse and Search API	START	1780467778613
REQUEST		List Users	1780467778437	1780467778616	OK	 
REQUEST		List Users	1780467778456	1780467778622	OK	 
REQUEST		View Detail	1780467778591	1780467778635	OK	 
USER	Lab 06 - Browse and Search API	END	1780467778635
USER	Lab 06 - Browse and Search API	START	1780467778635
REQUEST		View Detail	1780467778592	1780467778648	OK	 
USER	Lab 06 - Browse and Search API	END	1780467778649
REQUEST		List Users	1780467778496	1780467778649	OK	 
USER	Lab 06 - Browse and Search API	START	1780467778649
REQUEST		View Detail	1780467778603	1780467778664	OK	 
REQUEST		View Detail	1780467778600	1780467778664	OK	 
REQUEST		View Detail	1780467778603	1780467778665	OK	 
USER	Lab 06 - Browse and Search API	END	1780467778665
USER	Lab 06 - Browse and Search API	END	1780467778665
USER	Lab 06 - Browse and Search API	END	1780467778665
USER	Lab 06 - Browse and Search API	START	1780467778665
USER	Lab 06 - Browse and Search API	START	1780467778665
USER	Lab 06 - Browse and Search API	START	1780467778665
REQUEST		List Users	1780467778534	1780467778696	OK	 
REQUEST		List Users	1780467778490	1780467778711	OK	 
REQUEST		List Users	1780467778462	1780467778711	OK	 
REQUEST		List Users	1780467778513	1780467778711	OK	 
REQUEST		List Users	1780467778600	1780467778741	OK	 
REQUEST		List Users	1780467778600	1780467778755	OK	 
REQUEST		List Users	1780467778613	1780467778797	OK	 
REQUEST		List Users	1780467778611	1780467778799	OK	 
REQUEST		List Users	1780467778600	1780467778799	OK	 
REQUEST		List Users	1780467778611	1780467778801	OK	 
REQUEST		List Users	1780467778611	1780467778801	OK	 
REQUEST		List Users	1780467778611	1780467778803	OK	 
REQUEST		List Users	1780467778635	1780467778813	OK	 
REQUEST		List Users	1780467778613	1780467778813	OK	 
REQUEST		List Users	1780467778613	1780467778815	OK	 
REQUEST		Search User	1780467778873	1780467778898	OK	 
REQUEST		List Users	1780467778665	1780467778900	OK	 
REQUEST		List Users	1780467778665	1780467778901	OK	 
REQUEST		Search User	1780467778821	1780467778905	OK	 
REQUEST		List Users	1780467778665	1780467778912	OK	 
REQUEST		Search User	1780467778821	1780467778912	OK	 
REQUEST		List Users	1780467778649	1780467778914	OK	 
REQUEST		Search User	1780467778994	1780467779095	OK	 
REQUEST		Search User	1780467779095	1780467779142	OK	 
REQUEST		Search User	1780467779254	1780467779318	OK	 
REQUEST		Search User	1780467779266	1780467779349	OK	 
REQUEST		Search User	1780467779368	1780467779418	OK	 
REQUEST		Search User	1780467779384	1780467779450	OK	 
REQUEST		Search User	1780467779385	1780467779450	OK	 
REQUEST		Search User	1780467779496	1780467779553	OK	 
REQUEST		View Detail	1780467779613	1780467779660	OK	 
USER	Lab 06 - Browse and Search API	END	1780467779661
USER	Lab 06 - Browse and Search API	START	1780467779661
REQUEST		Search User	1780467779617	1780467779674	OK	 
REQUEST		Search User	1780467779684	1780467779730	OK	 
REQUEST		Search User	1780467779692	1780467779741	OK	 
REQUEST		Search User	1780467779736	1780467779781	OK	 
REQUEST		Search User	1780467779735	1780467779784	OK	 
REQUEST		Search User	1780467779763	1780467779808	OK	 
REQUEST		Search User	1780467779774	1780467779819	OK	 
REQUEST		Search User	1780467779775	1780467779822	OK	 
REQUEST		List Users	1780467779661	1780467779832	OK	 
REQUEST		Search User	1780467779779	1780467779837	OK	 
REQUEST		Search User	1780467779821	1780467779880	OK	 
REQUEST		Search User	1780467779850	1780467779891	OK	 
REQUEST		Search User	1780467779853	1780467779900	OK	 
REQUEST		Search User	1780467779855	1780467779900	OK	 
REQUEST		Search User	1780467779863	1780467779908	OK	 
REQUEST		Search User	1780467779868	1780467779921	OK	 
REQUEST		Search User	1780467779879	1780467779923	OK	 
REQUEST		Search User	1780467779863	1780467779926	OK	 
REQUEST		Search User	1780467779879	1780467779926	OK	 
REQUEST		Search User	1780467779948	1780467780000	OK	 
REQUEST		Search User	1780467779943	1780467780004	OK	 
REQUEST		Search User	1780467779946	1780467780004	OK	 
REQUEST		Search User	1780467779940	1780467780006	OK	 
REQUEST		Search User	1780467779940	1780467780006	OK	 
REQUEST		Search User	1780467779891	1780467780006	OK	 
REQUEST		Search User	1780467779951	1780467780010	OK	 
REQUEST		Search User	1780467779882	1780467780010	OK	 
REQUEST		Search User	1780467779952	1780467780010	OK	 
REQUEST		Search User	1780467779954	1780467780017	OK	 
REQUEST		Search User	1780467779949	1780467780017	OK	 
REQUEST		Search User	1780467779881	1780467780022	OK	 
REQUEST		Search User	1780467779952	1780467780026	OK	 
REQUEST		Search User	1780467779952	1780467780026	OK	 
REQUEST		Search User	1780467779964	1780467780026	OK	 
REQUEST		Search User	1780467780031	1780467780098	OK	 
REQUEST		Search User	1780467780029	1780467780101	OK	 
REQUEST		Search User	1780467780029	1780467780101	OK	 
REQUEST		Search User	1780467780029	1780467780103	OK	 
REQUEST		Search User	1780467780029	1780467780103	OK	 
REQUEST		Search User	1780467780018	1780467780129	OK	 
REQUEST		Search User	1780467780080	1780467780136	OK	 
REQUEST		Search User	1780467780110	1780467780242	OK	 
REQUEST		View Detail	1780467780237	1780467780290	OK	 
USER	Lab 06 - Browse and Search API	END	1780467780291
USER	Lab 06 - Browse and Search API	START	1780467780291
REQUEST		Search User	1780467780277	1780467780329	OK	 
REQUEST		Search User	1780467780272	1780467780331	OK	 
REQUEST		Search User	1780467780275	1780467780331	OK	 
REQUEST		Search User	1780467780299	1780467780391	OK	 
REQUEST		Search User	1780467780295	1780467780391	OK	 
REQUEST		Search User	1780467780371	1780467780420	OK	 
REQUEST		Search User	1780467780386	1780467780436	OK	 
REQUEST		Search User	1780467780386	1780467780436	OK	 
REQUEST		Search User	1780467780387	1780467780439	OK	 
REQUEST		Search User	1780467780386	1780467780439	OK	 
REQUEST		Search User	1780467780386	1780467780441	OK	 
REQUEST		List Users	1780467780291	1780467780453	OK	 
REQUEST		Search User	1780467780403	1780467780495	OK	 
REQUEST		Search User	1780467780401	1780467780501	OK	 
REQUEST		Search User	1780467780437	1780467780501	OK	 
REQUEST		Search User	1780467780446	1780467780537	OK	 
REQUEST		Search User	1780467780504	1780467780579	OK	 
REQUEST		Search User	1780467780537	1780467780632	OK	 
REQUEST		Search User	1780467780534	1780467780632	OK	 
REQUEST		Search User	1780467780536	1780467780637	OK	 
REQUEST		Search User	1780467780536	1780467780637	OK	 
REQUEST		Search User	1780467780538	1780467780640	OK	 
REQUEST		Search User	1780467780509	1780467780645	OK	 
REQUEST		Search User	1780467780599	1780467780651	OK	 
REQUEST		Search User	1780467780566	1780467780654	OK	 
REQUEST		Search User	1780467780649	1780467780741	OK	 
REQUEST		Search User	1780467780623	1780467780749	OK	 
REQUEST		Search User	1780467780617	1780467780749	OK	 
REQUEST		Search User	1780467780697	1780467780754	OK	 
REQUEST		Search User	1780467780712	1780467780766	OK	 
REQUEST		Search User	1780467780713	1780467780776	OK	 
REQUEST		Search User	1780467780712	1780467780776	OK	 
REQUEST		Search User	1780467780743	1780467780786	OK	 
REQUEST		Search User	1780467780756	1780467780802	OK	 
REQUEST		Search User	1780467780800	1780467780883	OK	 
REQUEST		Search User	1780467780801	1780467780883	OK	 
REQUEST		Search User	1780467780804	1780467780888	OK	 
REQUEST		Search User	1780467780798	1780467780888	OK	 
REQUEST		Search User	1780467780816	1780467780894	OK	 
REQUEST		Search User	1780467780802	1780467780904	OK	 
REQUEST		Search User	1780467780815	1780467780904	OK	 
REQUEST		Search User	1780467780800	1780467780904	OK	 
REQUEST		Search User	1780467780815	1780467780904	OK	 
REQUEST		View Detail	1780467780900	1780467780965	OK	 
USER	Lab 06 - Browse and Search API	END	1780467780966
USER	Lab 06 - Browse and Search API	START	1780467780966
REQUEST		View Detail	1780467780906	1780467780995	OK	 
REQUEST		Search User	1780467780902	1780467780995	OK	 
USER	Lab 06 - Browse and Search API	END	1780467780995
USER	Lab 06 - Browse and Search API	START	1780467780996
REQUEST		Search User	1780467780902	1780467781003	OK	 
REQUEST		Search User	1780467780913	1780467781005	OK	 
REQUEST		Search User	1780467780915	1780467781005	OK	 
REQUEST		View Detail	1780467780913	1780467781013	OK	 
USER	Lab 06 - Browse and Search API	END	1780467781013
USER	Lab 06 - Browse and Search API	START	1780467781013
REQUEST		List Users	1780467780966	1780467781129	OK	 
REQUEST		List Users	1780467780996	1780467781131	OK	 
REQUEST		View Detail	1780467781096	1780467781149	OK	 
USER	Lab 06 - Browse and Search API	END	1780467781149
USER	Lab 06 - Browse and Search API	START	1780467781149
REQUEST		View Detail	1780467781143	1780467781200	OK	 
REQUEST		List Users	1780467781013	1780467781201	OK	 
USER	Lab 06 - Browse and Search API	END	1780467781201
USER	Lab 06 - Browse and Search API	START	1780467781201
REQUEST		List Users	1780467781149	1780467781335	OK	 
REQUEST		List Users	1780467781201	1780467781348	OK	 
REQUEST		View Detail	1780467781319	1780467781377	OK	 
USER	Lab 06 - Browse and Search API	END	1780467781377
USER	Lab 06 - Browse and Search API	START	1780467781377
REQUEST		View Detail	1780467781350	1780467781430	OK	 
USER	Lab 06 - Browse and Search API	END	1780467781431
USER	Lab 06 - Browse and Search API	START	1780467781431
REQUEST		View Detail	1780467781420	1780467781474	OK	 
USER	Lab 06 - Browse and Search API	END	1780467781474
USER	Lab 06 - Browse and Search API	START	1780467781474
REQUEST		View Detail	1780467781452	1780467781501	OK	 
REQUEST		View Detail	1780467781452	1780467781501	OK	 
USER	Lab 06 - Browse and Search API	END	1780467781501
USER	Lab 06 - Browse and Search API	END	1780467781501
USER	Lab 06 - Browse and Search API	START	1780467781501
USER	Lab 06 - Browse and Search API	START	1780467781501
REQUEST		List Users	1780467781377	1780467781523	OK	 
REQUEST		View Detail	1780467781554	1780467781628	OK	 
USER	Lab 06 - Browse and Search API	END	1780467781628
USER	Lab 06 - Browse and Search API	START	1780467781629
REQUEST		List Users	1780467781431	1780467781630	OK	 
REQUEST		List Users	1780467781474	1780467781663	OK	 
REQUEST		List Users	1780467781501	1780467781734	OK	 
REQUEST		View Detail	1780467781675	1780467781734	OK	 
USER	Lab 06 - Browse and Search API	END	1780467781734
USER	Lab 06 - Browse and Search API	START	1780467781735
REQUEST		List Users	1780467781501	1780467781746	OK	 
REQUEST		View Detail	1780467781731	1780467781783	OK	 
USER	Lab 06 - Browse and Search API	END	1780467781783
USER	Lab 06 - Browse and Search API	START	1780467781783
REQUEST		View Detail	1780467781743	1780467781800	OK	 
USER	Lab 06 - Browse and Search API	END	1780467781800
USER	Lab 06 - Browse and Search API	START	1780467781800
REQUEST		View Detail	1780467781782	1780467781824	OK	 
USER	Lab 06 - Browse and Search API	END	1780467781825
USER	Lab 06 - Browse and Search API	START	1780467781825
REQUEST		View Detail	1780467781785	1780467781839	OK	 
USER	Lab 06 - Browse and Search API	END	1780467781839
USER	Lab 06 - Browse and Search API	START	1780467781839
REQUEST		View Detail	1780467781810	1780467781872	OK	 
REQUEST		View Detail	1780467781824	1780467781872	OK	 
USER	Lab 06 - Browse and Search API	END	1780467781872
USER	Lab 06 - Browse and Search API	END	1780467781872
USER	Lab 06 - Browse and Search API	START	1780467781872
USER	Lab 06 - Browse and Search API	START	1780467781872
REQUEST		View Detail	1780467781821	1780467781875	OK	 
USER	Lab 06 - Browse and Search API	END	1780467781875
USER	Lab 06 - Browse and Search API	START	1780467781875
REQUEST		View Detail	1780467781839	1780467781889	OK	 
USER	Lab 06 - Browse and Search API	END	1780467781890
USER	Lab 06 - Browse and Search API	START	1780467781890
REQUEST		List Users	1780467781734	1780467781895	OK	 
REQUEST		Search User	1780467781833	1780467781902	OK	 
REQUEST		List Users	1780467781783	1780467781919	OK	 
REQUEST		View Detail	1780467781881	1780467781941	OK	 
USER	Lab 06 - Browse and Search API	END	1780467781942
USER	Lab 06 - Browse and Search API	START	1780467781942
REQUEST		View Detail	1780467781901	1780467782086	OK	 
REQUEST		View Detail	1780467781901	1780467782086	OK	 
REQUEST		View Detail	1780467781909	1780467782086	OK	 
USER	Lab 06 - Browse and Search API	END	1780467782087
USER	Lab 06 - Browse and Search API	END	1780467782087
USER	Lab 06 - Browse and Search API	END	1780467782087
USER	Lab 06 - Browse and Search API	START	1780467782087
USER	Lab 06 - Browse and Search API	START	1780467782087
USER	Lab 06 - Browse and Search API	START	1780467782087
REQUEST		View Detail	1780467781893	1780467782090	OK	 
REQUEST		View Detail	1780467782005	1780467782090	OK	 
REQUEST		View Detail	1780467781924	1780467782090	OK	 
REQUEST		View Detail	1780467781922	1780467782090	OK	 
USER	Lab 06 - Browse and Search API	END	1780467782090
USER	Lab 06 - Browse and Search API	END	1780467782090
USER	Lab 06 - Browse and Search API	END	1780467782091
USER	Lab 06 - Browse and Search API	END	1780467782091
USER	Lab 06 - Browse and Search API	START	1780467782091
USER	Lab 06 - Browse and Search API	START	1780467782091
USER	Lab 06 - Browse and Search API	START	1780467782091
USER	Lab 06 - Browse and Search API	START	1780467782091
REQUEST		View Detail	1780467782001	1780467782095	OK	 
REQUEST		View Detail	1780467782011	1780467782095	OK	 
REQUEST		View Detail	1780467782011	1780467782095	OK	 
USER	Lab 06 - Browse and Search API	END	1780467782095
USER	Lab 06 - Browse and Search API	END	1780467782095
USER	Lab 06 - Browse and Search API	END	1780467782095
USER	Lab 06 - Browse and Search API	START	1780467782095
USER	Lab 06 - Browse and Search API	START	1780467782095
USER	Lab 06 - Browse and Search API	START	1780467782095
REQUEST		View Detail	1780467782005	1780467782097	OK	 
REQUEST		View Detail	1780467782008	1780467782097	OK	 
USER	Lab 06 - Browse and Search API	END	1780467782097
USER	Lab 06 - Browse and Search API	START	1780467782097
USER	Lab 06 - Browse and Search API	END	1780467782097
USER	Lab 06 - Browse and Search API	START	1780467782097
REQUEST		List Users	1780467781825	1780467782099	OK	 
REQUEST		View Detail	1780467782008	1780467782099	OK	 
USER	Lab 06 - Browse and Search API	END	1780467782099
USER	Lab 06 - Browse and Search API	START	1780467782099
REQUEST		List Users	1780467781800	1780467782102	OK	 
REQUEST		View Detail	1780467782011	1780467782102	OK	 
REQUEST		View Detail	1780467781927	1780467782103	OK	 
REQUEST		View Detail	1780467782023	1780467782103	OK	 
USER	Lab 06 - Browse and Search API	END	1780467782103
USER	Lab 06 - Browse and Search API	END	1780467782103
USER	Lab 06 - Browse and Search API	END	1780467782103
USER	Lab 06 - Browse and Search API	START	1780467782103
USER	Lab 06 - Browse and Search API	START	1780467782103
USER	Lab 06 - Browse and Search API	START	1780467782103
REQUEST		View Detail	1780467782027	1780467782105	OK	 
REQUEST		View Detail	1780467782017	1780467782105	OK	 
USER	Lab 06 - Browse and Search API	END	1780467782105
USER	Lab 06 - Browse and Search API	END	1780467782105
USER	Lab 06 - Browse and Search API	START	1780467782105
USER	Lab 06 - Browse and Search API	START	1780467782105
REQUEST		View Detail	1780467782027	1780467782112	OK	 
REQUEST		View Detail	1780467781927	1780467782112	OK	 
REQUEST		View Detail	1780467782008	1780467782112	OK	 
REQUEST		View Detail	1780467782027	1780467782112	OK	 
USER	Lab 06 - Browse and Search API	END	1780467782112
USER	Lab 06 - Browse and Search API	END	1780467782112
USER	Lab 06 - Browse and Search API	END	1780467782112
USER	Lab 06 - Browse and Search API	END	1780467782112
USER	Lab 06 - Browse and Search API	START	1780467782113
USER	Lab 06 - Browse and Search API	START	1780467782113
USER	Lab 06 - Browse and Search API	START	1780467782113
USER	Lab 06 - Browse and Search API	START	1780467782113
REQUEST		View Detail	1780467782018	1780467782114	OK	 
REQUEST		List Users	1780467781839	1780467782114	OK	 
USER	Lab 06 - Browse and Search API	END	1780467782114
USER	Lab 06 - Browse and Search API	START	1780467782115
REQUEST		View Detail	1780467782102	1780467782161	OK	 
USER	Lab 06 - Browse and Search API	END	1780467782161
USER	Lab 06 - Browse and Search API	START	1780467782162
REQUEST		List Users	1780467781872	1780467782164	OK	 
REQUEST		View Detail	1780467782105	1780467782164	OK	 
USER	Lab 06 - Browse and Search API	END	1780467782164
USER	Lab 06 - Browse and Search API	START	1780467782164
REQUEST		View Detail	1780467782101	1780467782182	OK	 
USER	Lab 06 - Browse and Search API	END	1780467782182
USER	Lab 06 - Browse and Search API	START	1780467782183
REQUEST		View Detail	1780467782099	1780467782185	OK	 
USER	Lab 06 - Browse and Search API	END	1780467782185
USER	Lab 06 - Browse and Search API	START	1780467782185
REQUEST		View Detail	1780467782103	1780467782191	OK	 
USER	Lab 06 - Browse and Search API	END	1780467782191
REQUEST		List Users	1780467781875	1780467782191	OK	 
USER	Lab 06 - Browse and Search API	START	1780467782192
REQUEST		List Users	1780467781872	1780467782193	OK	 
REQUEST		View Detail	1780467782129	1780467782194	OK	 
USER	Lab 06 - Browse and Search API	END	1780467782194
USER	Lab 06 - Browse and Search API	START	1780467782194
REQUEST		View Detail	1780467782136	1780467782200	OK	 
USER	Lab 06 - Browse and Search API	END	1780467782200
USER	Lab 06 - Browse and Search API	START	1780467782201
REQUEST		List Users	1780467782095	1780467782321	OK	 
REQUEST		List Users	1780467782103	1780467782327	OK	 
REQUEST		List Users	1780467782099	1780467782327	OK	 
REQUEST		List Users	1780467782113	1780467782329	OK	 
REQUEST		List Users	1780467782091	1780467782329	OK	 
REQUEST		List Users	1780467782097	1780467782331	OK	 
REQUEST		List Users	1780467782112	1780467782336	OK	 
REQUEST		List Users	1780467782087	1780467782340	OK	 
REQUEST		View Detail	1780467782243	1780467782340	OK	 
REQUEST		List Users	1780467782095	1780467782340	OK	 
USER	Lab 06 - Browse and Search API	END	1780467782340
USER	Lab 06 - Browse and Search API	START	1780467782341
REQUEST		List Users	1780467781890	1780467782359	OK	 
REQUEST		List Users	1780467782103	1780467782359	OK	 
REQUEST		List Users	1780467781942	1780467782359	OK	 
REQUEST		List Users	1780467782105	1780467782371	OK	 
REQUEST		List Users	1780467782105	1780467782373	OK	 
REQUEST		List Users	1780467782103	1780467782373	OK	 
REQUEST		List Users	1780467782091	1780467782378	OK	 
REQUEST		List Users	1780467782087	1780467782385	OK	 
REQUEST		List Users	1780467782113	1780467782389	OK	 
REQUEST		View Detail	1780467782329	1780467782450	OK	 
USER	Lab 06 - Browse and Search API	END	1780467782450
USER	Lab 06 - Browse and Search API	START	1780467782450
REQUEST		List Users	1780467782091	1780467782458	OK	 
REQUEST		View Detail	1780467782331	1780467782461	OK	 
REQUEST		List Users	1780467782112	1780467782461	OK	 
USER	Lab 06 - Browse and Search API	END	1780467782461
USER	Lab 06 - Browse and Search API	START	1780467782462
REQUEST		View Detail	1780467782331	1780467782464	OK	 
USER	Lab 06 - Browse and Search API	END	1780467782464
USER	Lab 06 - Browse and Search API	START	1780467782465
REQUEST		List Users	1780467782183	1780467782468	OK	 
REQUEST		List Users	1780467782201	1780467782468	OK	 
REQUEST		List Users	1780467782114	1780467782492	OK	 
REQUEST		View Detail	1780467782421	1780467782492	OK	 
REQUEST		List Users	1780467782087	1780467782493	OK	 
REQUEST		List Users	1780467782194	1780467782493	OK	 
REQUEST		List Users	1780467782164	1780467782493	OK	 
USER	Lab 06 - Browse and Search API	END	1780467782493
REQUEST		List Users	1780467782095	1780467782493	OK	 
REQUEST		View Detail	1780467782391	1780467782493	OK	 
REQUEST		List Users	1780467782161	1780467782493	OK	 
REQUEST		List Users	1780467782185	1780467782493	OK	 
REQUEST		List Users	1780467782090	1780467782493	OK	 
REQUEST		List Users	1780467782097	1780467782493	OK	 
REQUEST		View Detail	1780467782436	1780467782493	OK	 
USER	Lab 06 - Browse and Search API	END	1780467782493
REQUEST		View Detail	1780467782440	1780467782493	OK	 
REQUEST		View Detail	1780467782391	1780467782493	OK	 
REQUEST		View Detail	1780467782437	1780467782493	OK	 
USER	Lab 06 - Browse and Search API	START	1780467782493
REQUEST		View Detail	1780467782440	1780467782493	OK	 
USER	Lab 06 - Browse and Search API	END	1780467782493
USER	Lab 06 - Browse and Search API	END	1780467782493
USER	Lab 06 - Browse and Search API	END	1780467782493
USER	Lab 06 - Browse and Search API	END	1780467782493
USER	Lab 06 - Browse and Search API	START	1780467782493
USER	Lab 06 - Browse and Search API	END	1780467782493
USER	Lab 06 - Browse and Search API	START	1780467782493
USER	Lab 06 - Browse and Search API	START	1780467782493
USER	Lab 06 - Browse and Search API	START	1780467782493
USER	Lab 06 - Browse and Search API	START	1780467782493
USER	Lab 06 - Browse and Search API	START	1780467782493
REQUEST		View Detail	1780467782442	1780467782501	OK	 
USER	Lab 06 - Browse and Search API	END	1780467782502
USER	Lab 06 - Browse and Search API	START	1780467782502
REQUEST		Search User	1780467782454	1780467782516	OK	 
REQUEST		List Users	1780467782192	1780467782535	OK	 
REQUEST		View Detail	1780467782496	1780467782567	OK	 
REQUEST		View Detail	1780467782501	1780467782567	OK	 
REQUEST		View Detail	1780467782501	1780467782567	OK	 
USER	Lab 06 - Browse and Search API	END	1780467782568
USER	Lab 06 - Browse and Search API	END	1780467782568
USER	Lab 06 - Browse and Search API	END	1780467782568
USER	Lab 06 - Browse and Search API	START	1780467782568
USER	Lab 06 - Browse and Search API	START	1780467782568
USER	Lab 06 - Browse and Search API	START	1780467782568
REQUEST		View Detail	1780467782538	1780467782610	OK	 
USER	Lab 06 - Browse and Search API	END	1780467782610
USER	Lab 06 - Browse and Search API	START	1780467782611
REQUEST		List Users	1780467782450	1780467782627	OK	 
REQUEST		List Users	1780467782340	1780467782636	OK	 
REQUEST		View Detail	1780467782580	1780467782640	OK	 
USER	Lab 06 - Browse and Search API	END	1780467782640
USER	Lab 06 - Browse and Search API	START	1780467782640
REQUEST		List Users	1780467782464	1780467782694	OK	 
REQUEST		List Users	1780467782502	1780467782696	OK	 
REQUEST		List Users	1780467782462	1780467782696	OK	 
REQUEST		View Detail	1780467782633	1780467782700	OK	 
USER	Lab 06 - Browse and Search API	END	1780467782700
USER	Lab 06 - Browse and Search API	START	1780467782700
REQUEST		List Users	1780467782493	1780467782704	OK	 
REQUEST		View Detail	1780467782637	1780467782704	OK	 
REQUEST		List Users	1780467782493	1780467782704	OK	 
REQUEST		View Detail	1780467782633	1780467782704	OK	 
USER	Lab 06 - Browse and Search API	END	1780467782704
USER	Lab 06 - Browse and Search API	END	1780467782704
USER	Lab 06 - Browse and Search API	START	1780467782704
USER	Lab 06 - Browse and Search API	START	1780467782704
REQUEST		List Users	1780467782493	1780467782706	OK	 
REQUEST		List Users	1780467782493	1780467782708	OK	 
REQUEST		View Detail	1780467782638	1780467782708	OK	 
REQUEST		View Detail	1780467782641	1780467782708	OK	 
USER	Lab 06 - Browse and Search API	END	1780467782708
REQUEST		List Users	1780467782493	1780467782708	OK	 
USER	Lab 06 - Browse and Search API	END	1780467782708
USER	Lab 06 - Browse and Search API	START	1780467782708
USER	Lab 06 - Browse and Search API	START	1780467782708
REQUEST		List Users	1780467782493	1780467782721	OK	 
REQUEST		View Detail	1780467782647	1780467782721	OK	 
REQUEST		View Detail	1780467782652	1780467782721	OK	 
REQUEST		List Users	1780467782493	1780467782721	OK	 
USER	Lab 06 - Browse and Search API	END	1780467782721
USER	Lab 06 - Browse and Search API	END	1780467782721
USER	Lab 06 - Browse and Search API	START	1780467782721
USER	Lab 06 - Browse and Search API	START	1780467782722
REQUEST		List Users	1780467782568	1780467782777	OK	 
REQUEST		List Users	1780467782568	1780467782778	OK	 
REQUEST		View Detail	1780467782655	1780467782781	OK	 
USER	Lab 06 - Browse and Search API	END	1780467782782
USER	Lab 06 - Browse and Search API	START	1780467782782
REQUEST		List Users	1780467782568	1780467782783	OK	 
REQUEST		List Users	1780467782611	1780467782886	OK	 
REQUEST		View Detail	1780467782787	1780467782892	OK	 
REQUEST		View Detail	1780467782742	1780467782892	OK	 
USER	Lab 06 - Browse and Search API	END	1780467782893
USER	Lab 06 - Browse and Search API	END	1780467782893
USER	Lab 06 - Browse and Search API	START	1780467782893
USER	Lab 06 - Browse and Search API	START	1780467782893
REQUEST		View Detail	1780467782803	1780467782901	OK	 
USER	Lab 06 - Browse and Search API	END	1780467782901
USER	Lab 06 - Browse and Search API	START	1780467782901
REQUEST		View Detail	1780467782754	1780467782909	OK	 
REQUEST		List Users	1780467781629	1780467782909	OK	 
USER	Lab 06 - Browse and Search API	END	1780467782910
REQUEST		View Detail	1780467782768	1780467782909	OK	 
REQUEST		View Detail	1780467782751	1780467782909	OK	 
USER	Lab 06 - Browse and Search API	START	1780467782910
USER	Lab 06 - Browse and Search API	END	1780467782910
USER	Lab 06 - Browse and Search API	END	1780467782910
USER	Lab 06 - Browse and Search API	START	1780467782910
USER	Lab 06 - Browse and Search API	START	1780467782910
REQUEST		View Detail	1780467782751	1780467782911	OK	 
REQUEST		View Detail	1780467782776	1780467782911	OK	 
REQUEST		View Detail	1780467782777	1780467782912	OK	 
REQUEST		List Users	1780467782640	1780467782912	OK	 
USER	Lab 06 - Browse and Search API	END	1780467782912
USER	Lab 06 - Browse and Search API	END	1780467782912
USER	Lab 06 - Browse and Search API	END	1780467782912
USER	Lab 06 - Browse and Search API	START	1780467782912
USER	Lab 06 - Browse and Search API	START	1780467782912
USER	Lab 06 - Browse and Search API	START	1780467782912
REQUEST		List Users	1780467782708	1780467782933	OK	 
REQUEST		List Users	1780467782721	1780467782936	OK	 
REQUEST		View Detail	1780467782885	1780467782948	OK	 
USER	Lab 06 - Browse and Search API	END	1780467782948
USER	Lab 06 - Browse and Search API	START	1780467782949
REQUEST		View Detail	1780467782884	1780467782951	OK	 
USER	Lab 06 - Browse and Search API	END	1780467782951
USER	Lab 06 - Browse and Search API	START	1780467782951
REQUEST		View Detail	1780467782905	1780467782986	OK	 
REQUEST		List Users	1780467782708	1780467782986	OK	 
REQUEST		View Detail	1780467782889	1780467782986	OK	 
USER	Lab 06 - Browse and Search API	END	1780467782987
USER	Lab 06 - Browse and Search API	END	1780467782987
USER	Lab 06 - Browse and Search API	START	1780467782987
USER	Lab 06 - Browse and Search API	START	1780467782987
REQUEST		View Detail	1780467782889	1780467782993	OK	 
USER	Lab 06 - Browse and Search API	END	1780467782993
USER	Lab 06 - Browse and Search API	START	1780467782993
REQUEST		List Users	1780467782721	1780467782998	OK	 
REQUEST		List Users	1780467782700	1780467782998	OK	 
REQUEST		List Users	1780467782704	1780467783008	OK	 
REQUEST		List Users	1780467782704	1780467783011	OK	 
REQUEST		List Users	1780467782782	1780467783011	OK	 
REQUEST		View Detail	1780467782906	1780467783011	OK	 
REQUEST		View Detail	1780467782895	1780467783011	OK	 
USER	Lab 06 - Browse and Search API	END	1780467783011
USER	Lab 06 - Browse and Search API	END	1780467783011
USER	Lab 06 - Browse and Search API	START	1780467783011
USER	Lab 06 - Browse and Search API	START	1780467783011
REQUEST		View Detail	1780467782906	1780467783013	OK	 
REQUEST		View Detail	1780467782906	1780467783013	OK	 
USER	Lab 06 - Browse and Search API	END	1780467783013
USER	Lab 06 - Browse and Search API	END	1780467783013
USER	Lab 06 - Browse and Search API	START	1780467783013
USER	Lab 06 - Browse and Search API	START	1780467783013
REQUEST		View Detail	1780467782996	1780467783109	OK	 
REQUEST		View Detail	1780467783005	1780467783109	OK	 
USER	Lab 06 - Browse and Search API	END	1780467783109
USER	Lab 06 - Browse and Search API	END	1780467783109
USER	Lab 06 - Browse and Search API	START	1780467783109
USER	Lab 06 - Browse and Search API	START	1780467783109
REQUEST		List Users	1780467782893	1780467783116	OK	 
REQUEST		List Users	1780467782893	1780467783118	OK	 
REQUEST		View Detail	1780467783006	1780467783121	OK	 
USER	Lab 06 - Browse and Search API	END	1780467783121
USER	Lab 06 - Browse and Search API	START	1780467783121
REQUEST		View Detail	1780467783007	1780467783133	OK	 
USER	Lab 06 - Browse and Search API	END	1780467783133
USER	Lab 06 - Browse and Search API	START	1780467783133
REQUEST		List Users	1780467782912	1780467783186	OK	 
REQUEST		List Users	1780467782949	1780467783187	OK	 
REQUEST		List Users	1780467782951	1780467783192	OK	 
REQUEST		Search User	1780467783133	1780467783192	OK	 
REQUEST		List Users	1780467782912	1780467783192	OK	 
REQUEST		List Users	1780467782910	1780467783197	OK	 
REQUEST		List Users	1780467782910	1780467783200	OK	 
REQUEST		Search User	1780467783132	1780467783200	OK	 
REQUEST		List Users	1780467782901	1780467783204	OK	 
REQUEST		List Users	1780467782910	1780467783212	OK	 
REQUEST		List Users	1780467782912	1780467783212	OK	 
REQUEST		List Users	1780467782993	1780467783246	OK	 
REQUEST		List Users	1780467782987	1780467783248	OK	 
REQUEST		List Users	1780467783011	1780467783248	OK	 
REQUEST		Search User	1780467783202	1780467783250	OK	 
REQUEST		List Users	1780467783013	1780467783252	OK	 
REQUEST		List Users	1780467783011	1780467783260	OK	 
REQUEST		List Users	1780467783013	1780467783266	OK	 
REQUEST		List Users	1780467782987	1780467783266	OK	 
REQUEST		List Users	1780467783109	1780467783304	OK	 
REQUEST		List Users	1780467783109	1780467783306	OK	 
REQUEST		List Users	1780467783133	1780467783319	OK	 
REQUEST		List Users	1780467783121	1780467783319	OK	 
REQUEST		Search User	1780467783336	1780467783391	OK	 
REQUEST		Search User	1780467783348	1780467783396	OK	 
REQUEST		Search User	1780467783523	1780467783574	OK	 
REQUEST		Search User	1780467783631	1780467783691	OK	 
REQUEST		Search User	1780467783664	1780467783722	OK	 
REQUEST		Search User	1780467783735	1780467783832	OK	 
REQUEST		Search User	1780467783747	1780467783848	OK	 
REQUEST		Search User	1780467783896	1780467783970	OK	 
REQUEST		Search User	1780467783920	1780467783985	OK	 
REQUEST		View Detail	1780467783903	1780467784000	OK	 
USER	Lab 06 - Browse and Search API	END	1780467784001
USER	Lab 06 - Browse and Search API	START	1780467784001
REQUEST		List Users	1780467784001	1780467784163	OK	 
REQUEST		Search User	1780467784101	1780467784163	OK	 
REQUEST		Search User	1780467784103	1780467784163	OK	 
REQUEST		Search User	1780467784115	1780467784165	OK	 
REQUEST		Search User	1780467784165	1780467784211	OK	 
REQUEST		Search User	1780467784192	1780467784248	OK	 
REQUEST		Search User	1780467784195	1780467784252	OK	 
REQUEST		Search User	1780467784323	1780467784368	OK	 
REQUEST		Search User	1780467784327	1780467784373	OK	 
REQUEST		Search User	1780467784331	1780467784375	OK	 
REQUEST		Search User	1780467784329	1780467784375	OK	 
REQUEST		Search User	1780467784336	1780467784380	OK	 
REQUEST		Search User	1780467784327	1780467784380	OK	 
REQUEST		Search User	1780467784330	1780467784380	OK	 
REQUEST		Search User	1780467784341	1780467784390	OK	 
REQUEST		Search User	1780467784341	1780467784395	OK	 
REQUEST		Search User	1780467784371	1780467784413	OK	 
REQUEST		Search User	1780467784361	1780467784413	OK	 
REQUEST		Search User	1780467784361	1780467784416	OK	 
REQUEST		Search User	1780467784361	1780467784416	OK	 
REQUEST		Search User	1780467784374	1780467784432	OK	 
REQUEST		Search User	1780467784379	1780467784432	OK	 
REQUEST		Search User	1780467784374	1780467784435	OK	 
REQUEST		Search User	1780467784390	1780467784444	OK	 
REQUEST		Search User	1780467784386	1780467784451	OK	 
REQUEST		Search User	1780467784460	1780467784517	OK	 
REQUEST		Search User	1780467784469	1780467784522	OK	 
REQUEST		Search User	1780467784469	1780467784522	OK	 
REQUEST		Search User	1780467784463	1780467784525	OK	 
REQUEST		Search User	1780467784494	1780467784556	OK	 
REQUEST		Search User	1780467784494	1780467784556	OK	 
REQUEST		Search User	1780467784494	1780467784557	OK	 
REQUEST		Search User	1780467784494	1780467784557	OK	 
REQUEST		Search User	1780467784493	1780467784557	OK	 
REQUEST		Search User	1780467784494	1780467784558	OK	 
REQUEST		Search User	1780467784494	1780467784558	OK	 
REQUEST		Search User	1780467784494	1780467784558	OK	 
REQUEST		Search User	1780467784494	1780467784558	OK	 
REQUEST		View Detail	1780467784518	1780467784601	OK	 
USER	Lab 06 - Browse and Search API	END	1780467784601
USER	Lab 06 - Browse and Search API	START	1780467784602
REQUEST		Search User	1780467784536	1780467784604	OK	 
REQUEST		Search User	1780467784628	1780467784678	OK	 
REQUEST		Search User	1780467784636	1780467784734	OK	 
REQUEST		Search User	1780467784696	1780467784743	OK	 
REQUEST		Search User	1780467784698	1780467784745	OK	 
REQUEST		Search User	1780467784697	1780467784747	OK	 
REQUEST		Search User	1780467784705	1780467784753	OK	 
REQUEST		Search User	1780467784705	1780467784755	OK	 
REQUEST		Search User	1780467784723	1780467784781	OK	 
REQUEST		List Users	1780467784601	1780467784781	OK	 
REQUEST		Search User	1780467784709	1780467784803	OK	 
REQUEST		Search User	1780467784710	1780467784803	OK	 
REQUEST		Search User	1780467784707	1780467784803	OK	 
REQUEST		Search User	1780467784722	1780467784803	OK	 
REQUEST		Search User	1780467784779	1780467784826	OK	 
REQUEST		Search User	1780467784780	1780467784826	OK	 
REQUEST		Search User	1780467784784	1780467784841	OK	 
REQUEST		Search User	1780467784887	1780467784955	OK	 
REQUEST		Search User	1780467784910	1780467784964	OK	 
REQUEST		Search User	1780467784912	1780467784967	OK	 
REQUEST		Search User	1780467784937	1780467785024	OK	 
REQUEST		Search User	1780467784935	1780467785028	OK	 
REQUEST		Search User	1780467784988	1780467785030	OK	 
REQUEST		Search User	1780467784999	1780467785047	OK	 
REQUEST		Search User	1780467785000	1780467785049	OK	 
REQUEST		Search User	1780467785009	1780467785053	OK	 
REQUEST		Search User	1780467785012	1780467785071	OK	 
REQUEST		Search User	1780467785013	1780467785091	OK	 
REQUEST		Search User	1780467785120	1780467785194	OK	 
REQUEST		Search User	1780467785117	1780467785205	OK	 
REQUEST		Search User	1780467785188	1780467785237	OK	 
REQUEST		View Detail	1780467785192	1780467785252	OK	 
REQUEST		Search User	1780467785202	1780467785252	OK	 
REQUEST		Search User	1780467785192	1780467785252	OK	 
REQUEST		Search User	1780467785188	1780467785252	OK	 
REQUEST		Search User	1780467785198	1780467785252	OK	 
REQUEST		Search User	1780467785194	1780467785252	OK	 
USER	Lab 06 - Browse and Search API	END	1780467785252
USER	Lab 06 - Browse and Search API	START	1780467785253
REQUEST		View Detail	1780467785201	1780467785260	OK	 
USER	Lab 06 - Browse and Search API	END	1780467785261
USER	Lab 06 - Browse and Search API	START	1780467785261
REQUEST		Search User	1780467785205	1780467785265	OK	 
REQUEST		Search User	1780467785213	1780467785269	OK	 
REQUEST		Search User	1780467785213	1780467785271	OK	 
REQUEST		Search User	1780467785249	1780467785295	OK	 
REQUEST		Search User	1780467785249	1780467785295	OK	 
REQUEST		Search User	1780467785248	1780467785295	OK	 
REQUEST		View Detail	1780467785252	1780467785298	OK	 
USER	Lab 06 - Browse and Search API	END	1780467785298
USER	Lab 06 - Browse and Search API	START	1780467785298
REQUEST		Search User	1780467785253	1780467785300	OK	 
REQUEST		Search User	1780467785260	1780467785311	OK	 
REQUEST		Search User	1780467785267	1780467785338	OK	 
REQUEST		Search User	1780467785268	1780467785338	OK	 
REQUEST		Search User	1780467785308	1780467785374	OK	 
REQUEST		Search User	1780467785306	1780467785374	OK	 
REQUEST		Search User	1780467785320	1780467785377	OK	 
REQUEST		Search User	1780467785320	1780467785384	OK	 
REQUEST		List Users	1780467785261	1780467785445	OK	 
REQUEST		List Users	1780467785252	1780467785452	OK	 
REQUEST		List Users	1780467785298	1780467785688	OK	 
REQUEST		View Detail	1780467785392	1780467785703	OK	 
REQUEST		View Detail	1780467785396	1780467785703	OK	 
REQUEST		View Detail	1780467785574	1780467785703	OK	 
USER	Lab 06 - Browse and Search API	END	1780467785703
USER	Lab 06 - Browse and Search API	END	1780467785703
USER	Lab 06 - Browse and Search API	END	1780467785703
USER	Lab 06 - Browse and Search API	START	1780467785704
USER	Lab 06 - Browse and Search API	START	1780467785704
USER	Lab 06 - Browse and Search API	START	1780467785704
REQUEST		View Detail	1780467785692	1780467785762	OK	 
USER	Lab 06 - Browse and Search API	END	1780467785762
USER	Lab 06 - Browse and Search API	START	1780467785763
REQUEST		View Detail	1780467785723	1780467785772	OK	 
USER	Lab 06 - Browse and Search API	END	1780467785772
USER	Lab 06 - Browse and Search API	START	1780467785772
REQUEST		List Users	1780467785703	1780467785840	OK	 
REQUEST		List Users	1780467785703	1780467785864	OK	 
REQUEST		List Users	1780467785703	1780467785881	OK	 
REQUEST		View Detail	1780467785832	1780467785884	OK	 
USER	Lab 06 - Browse and Search API	END	1780467785885
USER	Lab 06 - Browse and Search API	START	1780467785885
REQUEST		List Users	1780467785772	1780467785903	OK	 
REQUEST		List Users	1780467785762	1780467785903	OK	 
REQUEST		View Detail	1780467785848	1780467785910	OK	 
USER	Lab 06 - Browse and Search API	END	1780467785910
USER	Lab 06 - Browse and Search API	START	1780467785911
REQUEST		View Detail	1780467785986	1780467786039	OK	 
USER	Lab 06 - Browse and Search API	END	1780467786039
USER	Lab 06 - Browse and Search API	START	1780467786039
REQUEST		List Users	1780467785885	1780467786043	OK	 
REQUEST		View Detail	1780467785971	1780467786046	OK	 
USER	Lab 06 - Browse and Search API	END	1780467786046
USER	Lab 06 - Browse and Search API	START	1780467786047
REQUEST		List Users	1780467785911	1780467786082	OK	 
REQUEST		List Users	1780467786046	1780467786174	OK	 
REQUEST		List Users	1780467786039	1780467786174	OK	 
REQUEST		View Detail	1780467786164	1780467786219	OK	 
REQUEST		Search User	1780467786166	1780467786219	OK	 
USER	Lab 06 - Browse and Search API	END	1780467786219
USER	Lab 06 - Browse and Search API	START	1780467786219
REQUEST		View Detail	1780467786166	1780467786222	OK	 
USER	Lab 06 - Browse and Search API	END	1780467786222
USER	Lab 06 - Browse and Search API	START	1780467786222
REQUEST		View Detail	1780467786167	1780467786231	OK	 
USER	Lab 06 - Browse and Search API	END	1780467786231
USER	Lab 06 - Browse and Search API	START	1780467786232
REQUEST		View Detail	1780467786214	1780467786264	OK	 
USER	Lab 06 - Browse and Search API	END	1780467786264
USER	Lab 06 - Browse and Search API	START	1780467786264
REQUEST		View Detail	1780467786248	1780467786308	OK	 
USER	Lab 06 - Browse and Search API	END	1780467786309
USER	Lab 06 - Browse and Search API	START	1780467786309
REQUEST		View Detail	1780467786253	1780467786311	OK	 
USER	Lab 06 - Browse and Search API	END	1780467786311
USER	Lab 06 - Browse and Search API	START	1780467786311
REQUEST		List Users	1780467786219	1780467786359	OK	 
REQUEST		List Users	1780467786222	1780467786375	OK	 
REQUEST		List Users	1780467786231	1780467786401	OK	 
REQUEST		View Detail	1780467786369	1780467786413	OK	 
USER	Lab 06 - Browse and Search API	END	1780467786413
USER	Lab 06 - Browse and Search API	START	1780467786414
REQUEST		View Detail	1780467786374	1780467786420	OK	 
REQUEST		View Detail	1780467786376	1780467786420	OK	 
USER	Lab 06 - Browse and Search API	END	1780467786420
USER	Lab 06 - Browse and Search API	END	1780467786420
USER	Lab 06 - Browse and Search API	START	1780467786420
USER	Lab 06 - Browse and Search API	START	1780467786420
REQUEST		View Detail	1780467786381	1780467786429	OK	 
REQUEST		View Detail	1780467786381	1780467786429	OK	 
REQUEST		View Detail	1780467786376	1780467786429	OK	 
USER	Lab 06 - Browse and Search API	END	1780467786429
REQUEST		View Detail	1780467786381	1780467786429	OK	 
USER	Lab 06 - Browse and Search API	END	1780467786429
USER	Lab 06 - Browse and Search API	END	1780467786429
USER	Lab 06 - Browse and Search API	END	1780467786429
USER	Lab 06 - Browse and Search API	START	1780467786429
USER	Lab 06 - Browse and Search API	START	1780467786429
USER	Lab 06 - Browse and Search API	START	1780467786429
USER	Lab 06 - Browse and Search API	START	1780467786429
REQUEST		List Users	1780467786264	1780467786441	OK	 
REQUEST		List Users	1780467786311	1780467786468	OK	 
REQUEST		View Detail	1780467786396	1780467786470	OK	 
USER	Lab 06 - Browse and Search API	END	1780467786471
USER	Lab 06 - Browse and Search API	START	1780467786471
REQUEST		List Users	1780467786309	1780467786478	OK	 
REQUEST		View Detail	1780467786391	1780467786491	OK	 
USER	Lab 06 - Browse and Search API	END	1780467786491
USER	Lab 06 - Browse and Search API	START	1780467786491
REQUEST		View Detail	1780467786415	1780467786548	OK	 
USER	Lab 06 - Browse and Search API	END	1780467786548
USER	Lab 06 - Browse and Search API	START	1780467786549
REQUEST		View Detail	1780467786414	1780467786552	OK	 
USER	Lab 06 - Browse and Search API	END	1780467786552
USER	Lab 06 - Browse and Search API	START	1780467786552
REQUEST		View Detail	1780467786444	1780467786554	OK	 
USER	Lab 06 - Browse and Search API	END	1780467786555
USER	Lab 06 - Browse and Search API	START	1780467786555
REQUEST		View Detail	1780467786465	1780467786557	OK	 
USER	Lab 06 - Browse and Search API	END	1780467786557
USER	Lab 06 - Browse and Search API	START	1780467786557
REQUEST		View Detail	1780467786433	1780467786559	OK	 
REQUEST		View Detail	1780467786435	1780467786559	OK	 
REQUEST		View Detail	1780467786417	1780467786559	OK	 
REQUEST		View Detail	1780467786433	1780467786559	OK	 
USER	Lab 06 - Browse and Search API	END	1780467786559
USER	Lab 06 - Browse and Search API	END	1780467786559
USER	Lab 06 - Browse and Search API	END	1780467786559
USER	Lab 06 - Browse and Search API	END	1780467786559
USER	Lab 06 - Browse and Search API	START	1780467786559
USER	Lab 06 - Browse and Search API	START	1780467786559
USER	Lab 06 - Browse and Search API	START	1780467786559
USER	Lab 06 - Browse and Search API	START	1780467786559
REQUEST		View Detail	1780467786417	1780467786567	OK	 
REQUEST		View Detail	1780467786522	1780467786567	OK	 
USER	Lab 06 - Browse and Search API	END	1780467786567
USER	Lab 06 - Browse and Search API	END	1780467786567
USER	Lab 06 - Browse and Search API	START	1780467786567
USER	Lab 06 - Browse and Search API	START	1780467786567
REQUEST		View Detail	1780467786522	1780467786571	OK	 
USER	Lab 06 - Browse and Search API	END	1780467786571
USER	Lab 06 - Browse and Search API	START	1780467786571
REQUEST		View Detail	1780467786518	1780467786584	OK	 
USER	Lab 06 - Browse and Search API	END	1780467786584
USER	Lab 06 - Browse and Search API	START	1780467786584
REQUEST		View Detail	1780467786527	1780467786593	OK	 
USER	Lab 06 - Browse and Search API	END	1780467786593
USER	Lab 06 - Browse and Search API	START	1780467786593
REQUEST		View Detail	1780467786557	1780467786623	OK	 
USER	Lab 06 - Browse and Search API	END	1780467786623
REQUEST		View Detail	1780467786558	1780467786623	OK	 
USER	Lab 06 - Browse and Search API	START	1780467786623
USER	Lab 06 - Browse and Search API	END	1780467786623
USER	Lab 06 - Browse and Search API	START	1780467786623
REQUEST		View Detail	1780467786557	1780467786627	OK	 
USER	Lab 06 - Browse and Search API	END	1780467786627
USER	Lab 06 - Browse and Search API	START	1780467786627
REQUEST		View Detail	1780467786559	1780467786634	OK	 
REQUEST		View Detail	1780467786559	1780467786634	OK	 
REQUEST		View Detail	1780467786559	1780467786634	OK	 
USER	Lab 06 - Browse and Search API	END	1780467786634
USER	Lab 06 - Browse and Search API	END	1780467786634
USER	Lab 06 - Browse and Search API	END	1780467786634
USER	Lab 06 - Browse and Search API	START	1780467786635
USER	Lab 06 - Browse and Search API	START	1780467786635
USER	Lab 06 - Browse and Search API	START	1780467786635
REQUEST		View Detail	1780467786558	1780467786638	OK	 
REQUEST		View Detail	1780467786558	1780467786638	OK	 
REQUEST		View Detail	1780467786559	1780467786638	OK	 
USER	Lab 06 - Browse and Search API	END	1780467786638
USER	Lab 06 - Browse and Search API	END	1780467786638
USER	Lab 06 - Browse and Search API	END	1780467786638
USER	Lab 06 - Browse and Search API	START	1780467786638
USER	Lab 06 - Browse and Search API	START	1780467786638
USER	Lab 06 - Browse and Search API	START	1780467786638
REQUEST		List Users	1780467786420	1780467786737	OK	 
REQUEST		List Users	1780467786429	1780467786738	OK	 
REQUEST		List Users	1780467786413	1780467786748	OK	 
REQUEST		List Users	1780467786471	1780467786748	OK	 
REQUEST		List Users	1780467786420	1780467786750	OK	 
REQUEST		List Users	1780467786429	1780467786750	OK	 
REQUEST		List Users	1780467786491	1780467786752	OK	 
REQUEST		View Detail	1780467786605	1780467786753	OK	 
REQUEST		View Detail	1780467786678	1780467786753	OK	 
USER	Lab 06 - Browse and Search API	END	1780467786753
USER	Lab 06 - Browse and Search API	END	1780467786753
USER	Lab 06 - Browse and Search API	START	1780467786753
USER	Lab 06 - Browse and Search API	START	1780467786753
REQUEST		List Users	1780467786429	1780467786755	OK	 
REQUEST		List Users	1780467786429	1780467786778	OK	 
REQUEST		View Detail	1780467786744	1780467786825	OK	 
REQUEST		View Detail	1780467786734	1780467786825	OK	 
REQUEST		View Detail	1780467786747	1780467786826	OK	 
REQUEST		View Detail	1780467786748	1780467786826	OK	 
USER	Lab 06 - Browse and Search API	END	1780467786826
REQUEST		View Detail	1780467786753	1780467786826	OK	 
USER	Lab 06 - Browse and Search API	END	1780467786826
REQUEST		View Detail	1780467786755	1780467786826	OK	 
USER	Lab 06 - Browse and Search API	END	1780467786826
REQUEST		List Users	1780467786571	1780467786826	OK	 
REQUEST		List Users	1780467786567	1780467786826	OK	 
USER	Lab 06 - Browse and Search API	END	1780467786826
USER	Lab 06 - Browse and Search API	END	1780467786826
USER	Lab 06 - Browse and Search API	END	1780467786826
REQUEST		List Users	1780467786559	1780467786826	OK	 
USER	Lab 06 - Browse and Search API	START	1780467786826
USER	Lab 06 - Browse and Search API	START	1780467786826
USER	Lab 06 - Browse and Search API	START	1780467786826
USER	Lab 06 - Browse and Search API	START	1780467786826
USER	Lab 06 - Browse and Search API	START	1780467786826
USER	Lab 06 - Browse and Search API	START	1780467786826
REQUEST		List Users	1780467786555	1780467786841	OK	 
REQUEST		List Users	1780467786559	1780467786841	OK	 
REQUEST		List Users	1780467786552	1780467786841	OK	 
REQUEST		List Users	1780467786559	1780467786841	OK	 
REQUEST		List Users	1780467786584	1780467786841	OK	 
REQUEST		List Users	1780467786593	1780467786841	OK	 
REQUEST		List Users	1780467786559	1780467786841	OK	 
REQUEST		List Users	1780467786567	1780467786841	OK	 
REQUEST		List Users	1780467786548	1780467786841	OK	 
REQUEST		List Users	1780467786557	1780467786841	OK	 
REQUEST		View Detail	1780467786781	1780467786850	OK	 
REQUEST		Search User	1780467786782	1780467786850	OK	 
USER	Lab 06 - Browse and Search API	END	1780467786850
USER	Lab 06 - Browse and Search API	START	1780467786850
REQUEST		View Detail	1780467786804	1780467786856	OK	 
USER	Lab 06 - Browse and Search API	END	1780467786856
USER	Lab 06 - Browse and Search API	START	1780467786856
REQUEST		View Detail	1780467786804	1780467786860	OK	 
REQUEST		View Detail	1780467786803	1780467786860	OK	 
USER	Lab 06 - Browse and Search API	END	1780467786860
USER	Lab 06 - Browse and Search API	END	1780467786860
USER	Lab 06 - Browse and Search API	START	1780467786860
USER	Lab 06 - Browse and Search API	START	1780467786860
REQUEST		View Detail	1780467786804	1780467786863	OK	 
USER	Lab 06 - Browse and Search API	END	1780467786863
USER	Lab 06 - Browse and Search API	START	1780467786863
REQUEST		View Detail	1780467786826	1780467786910	OK	 
USER	Lab 06 - Browse and Search API	END	1780467786910
USER	Lab 06 - Browse and Search API	START	1780467786910
REQUEST		List Users	1780467786627	1780467786920	OK	 
REQUEST		List Users	1780467786638	1780467786927	OK	 
REQUEST		List Users	1780467786635	1780467786929	OK	 
REQUEST		List Users	1780467786623	1780467786929	OK	 
REQUEST		List Users	1780467786623	1780467786929	OK	 
REQUEST		View Detail	1780467786826	1780467786929	OK	 
USER	Lab 06 - Browse and Search API	END	1780467786929
USER	Lab 06 - Browse and Search API	START	1780467786929
REQUEST		List Users	1780467786638	1780467786931	OK	 
REQUEST		List Users	1780467786638	1780467786933	OK	 
REQUEST		List Users	1780467786635	1780467786935	OK	 
REQUEST		List Users	1780467786635	1780467786935	OK	 
REQUEST		View Detail	1780467786841	1780467786937	OK	 
USER	Lab 06 - Browse and Search API	END	1780467786937
USER	Lab 06 - Browse and Search API	START	1780467786937
REQUEST		List Users	1780467786753	1780467786958	OK	 
REQUEST		List Users	1780467786753	1780467786993	OK	 
REQUEST		List Users	1780467786826	1780467786995	OK	 
REQUEST		View Detail	1780467786956	1780467787001	OK	 
REQUEST		List Users	1780467786860	1780467787001	OK	 
USER	Lab 06 - Browse and Search API	END	1780467787001
USER	Lab 06 - Browse and Search API	START	1780467787001
REQUEST		List Users	1780467786863	1780467787003	OK	 
REQUEST		List Users	1780467786826	1780467787003	OK	 
REQUEST		List Users	1780467786910	1780467787081	OK	 
REQUEST		List Users	1780467786826	1780467787082	OK	 
REQUEST		List Users	1780467786826	1780467787084	OK	 
REQUEST		List Users	1780467786826	1780467787086	OK	 
REQUEST		List Users	1780467786860	1780467787086	OK	 
REQUEST		List Users	1780467786850	1780467787086	OK	 
REQUEST		View Detail	1780467786968	1780467787094	OK	 
REQUEST		View Detail	1780467786965	1780467787094	OK	 
REQUEST		List Users	1780467786826	1780467787094	OK	 
USER	Lab 06 - Browse and Search API	END	1780467787095
USER	Lab 06 - Browse and Search API	END	1780467787095
USER	Lab 06 - Browse and Search API	START	1780467787095
USER	Lab 06 - Browse and Search API	START	1780467787095
REQUEST		List Users	1780467786856	1780467787096	OK	 
REQUEST		View Detail	1780467787025	1780467787101	OK	 
REQUEST		View Detail	1780467787054	1780467787102	OK	 
REQUEST		View Detail	1780467787030	1780467787102	OK	 
USER	Lab 06 - Browse and Search API	END	1780467787102
USER	Lab 06 - Browse and Search API	END	1780467787102
USER	Lab 06 - Browse and Search API	END	1780467787102
USER	Lab 06 - Browse and Search API	START	1780467787102
USER	Lab 06 - Browse and Search API	START	1780467787102
USER	Lab 06 - Browse and Search API	START	1780467787102
REQUEST		View Detail	1780467787028	1780467787105	OK	 
USER	Lab 06 - Browse and Search API	END	1780467787105
USER	Lab 06 - Browse and Search API	START	1780467787106
REQUEST		View Detail	1780467787047	1780467787107	OK	 
USER	Lab 06 - Browse and Search API	END	1780467787107
USER	Lab 06 - Browse and Search API	START	1780467787108
REQUEST		List Users	1780467786937	1780467787110	OK	 
REQUEST		View Detail	1780467787049	1780467787112	OK	 
USER	Lab 06 - Browse and Search API	END	1780467787112
USER	Lab 06 - Browse and Search API	START	1780467787113
REQUEST		View Detail	1780467787071	1780467787130	OK	 
USER	Lab 06 - Browse and Search API	END	1780467787130
USER	Lab 06 - Browse and Search API	START	1780467787131
REQUEST		List Users	1780467786929	1780467787144	OK	 
REQUEST		View Detail	1780467787092	1780467787147	OK	 
REQUEST		List Users	1780467787001	1780467787147	OK	 
USER	Lab 06 - Browse and Search API	END	1780467787147
USER	Lab 06 - Browse and Search API	START	1780467787148
REQUEST		List Users	1780467787102	1780467787241	OK	 
REQUEST		List Users	1780467787102	1780467787242	OK	 
REQUEST		List Users	1780467787112	1780467787248	OK	 
REQUEST		List Users	1780467787102	1780467787250	OK	 
REQUEST		List Users	1780467787095	1780467787255	OK	 
REQUEST		View Detail	1780467787195	1780467787255	OK	 
USER	Lab 06 - Browse and Search API	END	1780467787255
USER	Lab 06 - Browse and Search API	START	1780467787255
REQUEST		View Detail	1780467787206	1780467787257	OK	 
USER	Lab 06 - Browse and Search API	END	1780467787257
USER	Lab 06 - Browse and Search API	START	1780467787257
REQUEST		List Users	1780467787095	1780467787265	OK	 
REQUEST		List Users	1780467787108	1780467787267	OK	 
REQUEST		List Users	1780467787106	1780467787271	OK	 
REQUEST		View Detail	1780467787238	1780467787293	OK	 
USER	Lab 06 - Browse and Search API	END	1780467787293
USER	Lab 06 - Browse and Search API	START	1780467787293
REQUEST		List Users	1780467787147	1780467787296	OK	 
REQUEST		View Detail	1780467787253	1780467787315	OK	 
USER	Lab 06 - Browse and Search API	END	1780467787315
USER	Lab 06 - Browse and Search API	START	1780467787315
REQUEST		View Detail	1780467787254	1780467787318	OK	 
REQUEST		View Detail	1780467787253	1780467787318	OK	 
USER	Lab 06 - Browse and Search API	END	1780467787318
USER	Lab 06 - Browse and Search API	END	1780467787318
USER	Lab 06 - Browse and Search API	START	1780467787318
USER	Lab 06 - Browse and Search API	START	1780467787318
REQUEST		View Detail	1780467787254	1780467787320	OK	 
USER	Lab 06 - Browse and Search API	END	1780467787320
USER	Lab 06 - Browse and Search API	START	1780467787321
REQUEST		View Detail	1780467787254	1780467787325	OK	 
USER	Lab 06 - Browse and Search API	END	1780467787325
USER	Lab 06 - Browse and Search API	START	1780467787325
REQUEST		View Detail	1780467787267	1780467787329	OK	 
REQUEST		List Users	1780467787130	1780467787329	OK	 
USER	Lab 06 - Browse and Search API	END	1780467787329
USER	Lab 06 - Browse and Search API	START	1780467787329
REQUEST		View Detail	1780467787272	1780467787336	OK	 
REQUEST		View Detail	1780467787271	1780467787336	OK	 
USER	Lab 06 - Browse and Search API	END	1780467787336
USER	Lab 06 - Browse and Search API	END	1780467787336
USER	Lab 06 - Browse and Search API	START	1780467787336
USER	Lab 06 - Browse and Search API	START	1780467787337
REQUEST		View Detail	1780467787296	1780467787341	OK	 
REQUEST		View Detail	1780467787296	1780467787341	OK	 
REQUEST		View Detail	1780467787296	1780467787341	OK	 
USER	Lab 06 - Browse and Search API	END	1780467787341
USER	Lab 06 - Browse and Search API	END	1780467787341
USER	Lab 06 - Browse and Search API	END	1780467787341
USER	Lab 06 - Browse and Search API	START	1780467787341
USER	Lab 06 - Browse and Search API	START	1780467787341
USER	Lab 06 - Browse and Search API	START	1780467787341
REQUEST		View Detail	1780467787301	1780467787351	OK	 
USER	Lab 06 - Browse and Search API	END	1780467787351
USER	Lab 06 - Browse and Search API	START	1780467787352
REQUEST		View Detail	1780467787311	1780467787378	OK	 
USER	Lab 06 - Browse and Search API	END	1780467787378
USER	Lab 06 - Browse and Search API	START	1780467787378
REQUEST		List Users	1780467787257	1780467787453	OK	 
REQUEST		View Detail	1780467787374	1780467787457	OK	 
USER	Lab 06 - Browse and Search API	END	1780467787457
USER	Lab 06 - Browse and Search API	START	1780467787457
REQUEST		View Detail	1780467787374	1780467787461	OK	 
USER	Lab 06 - Browse and Search API	END	1780467787461
USER	Lab 06 - Browse and Search API	START	1780467787461
REQUEST		View Detail	1780467787338	1780467787463	OK	 
REQUEST		View Detail	1780467787339	1780467787463	OK	 
USER	Lab 06 - Browse and Search API	END	1780467787463
USER	Lab 06 - Browse and Search API	END	1780467787463
USER	Lab 06 - Browse and Search API	START	1780467787463
USER	Lab 06 - Browse and Search API	START	1780467787463
REQUEST		List Users	1780467787255	1780467787465	OK	 
REQUEST		View Detail	1780467787378	1780467787479	OK	 
USER	Lab 06 - Browse and Search API	END	1780467787479
USER	Lab 06 - Browse and Search API	START	1780467787479
REQUEST		View Detail	1780467787384	1780467787493	OK	 
USER	Lab 06 - Browse and Search API	END	1780467787493
USER	Lab 06 - Browse and Search API	START	1780467787493
REQUEST		List Users	1780467787318	1780467787521	OK	 
REQUEST		Search User	1780467787446	1780467787521	OK	 
REQUEST		List Users	1780467787329	1780467787523	OK	 
REQUEST		List Users	1780467787320	1780467787525	OK	 
REQUEST		List Users	1780467787293	1780467787529	OK	 
REQUEST		List Users	1780467787325	1780467787529	OK	 
REQUEST		List Users	1780467787315	1780467787536	OK	 
REQUEST		Search User	1780467787453	1780467787536	OK	 
REQUEST		List Users	1780467787318	1780467787545	OK	 
REQUEST		List Users	1780467787336	1780467787547	OK	 
REQUEST		List Users	1780467787336	1780467787554	OK	 
REQUEST		List Users	1780467787341	1780467787556	OK	 
REQUEST		List Users	1780467787341	1780467787588	OK	 
REQUEST		List Users	1780467787378	1780467787588	OK	 
REQUEST		List Users	1780467787341	1780467787593	OK	 
REQUEST		List Users	1780467787461	1780467787602	OK	 
REQUEST		List Users	1780467787351	1780467787605	OK	 
REQUEST		List Users	1780467787463	1780467787627	OK	 
REQUEST		List Users	1780467787493	1780467787632	OK	 
REQUEST		List Users	1780467787463	1780467787638	OK	 
REQUEST		List Users	1780467787479	1780467787683	OK	 
REQUEST		List Users	1780467787457	1780467787690	OK	 
REQUEST		Search User	1780467787690	1780467787740	OK	 
REQUEST		Search User	1780467787841	1780467787903	OK	 
REQUEST		Search User	1780467787865	1780467787926	OK	 
REQUEST		Search User	1780467787895	1780467787953	OK	 
REQUEST		Search User	1780467787904	1780467787998	OK	 
REQUEST		Search User	1780467787905	1780467787998	OK	 
REQUEST		Search User	1780467788043	1780467788088	OK	 
REQUEST		Search User	1780467788083	1780467788133	OK	 
REQUEST		Search User	1780467788175	1780467788225	OK	 
REQUEST		Search User	1780467788175	1780467788225	OK	 
REQUEST		View Detail	1780467788220	1780467788283	OK	 
USER	Lab 06 - Browse and Search API	END	1780467788283
USER	Lab 06 - Browse and Search API	START	1780467788284
REQUEST		Search User	1780467788360	1780467788408	OK	 
REQUEST		List Users	1780467788283	1780467788422	OK	 
REQUEST		Search User	1780467788376	1780467788422	OK	 
REQUEST		Search User	1780467788403	1780467788466	OK	 
REQUEST		Search User	1780467788443	1780467788499	OK	 
REQUEST		Search User	1780467788470	1780467788516	OK	 
REQUEST		Search User	1780467788478	1780467788536	OK	 
REQUEST		Search User	1780467788739	1780467788793	OK	 
REQUEST		Search User	1780467788738	1780467788793	OK	 
REQUEST		Search User	1780467788757	1780467788807	OK	 
REQUEST		Search User	1780467788756	1780467788822	OK	 
REQUEST		Search User	1780467788757	1780467788822	OK	 
REQUEST		Search User	1780467788757	1780467788822	OK	 
REQUEST		Search User	1780467788757	1780467788822	OK	 
REQUEST		Search User	1780467788756	1780467788837	OK	 
REQUEST		Search User	1780467788780	1780467788855	OK	 
REQUEST		Search User	1780467788827	1780467788907	OK	 
REQUEST		Search User	1780467788842	1780467788911	OK	 
REQUEST		Search User	1780467788842	1780467788911	OK	 
REQUEST		Search User	1780467788827	1780467788911	OK	 
REQUEST		Search User	1780467788842	1780467788911	OK	 
REQUEST		Search User	1780467788842	1780467788911	OK	 
REQUEST		View Detail	1780467788852	1780467788913	OK	 
REQUEST		Search User	1780467788843	1780467788913	OK	 
USER	Lab 06 - Browse and Search API	END	1780467788913
USER	Lab 06 - Browse and Search API	START	1780467788914
REQUEST		Search User	1780467788826	1780467788919	OK	 
REQUEST		Search User	1780467788843	1780467788922	OK	 
REQUEST		Search User	1780467788843	1780467788922	OK	 
REQUEST		Search User	1780467788843	1780467788922	OK	 
REQUEST		Search User	1780467788842	1780467788922	OK	 
REQUEST		Search User	1780467788843	1780467788922	OK	 
REQUEST		Search User	1780467788921	1780467788967	OK	 
REQUEST		Search User	1780467788929	1780467788976	OK	 
REQUEST		Search User	1780467788932	1780467788981	OK	 
REQUEST		Search User	1780467788930	1780467788981	OK	 
REQUEST		Search User	1780467788930	1780467788981	OK	 
REQUEST		Search User	1780467788929	1780467788981	OK	 
REQUEST		Search User	1780467788934	1780467788994	OK	 
REQUEST		Search User	1780467788936	1780467789000	OK	 
REQUEST		Search User	1780467788936	1780467789002	OK	 
REQUEST		Search User	1780467788959	1780467789005	OK	 
REQUEST		Search User	1780467788997	1780467789066	OK	 
REQUEST		Search User	1780467789004	1780467789071	OK	 
REQUEST		Search User	1780467789004	1780467789071	OK	 
REQUEST		Search User	1780467789001	1780467789071	OK	 
REQUEST		Search User	1780467788994	1780467789078	OK	 
REQUEST		List Users	1780467788914	1780467789081	OK	 
REQUEST		Search User	1780467789083	1780467789145	OK	 
REQUEST		Search User	1780467789086	1780467789148	OK	 
REQUEST		Search User	1780467789084	1780467789148	OK	 
REQUEST		Search User	1780467789087	1780467789148	OK	 
REQUEST		Search User	1780467789087	1780467789151	OK	 
REQUEST		Search User	1780467789082	1780467789152	OK	 
REQUEST		Search User	1780467789096	1780467789154	OK	 
REQUEST		Search User	1780467789112	1780467789154	OK	 
REQUEST		Search User	1780467789098	1780467789162	OK	 
REQUEST		Search User	1780467789145	1780467789196	OK	 
REQUEST		Search User	1780467789148	1780467789198	OK	 
REQUEST		Search User	1780467789242	1780467789287	OK	 
REQUEST		Search User	1780467789242	1780467789290	OK	 
REQUEST		Search User	1780467789249	1780467789295	OK	 
REQUEST		Search User	1780467789255	1780467789307	OK	 
REQUEST		Search User	1780467789251	1780467789336	OK	 
REQUEST		Search User	1780467789266	1780467789336	OK	 
REQUEST		Search User	1780467789268	1780467789336	OK	 
REQUEST		Search User	1780467789273	1780467789336	OK	 
REQUEST		Search User	1780467789296	1780467789398	OK	 
REQUEST		Search User	1780467789331	1780467789398	OK	 
REQUEST		Search User	1780467789454	1780467789562	OK	 
REQUEST		Search User	1780467789466	1780467789565	OK	 
REQUEST		Search User	1780467789523	1780467789569	OK	 
REQUEST		Search User	1780467789526	1780467789572	OK	 
REQUEST		Search User	1780467789525	1780467789574	OK	 
REQUEST		View Detail	1780467789522	1780467789574	OK	 
USER	Lab 06 - Browse and Search API	END	1780467789574
USER	Lab 06 - Browse and Search API	START	1780467789574
REQUEST		Search User	1780467789529	1780467789576	OK	 
REQUEST		Search User	1780467789530	1780467789576	OK	 
REQUEST		Search User	1780467789548	1780467789592	OK	 
REQUEST		Search User	1780467789536	1780467789592	OK	 
REQUEST		View Detail	1780467789537	1780467789597	OK	 
REQUEST		Search User	1780467789555	1780467789596	OK	 
USER	Lab 06 - Browse and Search API	END	1780467789597
USER	Lab 06 - Browse and Search API	START	1780467789597
REQUEST		Search User	1780467789546	1780467789608	OK	 
REQUEST		Search User	1780467789590	1780467789695	OK	 
REQUEST		Search User	1780467789590	1780467789695	OK	 
REQUEST		Search User	1780467789558	1780467789695	OK	 
REQUEST		Search User	1780467789594	1780467789695	OK	 
REQUEST		Search User	1780467789633	1780467789695	OK	 
REQUEST		Search User	1780467789628	1780467789695	OK	 
REQUEST		Search User	1780467789602	1780467789695	OK	 
REQUEST		Search User	1780467789640	1780467789710	OK	 
REQUEST		Search User	1780467789606	1780467789710	OK	 
REQUEST		Search User	1780467789692	1780467789771	OK	 
REQUEST		Search User	1780467789685	1780467789771	OK	 
REQUEST		View Detail	1780467789741	1780467789804	OK	 
USER	Lab 06 - Browse and Search API	END	1780467789804
USER	Lab 06 - Browse and Search API	START	1780467789804
REQUEST		List Users	1780467789597	1780467789835	OK	 
REQUEST		List Users	1780467789574	1780467789835	OK	 
REQUEST		View Detail	1780467789904	1780467789960	OK	 
USER	Lab 06 - Browse and Search API	END	1780467789960
USER	Lab 06 - Browse and Search API	START	1780467789960
REQUEST		View Detail	1780467789927	1780467789993	OK	 
REQUEST		List Users	1780467789804	1780467789993	OK	 
USER	Lab 06 - Browse and Search API	END	1780467789993
USER	Lab 06 - Browse and Search API	START	1780467789993
REQUEST		View Detail	1780467789954	1780467790017	OK	 
USER	Lab 06 - Browse and Search API	END	1780467790017
USER	Lab 06 - Browse and Search API	START	1780467790017
REQUEST		List Users	1780467789960	1780467790021	OK	 
REQUEST		View Detail	1780467789999	1780467790047	OK	 
REQUEST		View Detail	1780467789998	1780467790047	OK	 
USER	Lab 06 - Browse and Search API	END	1780467790048
USER	Lab 06 - Browse and Search API	END	1780467790048
USER	Lab 06 - Browse and Search API	START	1780467790048
USER	Lab 06 - Browse and Search API	START	1780467790048
REQUEST		List Users	1780467789993	1780467790117	OK	 
REQUEST		View Detail	1780467790090	1780467790135	OK	 
USER	Lab 06 - Browse and Search API	END	1780467790135
USER	Lab 06 - Browse and Search API	START	1780467790135
REQUEST		List Users	1780467790048	1780467790182	OK	 
REQUEST		View Detail	1780467790134	1780467790185	OK	 
USER	Lab 06 - Browse and Search API	END	1780467790185
USER	Lab 06 - Browse and Search API	START	1780467790185
REQUEST		List Users	1780467790017	1780467790191	OK	 
REQUEST		List Users	1780467790048	1780467790226	OK	 
REQUEST		View Detail	1780467790227	1780467790271	OK	 
USER	Lab 06 - Browse and Search API	END	1780467790271
USER	Lab 06 - Browse and Search API	START	1780467790271
REQUEST		View Detail	1780467790227	1780467790277	OK	 
USER	Lab 06 - Browse and Search API	END	1780467790277
USER	Lab 06 - Browse and Search API	START	1780467790277
REQUEST		List Users	1780467790135	1780467790282	OK	 
REQUEST		List Users	1780467790185	1780467790396	OK	 
REQUEST		View Detail	1780467790409	1780467790462	OK	 
USER	Lab 06 - Browse and Search API	END	1780467790463
USER	Lab 06 - Browse and Search API	START	1780467790463
REQUEST		List Users	1780467790271	1780467790468	OK	 
REQUEST		List Users	1780467790277	1780467790473	OK	 
REQUEST		View Detail	1780467790423	1780467790473	OK	 
REQUEST		Search User	1780467790423	1780467790473	OK	 
USER	Lab 06 - Browse and Search API	END	1780467790473
USER	Lab 06 - Browse and Search API	START	1780467790473
REQUEST		View Detail	1780467790467	1780467790551	OK	 
USER	Lab 06 - Browse and Search API	END	1780467790551
USER	Lab 06 - Browse and Search API	START	1780467790551
REQUEST		View Detail	1780467790499	1780467790560	OK	 
USER	Lab 06 - Browse and Search API	END	1780467790560
USER	Lab 06 - Browse and Search API	START	1780467790560
REQUEST		View Detail	1780467790518	1780467790565	OK	 
USER	Lab 06 - Browse and Search API	END	1780467790565
USER	Lab 06 - Browse and Search API	START	1780467790565
REQUEST		View Detail	1780467790537	1780467790602	OK	 
REQUEST		List Users	1780467790473	1780467790602	OK	 
USER	Lab 06 - Browse and Search API	END	1780467790602
USER	Lab 06 - Browse and Search API	START	1780467790602
REQUEST		List Users	1780467790463	1780467790660	OK	 
REQUEST		List Users	1780467790560	1780467790718	OK	 
REQUEST		List Users	1780467790565	1780467790721	OK	 
REQUEST		List Users	1780467790551	1780467790723	OK	 
REQUEST		List Users	1780467790602	1780467790778	OK	 
REQUEST		View Detail	1780467790794	1780467790838	OK	 
USER	Lab 06 - Browse and Search API	END	1780467790838
USER	Lab 06 - Browse and Search API	START	1780467790838
REQUEST		View Detail	1780467790794	1780467790840	OK	 
USER	Lab 06 - Browse and Search API	END	1780467790841
USER	Lab 06 - Browse and Search API	START	1780467790841
REQUEST		View Detail	1780467790808	1780467790855	OK	 
USER	Lab 06 - Browse and Search API	END	1780467790855
USER	Lab 06 - Browse and Search API	START	1780467790855
REQUEST		View Detail	1780467790823	1780467790867	OK	 
USER	Lab 06 - Browse and Search API	END	1780467790867
USER	Lab 06 - Browse and Search API	START	1780467790867
REQUEST		View Detail	1780467790823	1780467790870	OK	 
USER	Lab 06 - Browse and Search API	END	1780467790870
USER	Lab 06 - Browse and Search API	START	1780467790870
REQUEST		View Detail	1780467790823	1780467790873	OK	 
USER	Lab 06 - Browse and Search API	END	1780467790873
USER	Lab 06 - Browse and Search API	START	1780467790873
REQUEST		View Detail	1780467790823	1780467790878	OK	 
USER	Lab 06 - Browse and Search API	END	1780467790878
USER	Lab 06 - Browse and Search API	START	1780467790879
REQUEST		View Detail	1780467790839	1780467790913	OK	 
USER	Lab 06 - Browse and Search API	END	1780467790913
USER	Lab 06 - Browse and Search API	START	1780467790913
REQUEST		View Detail	1780467790856	1780467790933	OK	 
USER	Lab 06 - Browse and Search API	END	1780467790933
USER	Lab 06 - Browse and Search API	START	1780467790933
REQUEST		View Detail	1780467790908	1780467790956	OK	 
USER	Lab 06 - Browse and Search API	END	1780467790956
USER	Lab 06 - Browse and Search API	START	1780467790956
REQUEST		View Detail	1780467790912	1780467790968	OK	 
REQUEST		View Detail	1780467790912	1780467790968	OK	 
REQUEST		View Detail	1780467790912	1780467790969	OK	 
USER	Lab 06 - Browse and Search API	END	1780467790969
USER	Lab 06 - Browse and Search API	END	1780467790969
USER	Lab 06 - Browse and Search API	END	1780467790969
USER	Lab 06 - Browse and Search API	START	1780467790969
USER	Lab 06 - Browse and Search API	START	1780467790969
USER	Lab 06 - Browse and Search API	START	1780467790969
REQUEST		View Detail	1780467790915	1780467790974	OK	 
REQUEST		View Detail	1780467790912	1780467790974	OK	 
REQUEST		View Detail	1780467790919	1780467790974	OK	 
REQUEST		View Detail	1780467790922	1780467790974	OK	 
USER	Lab 06 - Browse and Search API	END	1780467790974
USER	Lab 06 - Browse and Search API	END	1780467790974
USER	Lab 06 - Browse and Search API	END	1780467790974
USER	Lab 06 - Browse and Search API	END	1780467790974
USER	Lab 06 - Browse and Search API	START	1780467790974
USER	Lab 06 - Browse and Search API	START	1780467790974
USER	Lab 06 - Browse and Search API	START	1780467790974
USER	Lab 06 - Browse and Search API	START	1780467790974
REQUEST		View Detail	1780467790922	1780467790988	OK	 
USER	Lab 06 - Browse and Search API	END	1780467790988
USER	Lab 06 - Browse and Search API	START	1780467790988
REQUEST		View Detail	1780467790923	1780467790993	OK	 
REQUEST		List Users	1780467790838	1780467790993	OK	 
REQUEST		View Detail	1780467790922	1780467790993	OK	 
REQUEST		View Detail	1780467790912	1780467790993	OK	 
REQUEST		View Detail	1780467790923	1780467790993	OK	 
USER	Lab 06 - Browse and Search API	END	1780467790993
USER	Lab 06 - Browse and Search API	END	1780467790993
USER	Lab 06 - Browse and Search API	END	1780467790993
USER	Lab 06 - Browse and Search API	END	1780467790993
USER	Lab 06 - Browse and Search API	START	1780467790993
USER	Lab 06 - Browse and Search API	START	1780467790993
USER	Lab 06 - Browse and Search API	START	1780467790993
USER	Lab 06 - Browse and Search API	START	1780467790993
REQUEST		List Users	1780467790841	1780467790994	OK	 
REQUEST		View Detail	1780467790969	1780467791025	OK	 
REQUEST		List Users	1780467790855	1780467791025	OK	 
USER	Lab 06 - Browse and Search API	END	1780467791025
USER	Lab 06 - Browse and Search API	START	1780467791026
REQUEST		List Users	1780467790867	1780467791027	OK	 
REQUEST		List Users	1780467790878	1780467791027	OK	 
REQUEST		List Users	1780467790873	1780467791029	OK	 
REQUEST		List Users	1780467790870	1780467791029	OK	 
REQUEST		View Detail	1780467790978	1780467791048	OK	 
USER	Lab 06 - Browse and Search API	END	1780467791048
USER	Lab 06 - Browse and Search API	START	1780467791048
REQUEST		View Detail	1780467790983	1780467791051	OK	 
USER	Lab 06 - Browse and Search API	END	1780467791052
USER	Lab 06 - Browse and Search API	START	1780467791052
REQUEST		View Detail	1780467790982	1780467791057	OK	 
REQUEST		View Detail	1780467791006	1780467791057	OK	 
USER	Lab 06 - Browse and Search API	END	1780467791057
REQUEST		View Detail	1780467790982	1780467791057	OK	 
USER	Lab 06 - Browse and Search API	END	1780467791057
USER	Lab 06 - Browse and Search API	END	1780467791057
USER	Lab 06 - Browse and Search API	START	1780467791057
USER	Lab 06 - Browse and Search API	START	1780467791057
USER	Lab 06 - Browse and Search API	START	1780467791057
REQUEST		View Detail	1780467790983	1780467791059	OK	 
USER	Lab 06 - Browse and Search API	END	1780467791059
USER	Lab 06 - Browse and Search API	START	1780467791059
REQUEST		View Detail	1780467791000	1780467791065	OK	 
REQUEST		View Detail	1780467790995	1780467791065	OK	 
USER	Lab 06 - Browse and Search API	END	1780467791066
USER	Lab 06 - Browse and Search API	END	1780467791066
USER	Lab 06 - Browse and Search API	START	1780467791066
USER	Lab 06 - Browse and Search API	START	1780467791066
REQUEST		View Detail	1780467791003	1780467791071	OK	 
USER	Lab 06 - Browse and Search API	END	1780467791071
USER	Lab 06 - Browse and Search API	START	1780467791071
REQUEST		List Users	1780467790956	1780467791106	OK	 
REQUEST		List Users	1780467790933	1780467791107	OK	 
REQUEST		List Users	1780467790913	1780467791107	OK	 
REQUEST		View Detail	1780467791068	1780467791184	OK	 
USER	Lab 06 - Browse and Search API	END	1780467791184
USER	Lab 06 - Browse and Search API	START	1780467791185
REQUEST		List Users	1780467790974	1780467791190	OK	 
REQUEST		View Detail	1780467791073	1780467791192	OK	 
USER	Lab 06 - Browse and Search API	END	1780467791192
USER	Lab 06 - Browse and Search API	START	1780467791192
REQUEST		List Users	1780467790993	1780467791194	OK	 
REQUEST		List Users	1780467790974	1780467791194	OK	 
REQUEST		View Detail	1780467791072	1780467791194	OK	 
USER	Lab 06 - Browse and Search API	END	1780467791194
USER	Lab 06 - Browse and Search API	START	1780467791194
REQUEST		List Users	1780467790974	1780467791196	OK	 
REQUEST		List Users	1780467790993	1780467791196	OK	 
REQUEST		View Detail	1780467791072	1780467791196	OK	 
USER	Lab 06 - Browse and Search API	END	1780467791196
USER	Lab 06 - Browse and Search API	START	1780467791196
REQUEST		List Users	1780467790969	1780467791200	OK	 
REQUEST		List Users	1780467790988	1780467791200	OK	 
REQUEST		List Users	1780467790969	1780467791202	OK	 
REQUEST		List Users	1780467790974	1780467791204	OK	 
REQUEST		Search User	1780467791081	1780467791204	OK	 
REQUEST		List Users	1780467790993	1780467791207	OK	 
REQUEST		View Detail	1780467791079	1780467791207	OK	 
USER	Lab 06 - Browse and Search API	END	1780467791207
USER	Lab 06 - Browse and Search API	START	1780467791207
REQUEST		List Users	1780467790969	1780467791209	OK	 
REQUEST		View Detail	1780467791155	1780467791211	OK	 
REQUEST		View Detail	1780467791153	1780467791211	OK	 
USER	Lab 06 - Browse and Search API	END	1780467791211
USER	Lab 06 - Browse and Search API	END	1780467791211
USER	Lab 06 - Browse and Search API	START	1780467791211
USER	Lab 06 - Browse and Search API	START	1780467791212
REQUEST		View Detail	1780467791150	1780467791224	OK	 
REQUEST		View Detail	1780467791163	1780467791224	OK	 
USER	Lab 06 - Browse and Search API	END	1780467791224
USER	Lab 06 - Browse and Search API	END	1780467791224
USER	Lab 06 - Browse and Search API	START	1780467791224
USER	Lab 06 - Browse and Search API	START	1780467791224
REQUEST		View Detail	1780467791150	1780467791226	OK	 
REQUEST		View Detail	1780467791149	1780467791226	OK	 
REQUEST		View Detail	1780467791153	1780467791226	OK	 
USER	Lab 06 - Browse and Search API	END	1780467791226
USER	Lab 06 - Browse and Search API	END	1780467791226
USER	Lab 06 - Browse and Search API	END	1780467791226
USER	Lab 06 - Browse and Search API	START	1780467791226
USER	Lab 06 - Browse and Search API	START	1780467791226
USER	Lab 06 - Browse and Search API	START	1780467791226
REQUEST		View Detail	1780467791146	1780467791228	OK	 
REQUEST		View Detail	1780467791155	1780467791228	OK	 
USER	Lab 06 - Browse and Search API	END	1780467791228
USER	Lab 06 - Browse and Search API	END	1780467791228
USER	Lab 06 - Browse and Search API	START	1780467791228
USER	Lab 06 - Browse and Search API	START	1780467791228
REQUEST		List Users	1780467791026	1780467791312	OK	 
REQUEST		List Users	1780467791052	1780467791335	OK	 
REQUEST		List Users	1780467791048	1780467791338	OK	 
REQUEST		List Users	1780467791057	1780467791341	OK	 
REQUEST		View Detail	1780467791199	1780467791343	OK	 
REQUEST		View Detail	1780467791291	1780467791343	OK	 
USER	Lab 06 - Browse and Search API	END	1780467791344
USER	Lab 06 - Browse and Search API	END	1780467791344
USER	Lab 06 - Browse and Search API	START	1780467791344
USER	Lab 06 - Browse and Search API	START	1780467791344
REQUEST		View Detail	1780467791288	1780467791347	OK	 
USER	Lab 06 - Browse and Search API	END	1780467791347
REQUEST		List Users	1780467791057	1780467791348	OK	 
USER	Lab 06 - Browse and Search API	START	1780467791348
REQUEST		View Detail	1780467791198	1780467791352	OK	 
USER	Lab 06 - Browse and Search API	END	1780467791352
USER	Lab 06 - Browse and Search API	START	1780467791353
REQUEST		List Users	1780467790993	1780467791356	OK	 
REQUEST		View Detail	1780467791298	1780467791373	OK	 
USER	Lab 06 - Browse and Search API	END	1780467791373
USER	Lab 06 - Browse and Search API	START	1780467791373
REQUEST		List Users	1780467791057	1780467791392	OK	 
REQUEST		List Users	1780467791066	1780467791396	OK	 
REQUEST		List Users	1780467791066	1780467791398	OK	 
REQUEST		List Users	1780467791059	1780467791398	OK	 
REQUEST		List Users	1780467791071	1780467791398	OK	 
REQUEST		View Detail	1780467791308	1780467791402	OK	 
USER	Lab 06 - Browse and Search API	END	1780467791403
USER	Lab 06 - Browse and Search API	START	1780467791403
REQUEST		View Detail	1780467791337	1780467791405	OK	 
REQUEST		View Detail	1780467791337	1780467791405	OK	 
REQUEST		View Detail	1780467791337	1780467791405	OK	 
USER	Lab 06 - Browse and Search API	END	1780467791405
USER	Lab 06 - Browse and Search API	END	1780467791405
USER	Lab 06 - Browse and Search API	END	1780467791406
USER	Lab 06 - Browse and Search API	START	1780467791406
USER	Lab 06 - Browse and Search API	START	1780467791406
USER	Lab 06 - Browse and Search API	START	1780467791406
REQUEST		View Detail	1780467791337	1780467791408	OK	 
USER	Lab 06 - Browse and Search API	END	1780467791408
USER	Lab 06 - Browse and Search API	START	1780467791408
REQUEST		List Users	1780467791228	1780467791464	OK	 
REQUEST		List Users	1780467791224	1780467791466	OK	 
REQUEST		List Users	1780467791192	1780467791468	OK	 
REQUEST		List Users	1780467791226	1780467791475	OK	 
REQUEST		View Detail	1780467791399	1780467791479	OK	 
USER	Lab 06 - Browse and Search API	END	1780467791480
USER	Lab 06 - Browse and Search API	START	1780467791480
REQUEST		List Users	1780467791226	1780467791481	OK	 
REQUEST		List Users	1780467791196	1780467791484	OK	 
REQUEST		List Users	1780467791228	1780467791484	OK	 
REQUEST		List Users	1780467791211	1780467791484	OK	 
REQUEST		List Users	1780467791224	1780467791487	OK	 
REQUEST		View Detail	1780467791399	1780467791487	OK	 
USER	Lab 06 - Browse and Search API	END	1780467791487
USER	Lab 06 - Browse and Search API	START	1780467791487
REQUEST		List Users	1780467791194	1780467791488	OK	 
REQUEST		List Users	1780467791226	1780467791488	OK	 
REQUEST		List Users	1780467791211	1780467791496	OK	 
REQUEST		List Users	1780467791185	1780467791497	OK	 
REQUEST		List Users	1780467791207	1780467791497	OK	 
REQUEST		List Users	1780467791344	1780467791582	OK	 
REQUEST		List Users	1780467791348	1780467791611	OK	 
REQUEST		List Users	1780467791344	1780467791625	OK	 
REQUEST		List Users	1780467791406	1780467791631	OK	 
REQUEST		View Detail	1780467791576	1780467791631	OK	 
REQUEST		View Detail	1780467791572	1780467791631	OK	 
USER	Lab 06 - Browse and Search API	END	1780467791631
USER	Lab 06 - Browse and Search API	END	1780467791631
USER	Lab 06 - Browse and Search API	START	1780467791631
USER	Lab 06 - Browse and Search API	START	1780467791631
REQUEST		View Detail	1780467791566	1780467791635	OK	 
USER	Lab 06 - Browse and Search API	END	1780467791635
USER	Lab 06 - Browse and Search API	START	1780467791635
REQUEST		List Users	1780467791406	1780467791637	OK	 
REQUEST		List Users	1780467791403	1780467791642	OK	 
REQUEST		View Detail	1780467791570	1780467791642	OK	 
USER	Lab 06 - Browse and Search API	END	1780467791642
USER	Lab 06 - Browse and Search API	START	1780467791643
REQUEST		View Detail	1780467791594	1780467791644	OK	 
USER	Lab 06 - Browse and Search API	END	1780467791644
USER	Lab 06 - Browse and Search API	START	1780467791645
REQUEST		View Detail	1780467791574	1780467791647	OK	 
REQUEST		View Detail	1780467791563	1780467791647	OK	 
REQUEST		List Users	1780467791406	1780467791647	OK	 
USER	Lab 06 - Browse and Search API	END	1780467791647
USER	Lab 06 - Browse and Search API	END	1780467791647
USER	Lab 06 - Browse and Search API	START	1780467791648
USER	Lab 06 - Browse and Search API	START	1780467791648
REQUEST		View Detail	1780467791577	1780467791649	OK	 
REQUEST		View Detail	1780467791593	1780467791649	OK	 
USER	Lab 06 - Browse and Search API	END	1780467791649
USER	Lab 06 - Browse and Search API	END	1780467791649
USER	Lab 06 - Browse and Search API	START	1780467791649
USER	Lab 06 - Browse and Search API	START	1780467791649
REQUEST		List Users	1780467791373	1780467791651	OK	 
REQUEST		View Detail	1780467791597	1780467791657	OK	 
USER	Lab 06 - Browse and Search API	END	1780467791657
USER	Lab 06 - Browse and Search API	START	1780467791657
REQUEST		List Users	1780467791408	1780467791666	OK	 
REQUEST		List Users	1780467791353	1780467791666	OK	 
REQUEST		View Detail	1780467791610	1780467791688	OK	 
USER	Lab 06 - Browse and Search API	END	1780467791688
USER	Lab 06 - Browse and Search API	START	1780467791689
REQUEST		List Users	1780467791487	1780467791716	OK	 
REQUEST		List Users	1780467791480	1780467791737	OK	 
REQUEST		View Detail	1780467791697	1780467791801	OK	 
REQUEST		View Detail	1780467791695	1780467791801	OK	 
REQUEST		View Detail	1780467791696	1780467791801	OK	 
USER	Lab 06 - Browse and Search API	END	1780467791801
USER	Lab 06 - Browse and Search API	END	1780467791801
USER	Lab 06 - Browse and Search API	END	1780467791801
USER	Lab 06 - Browse and Search API	START	1780467791801
USER	Lab 06 - Browse and Search API	START	1780467791801
USER	Lab 06 - Browse and Search API	START	1780467791801
REQUEST		View Detail	1780467791695	1780467791803	OK	 
REQUEST		View Detail	1780467791711	1780467791803	OK	 
REQUEST		View Detail	1780467791696	1780467791803	OK	 
USER	Lab 06 - Browse and Search API	END	1780467791803
USER	Lab 06 - Browse and Search API	END	1780467791803
USER	Lab 06 - Browse and Search API	END	1780467791803
USER	Lab 06 - Browse and Search API	START	1780467791803
USER	Lab 06 - Browse and Search API	START	1780467791803
USER	Lab 06 - Browse and Search API	START	1780467791803
REQUEST		List Users	1780467791631	1780467791808	OK	 
REQUEST		View Detail	1780467791696	1780467791811	OK	 
REQUEST		View Detail	1780467791696	1780467791811	OK	 
REQUEST		View Detail	1780467791710	1780467791812	OK	 
USER	Lab 06 - Browse and Search API	END	1780467791812
USER	Lab 06 - Browse and Search API	END	1780467791812
USER	Lab 06 - Browse and Search API	END	1780467791812
USER	Lab 06 - Browse and Search API	START	1780467791812
USER	Lab 06 - Browse and Search API	START	1780467791812
USER	Lab 06 - Browse and Search API	START	1780467791812
REQUEST		List Users	1780467791649	1780467791909	OK	 
REQUEST		List Users	1780467791644	1780467791911	OK	 
REQUEST		Search User	1780467791836	1780467791911	OK	 
REQUEST		List Users	1780467791647	1780467791914	OK	 
REQUEST		View Detail	1780467791774	1780467791914	OK	 
USER	Lab 06 - Browse and Search API	END	1780467791915
USER	Lab 06 - Browse and Search API	START	1780467791915
REQUEST		List Users	1780467791642	1780467791917	OK	 
REQUEST		Search User	1780467791837	1780467791917	OK	 
REQUEST		View Detail	1780467791772	1780467791919	OK	 
USER	Lab 06 - Browse and Search API	END	1780467791919
USER	Lab 06 - Browse and Search API	START	1780467791919
REQUEST		List Users	1780467791631	1780467791922	OK	 
REQUEST		List Users	1780467791647	1780467791924	OK	 
REQUEST		List Users	1780467791657	1780467791924	OK	 
REQUEST		List Users	1780467791649	1780467791928	OK	 
REQUEST		List Users	1780467791635	1780467791928	OK	 
REQUEST		List Users	1780467791688	1780467791952	OK	 
REQUEST		List Users	1780467791812	1780467791999	OK	 
REQUEST		List Users	1780467791801	1780467792003	OK	 
REQUEST		List Users	1780467791803	1780467792005	OK	 
REQUEST		List Users	1780467791801	1780467792005	OK	 
REQUEST		List Users	1780467791812	1780467792005	OK	 
REQUEST		List Users	1780467791803	1780467792007	OK	 
REQUEST		List Users	1780467791803	1780467792021	OK	 
REQUEST		List Users	1780467791812	1780467792026	OK	 
REQUEST		List Users	1780467791801	1780467792033	OK	 
REQUEST		Search User	1780467792023	1780467792051	OK	 
REQUEST		Search User	1780467791993	1780467792065	OK	 
REQUEST		List Users	1780467791919	1780467792082	OK	 
REQUEST		List Users	1780467791915	1780467792094	OK	 
REQUEST		Search User	1780467792118	1780467792163	OK	 
REQUEST		Search User	1780467792183	1780467792277	OK	 
REQUEST		Search User	1780467792192	1780467792284	OK	 
REQUEST		Search User	1780467792228	1780467792292	OK	 
REQUEST		Search User	1780467792283	1780467792350	OK	 
REQUEST		Search User	1780467792397	1780467792460	OK	 
REQUEST		Search User	1780467792470	1780467792524	OK	 
REQUEST		View Detail	1780467792474	1780467792531	OK	 
USER	Lab 06 - Browse and Search API	END	1780467792531
USER	Lab 06 - Browse and Search API	START	1780467792531
REQUEST		Search User	1780467792475	1780467792538	OK	 
REQUEST		Search User	1780467792603	1780467792648	OK	 
REQUEST		List Users	1780467792531	1780467792715	OK	 
REQUEST		Search User	1780467792661	1780467792725	OK	 
REQUEST		Search User	1780467792719	1780467792774	OK	 
REQUEST		Search User	1780467792723	1780467792774	OK	 
REQUEST		Search User	1780467792722	1780467792774	OK	 
REQUEST		Search User	1780467792779	1780467792833	OK	 
REQUEST		Search User	1780467792994	1780467793043	OK	 
REQUEST		Search User	1780467792996	1780467793054	OK	 
REQUEST		Search User	1780467793026	1780467793072	OK	 
REQUEST		Search User	1780467793028	1780467793076	OK	 
REQUEST		Search User	1780467793030	1780467793076	OK	 
REQUEST		Search User	1780467793028	1780467793079	OK	 
REQUEST		Search User	1780467793031	1780467793100	OK	 
REQUEST		Search User	1780467793106	1780467793151	OK	 
REQUEST		Search User	1780467793108	1780467793151	OK	 
REQUEST		Search User	1780467793109	1780467793167	OK	 
REQUEST		Search User	1780467793191	1780467793238	OK	 
REQUEST		Search User	1780467793195	1780467793238	OK	 
REQUEST		Search User	1780467793195	1780467793241	OK	 
REQUEST		Search User	1780467793197	1780467793259	OK	 
REQUEST		Search User	1780467793197	1780467793259	OK	 
REQUEST		Search User	1780467793205	1780467793259	OK	 
REQUEST		Search User	1780467793203	1780467793259	OK	 
REQUEST		Search User	1780467793202	1780467793259	OK	 
REQUEST		Search User	1780467793202	1780467793259	OK	 
REQUEST		Search User	1780467793207	1780467793259	OK	 
REQUEST		View Detail	1780467793206	1780467793277	OK	 
REQUEST		Search User	1780467793210	1780467793277	OK	 
USER	Lab 06 - Browse and Search API	END	1780467793277
USER	Lab 06 - Browse and Search API	START	1780467793278
REQUEST		Search User	1780467793313	1780467793373	OK	 
REQUEST		Search User	1780467793336	1780467793381	OK	 
REQUEST		Search User	1780467793339	1780467793384	OK	 
REQUEST		Search User	1780467793343	1780467793387	OK	 
REQUEST		Search User	1780467793349	1780467793398	OK	 
REQUEST		Search User	1780467793357	1780467793415	OK	 
REQUEST		Search User	1780467793400	1780467793452	OK	 
REQUEST		Search User	1780467793393	1780467793452	OK	 
REQUEST		Search User	1780467793400	1780467793457	OK	 
REQUEST		Search User	1780467793399	1780467793457	OK	 
REQUEST		Search User	1780467793397	1780467793461	OK	 
REQUEST		List Users	1780467793277	1780467793511	OK	 
REQUEST		Search User	1780467793469	1780467793546	OK	 
REQUEST		Search User	1780467793467	1780467793546	OK	 
REQUEST		Search User	1780467793465	1780467793546	OK	 
REQUEST		Search User	1780467793483	1780467793546	OK	 
REQUEST		Search User	1780467793487	1780467793552	OK	 
REQUEST		Search User	1780467793484	1780467793552	OK	 
REQUEST		Search User	1780467793485	1780467793552	OK	 
REQUEST		Search User	1780467793498	1780467793554	OK	 
REQUEST		Search User	1780467793477	1780467793554	OK	 
REQUEST		Search User	1780467793488	1780467793558	OK	 
REQUEST		Search User	1780467793484	1780467793558	OK	 
REQUEST		Search User	1780467793496	1780467793561	OK	 
REQUEST		Search User	1780467793489	1780467793584	OK	 
REQUEST		Search User	1780467793498	1780467793586	OK	 
REQUEST		Search User	1780467793583	1780467793680	OK	 
REQUEST		Search User	1780467793633	1780467793691	OK	 
REQUEST		Search User	1780467793612	1780467793691	OK	 
REQUEST		Search User	1780467793626	1780467793691	OK	 
REQUEST		Search User	1780467793643	1780467793691	OK	 
REQUEST		Search User	1780467793649	1780467793693	OK	 
REQUEST		Search User	1780467793638	1780467793703	OK	 
REQUEST		Search User	1780467793652	1780467793703	OK	 
REQUEST		Search User	1780467793667	1780467793712	OK	 
REQUEST		Search User	1780467793667	1780467793712	OK	 
REQUEST		Search User	1780467793718	1780467793769	OK	 
REQUEST		Search User	1780467793738	1780467793810	OK	 
REQUEST		Search User	1780467793809	1780467793867	OK	 
REQUEST		Search User	1780467793910	1780467793968	OK	 
REQUEST		Search User	1780467793915	1780467793974	OK	 
REQUEST		View Detail	1780467793912	1780467793978	OK	 
REQUEST		Search User	1780467793917	1780467793978	OK	 
REQUEST		Search User	1780467793912	1780467793978	OK	 
USER	Lab 06 - Browse and Search API	END	1780467793978
USER	Lab 06 - Browse and Search API	START	1780467793979
REQUEST		Search User	1780467793923	1780467793982	OK	 
REQUEST		Search User	1780467793925	1780467793988	OK	 
REQUEST		Search User	1780467793924	1780467793992	OK	 
REQUEST		View Detail	1780467793918	1780467793992	OK	 
USER	Lab 06 - Browse and Search API	END	1780467793992
USER	Lab 06 - Browse and Search API	START	1780467793992
REQUEST		View Detail	1780467794053	1780467794103	OK	 
USER	Lab 06 - Browse and Search API	END	1780467794103
USER	Lab 06 - Browse and Search API	START	1780467794104
REQUEST		Search User	1780467793953	1780467794116	OK	 
REQUEST		Search User	1780467794000	1780467794123	OK	 
REQUEST		Search User	1780467794006	1780467794123	OK	 
REQUEST		Search User	1780467794007	1780467794123	OK	 
REQUEST		Search User	1780467794008	1780467794123	OK	 
REQUEST		Search User	1780467794007	1780467794130	OK	 
REQUEST		Search User	1780467793929	1780467794130	OK	 
REQUEST		Search User	1780467794004	1780467794130	OK	 
REQUEST		Search User	1780467793929	1780467794132	OK	 
REQUEST		Search User	1780467794034	1780467794135	OK	 
REQUEST		Search User	1780467794022	1780467794135	OK	 
REQUEST		Search User	1780467794027	1780467794137	OK	 
REQUEST		View Detail	1780467794066	1780467794142	OK	 
USER	Lab 06 - Browse and Search API	END	1780467794142
USER	Lab 06 - Browse and Search API	START	1780467794142
REQUEST		Search User	1780467794083	1780467794144	OK	 
REQUEST		Search User	1780467794095	1780467794161	OK	 
REQUEST		View Detail	1780467794164	1780467794236	OK	 
USER	Lab 06 - Browse and Search API	END	1780467794237
USER	Lab 06 - Browse and Search API	START	1780467794237
REQUEST		List Users	1780467793992	1780467794247	OK	 
REQUEST		List Users	1780467793979	1780467794249	OK	 
REQUEST		List Users	1780467794103	1780467794370	OK	 
REQUEST		View Detail	1780467794278	1780467794377	OK	 
REQUEST		View Detail	1780467794294	1780467794377	OK	 
USER	Lab 06 - Browse and Search API	END	1780467794377
USER	Lab 06 - Browse and Search API	END	1780467794377
USER	Lab 06 - Browse and Search API	START	1780467794378
USER	Lab 06 - Browse and Search API	START	1780467794378
REQUEST		View Detail	1780467794285	1780467794381	OK	 
USER	Lab 06 - Browse and Search API	END	1780467794381
USER	Lab 06 - Browse and Search API	START	1780467794382
REQUEST		View Detail	1780467794351	1780467794407	OK	 
USER	Lab 06 - Browse and Search API	END	1780467794407
USER	Lab 06 - Browse and Search API	START	1780467794407
REQUEST		List Users	1780467794142	1780467794459	OK	 
REQUEST		List Users	1780467794237	1780467794480	OK	 
REQUEST		View Detail	1780467794462	1780467794535	OK	 
USER	Lab 06 - Browse and Search API	END	1780467794535
USER	Lab 06 - Browse and Search API	START	1780467794535
REQUEST		List Users	1780467794377	1780467794586	OK	 
REQUEST		List Users	1780467794381	1780467794588	OK	 
REQUEST		List Users	1780467794377	1780467794588	OK	 
REQUEST		View Detail	1780467794525	1780467794588	OK	 
USER	Lab 06 - Browse and Search API	END	1780467794588
USER	Lab 06 - Browse and Search API	START	1780467794588
REQUEST		View Detail	1780467794539	1780467794591	OK	 
USER	Lab 06 - Browse and Search API	END	1780467794591
USER	Lab 06 - Browse and Search API	START	1780467794591
REQUEST		List Users	1780467794407	1780467794594	OK	 
REQUEST		List Users	1780467794535	1780467794685	OK	 
REQUEST		View Detail	1780467794649	1780467794696	OK	 
USER	Lab 06 - Browse and Search API	END	1780467794696
USER	Lab 06 - Browse and Search API	START	1780467794696
REQUEST		List Users	1780467794588	1780467794764	OK	 
REQUEST		Search User	1780467794716	1780467794774	OK	 
REQUEST		List Users	1780467794591	1780467794776	OK	 
REQUEST		View Detail	1780467794726	1780467794785	OK	 
USER	Lab 06 - Browse and Search API	END	1780467794785
USER	Lab 06 - Browse and Search API	START	1780467794786
REQUEST		View Detail	1780467794775	1780467794823	OK	 
REQUEST		View Detail	1780467794775	1780467794823	OK	 
USER	Lab 06 - Browse and Search API	END	1780467794823
USER	Lab 06 - Browse and Search API	END	1780467794823
USER	Lab 06 - Browse and Search API	START	1780467794823
USER	Lab 06 - Browse and Search API	START	1780467794823
REQUEST		View Detail	1780467794775	1780467794826	OK	 
USER	Lab 06 - Browse and Search API	END	1780467794826
USER	Lab 06 - Browse and Search API	START	1780467794826
REQUEST		List Users	1780467794696	1780467794867	OK	 
REQUEST		View Detail	1780467794834	1780467794891	OK	 
USER	Lab 06 - Browse and Search API	END	1780467794891
USER	Lab 06 - Browse and Search API	START	1780467794892
REQUEST		List Users	1780467794785	1780467794948	OK	 
REQUEST		List Users	1780467794823	1780467794956	OK	 
REQUEST		List Users	1780467794823	1780467794962	OK	 
REQUEST		List Users	1780467794826	1780467794978	OK	 
REQUEST		View Detail	1780467795055	1780467795122	OK	 
REQUEST		View Detail	1780467795044	1780467795122	OK	 
USER	Lab 06 - Browse and Search API	END	1780467795123
USER	Lab 06 - Browse and Search API	END	1780467795123
USER	Lab 06 - Browse and Search API	START	1780467795123
USER	Lab 06 - Browse and Search API	START	1780467795123
REQUEST		List Users	1780467794891	1780467795125	OK	 
REQUEST		View Detail	1780467795074	1780467795125	OK	 
REQUEST		View Detail	1780467795078	1780467795125	OK	 
REQUEST		View Detail	1780467795080	1780467795125	OK	 
USER	Lab 06 - Browse and Search API	END	1780467795126
USER	Lab 06 - Browse and Search API	END	1780467795126
USER	Lab 06 - Browse and Search API	END	1780467795126
USER	Lab 06 - Browse and Search API	START	1780467795126
USER	Lab 06 - Browse and Search API	START	1780467795126
USER	Lab 06 - Browse and Search API	START	1780467795126
REQUEST		View Detail	1780467795078	1780467795131	OK	 
USER	Lab 06 - Browse and Search API	END	1780467795131
USER	Lab 06 - Browse and Search API	START	1780467795131
REQUEST		View Detail	1780467795101	1780467795147	OK	 
USER	Lab 06 - Browse and Search API	END	1780467795147
USER	Lab 06 - Browse and Search API	START	1780467795147
REQUEST		View Detail	1780467795153	1780467795217	OK	 
USER	Lab 06 - Browse and Search API	END	1780467795217
USER	Lab 06 - Browse and Search API	START	1780467795217
REQUEST		View Detail	1780467795152	1780467795220	OK	 
USER	Lab 06 - Browse and Search API	END	1780467795220
USER	Lab 06 - Browse and Search API	START	1780467795220
REQUEST		View Detail	1780467795168	1780467795234	OK	 
USER	Lab 06 - Browse and Search API	END	1780467795234
USER	Lab 06 - Browse and Search API	START	1780467795235
REQUEST		View Detail	1780467795241	1780467795372	OK	 
REQUEST		View Detail	1780467795239	1780467795372	OK	 
REQUEST		View Detail	1780467795260	1780467795372	OK	 
REQUEST		View Detail	1780467795238	1780467795372	OK	 
USER	Lab 06 - Browse and Search API	END	1780467795372
USER	Lab 06 - Browse and Search API	END	1780467795372
USER	Lab 06 - Browse and Search API	END	1780467795372
USER	Lab 06 - Browse and Search API	END	1780467795372
USER	Lab 06 - Browse and Search API	START	1780467795372
USER	Lab 06 - Browse and Search API	START	1780467795372
USER	Lab 06 - Browse and Search API	START	1780467795372
USER	Lab 06 - Browse and Search API	START	1780467795372
REQUEST		View Detail	1780467795260	1780467795378	OK	 
REQUEST		View Detail	1780467795260	1780467795378	OK	 
REQUEST		View Detail	1780467795260	1780467795378	OK	 
USER	Lab 06 - Browse and Search API	END	1780467795378
USER	Lab 06 - Browse and Search API	END	1780467795378
USER	Lab 06 - Browse and Search API	END	1780467795378
USER	Lab 06 - Browse and Search API	START	1780467795378
USER	Lab 06 - Browse and Search API	START	1780467795379
USER	Lab 06 - Browse and Search API	START	1780467795379
REQUEST		View Detail	1780467795260	1780467795380	OK	 
REQUEST		View Detail	1780467795260	1780467795380	OK	 
REQUEST		View Detail	1780467795260	1780467795380	OK	 
USER	Lab 06 - Browse and Search API	END	1780467795380
USER	Lab 06 - Browse and Search API	END	1780467795380
USER	Lab 06 - Browse and Search API	START	1780467795381
USER	Lab 06 - Browse and Search API	END	1780467795381
USER	Lab 06 - Browse and Search API	START	1780467795381
USER	Lab 06 - Browse and Search API	START	1780467795381
REQUEST		View Detail	1780467795279	1780467795387	OK	 
USER	Lab 06 - Browse and Search API	END	1780467795387
USER	Lab 06 - Browse and Search API	START	1780467795387
REQUEST		List Users	1780467795123	1780467795406	OK	 
REQUEST		List Users	1780467795123	1780467795425	OK	 
REQUEST		List Users	1780467795147	1780467795425	OK	 
REQUEST		List Users	1780467795126	1780467795425	OK	 
REQUEST		List Users	1780467795126	1780467795425	OK	 
REQUEST		View Detail	1780467795374	1780467795487	OK	 
REQUEST		View Detail	1780467795388	1780467795487	OK	 
USER	Lab 06 - Browse and Search API	END	1780467795487
USER	Lab 06 - Browse and Search API	END	1780467795487
USER	Lab 06 - Browse and Search API	START	1780467795488
USER	Lab 06 - Browse and Search API	START	1780467795488
REQUEST		View Detail	1780467795381	1780467795490	OK	 
USER	Lab 06 - Browse and Search API	END	1780467795490
USER	Lab 06 - Browse and Search API	START	1780467795490
REQUEST		View Detail	1780467795385	1780467795492	OK	 
USER	Lab 06 - Browse and Search API	END	1780467795492
USER	Lab 06 - Browse and Search API	START	1780467795492
REQUEST		View Detail	1780467795399	1780467795496	OK	 
USER	Lab 06 - Browse and Search API	END	1780467795496
USER	Lab 06 - Browse and Search API	START	1780467795497
REQUEST		List Users	1780467795217	1780467795504	OK	 
REQUEST		View Detail	1780467795416	1780467795504	OK	 
USER	Lab 06 - Browse and Search API	END	1780467795504
USER	Lab 06 - Browse and Search API	START	1780467795504
REQUEST		List Users	1780467795131	1780467795511	OK	 
REQUEST		View Detail	1780467795453	1780467795512	OK	 
USER	Lab 06 - Browse and Search API	END	1780467795512
USER	Lab 06 - Browse and Search API	START	1780467795513
REQUEST		List Users	1780467795126	1780467795523	OK	 
REQUEST		View Detail	1780467795454	1780467795626	OK	 
REQUEST		View Detail	1780467795457	1780467795626	OK	 
USER	Lab 06 - Browse and Search API	END	1780467795626
USER	Lab 06 - Browse and Search API	END	1780467795626
USER	Lab 06 - Browse and Search API	START	1780467795626
USER	Lab 06 - Browse and Search API	START	1780467795626
REQUEST		View Detail	1780467795462	1780467795631	OK	 
USER	Lab 06 - Browse and Search API	END	1780467795631
USER	Lab 06 - Browse and Search API	START	1780467795631
REQUEST		View Detail	1780467795547	1780467795638	OK	 
REQUEST		View Detail	1780467795547	1780467795638	OK	 
USER	Lab 06 - Browse and Search API	END	1780467795638
USER	Lab 06 - Browse and Search API	END	1780467795638
USER	Lab 06 - Browse and Search API	START	1780467795638
USER	Lab 06 - Browse and Search API	START	1780467795638
REQUEST		View Detail	1780467795547	1780467795640	OK	 
REQUEST		View Detail	1780467795555	1780467795640	OK	 
USER	Lab 06 - Browse and Search API	END	1780467795640
USER	Lab 06 - Browse and Search API	END	1780467795640
USER	Lab 06 - Browse and Search API	START	1780467795640
USER	Lab 06 - Browse and Search API	START	1780467795640
REQUEST		View Detail	1780467795547	1780467795642	OK	 
USER	Lab 06 - Browse and Search API	END	1780467795642
USER	Lab 06 - Browse and Search API	START	1780467795642
REQUEST		List Users	1780467795234	1780467795681	OK	 
REQUEST		View Detail	1780467795457	1780467795683	OK	 
USER	Lab 06 - Browse and Search API	END	1780467795684
USER	Lab 06 - Browse and Search API	START	1780467795684
REQUEST		View Detail	1780467795554	1780467795701	OK	 
USER	Lab 06 - Browse and Search API	END	1780467795701
USER	Lab 06 - Browse and Search API	START	1780467795701
REQUEST		View Detail	1780467795553	1780467795715	OK	 
USER	Lab 06 - Browse and Search API	END	1780467795715
USER	Lab 06 - Browse and Search API	START	1780467795715
REQUEST		View Detail	1780467795553	1780467795742	OK	 
USER	Lab 06 - Browse and Search API	END	1780467795742
USER	Lab 06 - Browse and Search API	START	1780467795742
REQUEST		View Detail	1780467795559	1780467795755	OK	 
USER	Lab 06 - Browse and Search API	END	1780467795755
USER	Lab 06 - Browse and Search API	START	1780467795755
REQUEST		View Detail	1780467795552	1780467795757	OK	 
USER	Lab 06 - Browse and Search API	END	1780467795757
USER	Lab 06 - Browse and Search API	START	1780467795758
REQUEST		List Users	1780467795220	1780467795790	OK	 
REQUEST		Search User	1780467795512	1780467795807	OK	 
REQUEST		View Detail	1780467795563	1780467795814	OK	 
USER	Lab 06 - Browse and Search API	END	1780467795814
USER	Lab 06 - Browse and Search API	START	1780467795814
REQUEST		View Detail	1780467795559	1780467795819	OK	 
USER	Lab 06 - Browse and Search API	END	1780467795819
USER	Lab 06 - Browse and Search API	START	1780467795820
REQUEST		List Users	1780467795372	1780467795977	OK	 
REQUEST		List Users	1780467795372	1780467795999	OK	 
REQUEST		View Detail	1780467795585	1780467796023	OK	 
USER	Lab 06 - Browse and Search API	END	1780467796023
USER	Lab 06 - Browse and Search API	START	1780467796023
REQUEST		List Users	1780467795372	1780467796039	OK	 
REQUEST		View Detail	1780467795680	1780467796071	OK	 
USER	Lab 06 - Browse and Search API	END	1780467796071
USER	Lab 06 - Browse and Search API	START	1780467796071
REQUEST		List Users	1780467795372	1780467796092	OK	 
REQUEST		List Users	1780467795380	1780467796118	OK	 
REQUEST		List Users	1780467795378	1780467796120	OK	 
REQUEST		View Detail	1780467795587	1780467796122	OK	 
USER	Lab 06 - Browse and Search API	END	1780467796122
REQUEST		View Detail	1780467795693	1780467796122	OK	 
USER	Lab 06 - Browse and Search API	END	1780467796122
USER	Lab 06 - Browse and Search API	START	1780467796122
USER	Lab 06 - Browse and Search API	START	1780467796122
REQUEST		View Detail	1780467795692	1780467796124	OK	 
USER	Lab 06 - Browse and Search API	END	1780467796124
REQUEST		View Detail	1780467795694	1780467796124	OK	 
REQUEST		View Detail	1780467795713	1780467796124	OK	 
USER	Lab 06 - Browse and Search API	END	1780467796124
USER	Lab 06 - Browse and Search API	END	1780467796124
USER	Lab 06 - Browse and Search API	START	1780467796124
USER	Lab 06 - Browse and Search API	START	1780467796124
USER	Lab 06 - Browse and Search API	START	1780467796124
REQUEST		List Users	1780467795378	1780467796131	OK	 
REQUEST		View Detail	1780467795704	1780467796131	OK	 
REQUEST		View Detail	1780467795704	1780467796131	OK	 
USER	Lab 06 - Browse and Search API	END	1780467796131
USER	Lab 06 - Browse and Search API	END	1780467796131
USER	Lab 06 - Browse and Search API	START	1780467796131
USER	Lab 06 - Browse and Search API	START	1780467796131
REQUEST		View Detail	1780467795714	1780467796141	OK	 
REQUEST		List Users	1780467795380	1780467796141	OK	 
USER	Lab 06 - Browse and Search API	END	1780467796141
USER	Lab 06 - Browse and Search API	START	1780467796141
REQUEST		List Users	1780467795381	1780467796151	OK	 
REQUEST		List Users	1780467795378	1780467796153	OK	 
REQUEST		View Detail	1780467795692	1780467796153	OK	 
USER	Lab 06 - Browse and Search API	END	1780467796153
USER	Lab 06 - Browse and Search API	START	1780467796154
REQUEST		List Users	1780467795387	1780467796155	OK	 
REQUEST		View Detail	1780467795693	1780467796155	OK	 
USER	Lab 06 - Browse and Search API	END	1780467796156
USER	Lab 06 - Browse and Search API	START	1780467796156
REQUEST		List Users	1780467795504	1780467796181	OK	 
REQUEST		View Detail	1780467795769	1780467796181	OK	 
USER	Lab 06 - Browse and Search API	END	1780467796181
USER	Lab 06 - Browse and Search API	START	1780467796182
REQUEST		List Users	1780467795487	1780467796198	OK	 
REQUEST		View Detail	1780467795969	1780467796198	OK	 
REQUEST		List Users	1780467795513	1780467796198	OK	 
USER	Lab 06 - Browse and Search API	END	1780467796198
REQUEST		View Detail	1780467795975	1780467796198	OK	 
USER	Lab 06 - Browse and Search API	END	1780467796198
USER	Lab 06 - Browse and Search API	START	1780467796198
USER	Lab 06 - Browse and Search API	START	1780467796199
REQUEST		View Detail	1780467795868	1780467796204	OK	 
REQUEST		List Users	1780467795487	1780467796204	OK	 
REQUEST		View Detail	1780467795979	1780467796204	OK	 
REQUEST		View Detail	1780467795983	1780467796204	OK	 
USER	Lab 06 - Browse and Search API	END	1780467796204
USER	Lab 06 - Browse and Search API	END	1780467796204
USER	Lab 06 - Browse and Search API	END	1780467796204
USER	Lab 06 - Browse and Search API	START	1780467796204
USER	Lab 06 - Browse and Search API	START	1780467796204
USER	Lab 06 - Browse and Search API	START	1780467796204
REQUEST		View Detail	1780467795989	1780467796206	OK	 
REQUEST		View Detail	1780467795812	1780467796206	OK	 
REQUEST		View Detail	1780467795993	1780467796206	OK	 
REQUEST		View Detail	1780467795980	1780467796206	OK	 
USER	Lab 06 - Browse and Search API	END	1780467796206
USER	Lab 06 - Browse and Search API	END	1780467796206
USER	Lab 06 - Browse and Search API	END	1780467796206
USER	Lab 06 - Browse and Search API	END	1780467796206
USER	Lab 06 - Browse and Search API	START	1780467796206
USER	Lab 06 - Browse and Search API	START	1780467796206
USER	Lab 06 - Browse and Search API	START	1780467796206
USER	Lab 06 - Browse and Search API	START	1780467796206
REQUEST		View Detail	1780467796117	1780467796292	OK	 
REQUEST		View Detail	1780467796123	1780467796292	OK	 
USER	Lab 06 - Browse and Search API	END	1780467796292
USER	Lab 06 - Browse and Search API	END	1780467796292
USER	Lab 06 - Browse and Search API	START	1780467796293
USER	Lab 06 - Browse and Search API	START	1780467796293
REQUEST		View Detail	1780467796123	1780467796299	OK	 
REQUEST		View Detail	1780467796123	1780467796299	OK	 
REQUEST		View Detail	1780467796123	1780467796299	OK	 
USER	Lab 06 - Browse and Search API	END	1780467796299
USER	Lab 06 - Browse and Search API	END	1780467796299
USER	Lab 06 - Browse and Search API	START	1780467796299
USER	Lab 06 - Browse and Search API	END	1780467796299
USER	Lab 06 - Browse and Search API	START	1780467796299
USER	Lab 06 - Browse and Search API	START	1780467796299
REQUEST		List Users	1780467795490	1780467796301	OK	 
REQUEST		View Detail	1780467796130	1780467796301	OK	 
USER	Lab 06 - Browse and Search API	END	1780467796301
USER	Lab 06 - Browse and Search API	START	1780467796301
REQUEST		List Users	1780467795684	1780467796310	OK	 
REQUEST		View Detail	1780467796130	1780467796310	OK	 
USER	Lab 06 - Browse and Search API	END	1780467796311
USER	Lab 06 - Browse and Search API	START	1780467796311
REQUEST		List Users	1780467795638	1780467796315	OK	 
REQUEST		List Users	1780467795631	1780467796315	OK	 
REQUEST		List Users	1780467795640	1780467796316	OK	 
REQUEST		View Detail	1780467796144	1780467796317	OK	 
REQUEST		List Users	1780467795492	1780467796317	OK	 
REQUEST		View Detail	1780467796135	1780467796317	OK	 
REQUEST		View Detail	1780467796135	1780467796317	OK	 
USER	Lab 06 - Browse and Search API	END	1780467796318
USER	Lab 06 - Browse and Search API	END	1780467796318
USER	Lab 06 - Browse and Search API	END	1780467796318
USER	Lab 06 - Browse and Search API	START	1780467796318
USER	Lab 06 - Browse and Search API	START	1780467796318
USER	Lab 06 - Browse and Search API	START	1780467796318
REQUEST		List Users	1780467795497	1780467796326	OK	 
REQUEST		View Detail	1780467796133	1780467796326	OK	 
REQUEST		List Users	1780467795626	1780467796326	OK	 
REQUEST		Search User	1780467796248	1780467796326	OK	 
REQUEST		Search User	1780467796250	1780467796326	OK	 
USER	Lab 06 - Browse and Search API	END	1780467796326
REQUEST		View Detail	1780467796138	1780467796326	OK	 
USER	Lab 06 - Browse and Search API	START	1780467796326
USER	Lab 06 - Browse and Search API	END	1780467796326
USER	Lab 06 - Browse and Search API	START	1780467796326
REQUEST		List Users	1780467795640	1780467796331	OK	 
REQUEST		List Users	1780467795638	1780467796351	OK	 
REQUEST		View Detail	1780467796130	1780467796351	OK	 
USER	Lab 06 - Browse and Search API	END	1780467796351
USER	Lab 06 - Browse and Search API	START	1780467796351
REQUEST		View Detail	1780467796162	1780467796353	OK	 
USER	Lab 06 - Browse and Search API	END	1780467796353
USER	Lab 06 - Browse and Search API	START	1780467796353
REQUEST		List Users	1780467795742	1780467796357	OK	 
REQUEST		List Users	1780467795701	1780467796359	OK	 
REQUEST		List Users	1780467795814	1780467796389	OK	 
REQUEST		List Users	1780467795819	1780467796396	OK	 
REQUEST		List Users	1780467795757	1780467796398	OK	 
REQUEST		List Users	1780467795715	1780467796405	OK	 
REQUEST		List Users	1780467795642	1780467796405	OK	 
REQUEST		List Users	1780467795626	1780467796415	OK	 
REQUEST		List Users	1780467796141	1780467796415	OK	 
REQUEST		List Users	1780467795755	1780467796421	OK	 
REQUEST		List Users	1780467796122	1780467796421	OK	 
REQUEST		List Users	1780467796124	1780467796423	OK	 
REQUEST		List Users	1780467796023	1780467796429	OK	 
REQUEST		List Users	1780467796124	1780467796429	OK	 
REQUEST		List Users	1780467796131	1780467796434	OK	 
REQUEST		List Users	1780467796181	1780467796434	OK	 
REQUEST		List Users	1780467796204	1780467796443	OK	 
REQUEST		List Users	1780467796122	1780467796443	OK	 
REQUEST		List Users	1780467796198	1780467796450	OK	 
REQUEST		List Users	1780467796156	1780467796450	OK	 
REQUEST		Search User	1780467796371	1780467796450	OK	 
REQUEST		List Users	1780467796206	1780467796504	OK	 
REQUEST		List Users	1780467796206	1780467796513	OK	 
REQUEST		List Users	1780467796292	1780467796527	OK	 
REQUEST		List Users	1780467796299	1780467796536	OK	 
REQUEST		List Users	1780467796299	1780467796536	OK	 
REQUEST		List Users	1780467796204	1780467796538	OK	 
REQUEST		List Users	1780467796292	1780467796540	OK	 
REQUEST		Search User	1780467796459	1780467796540	OK	 
REQUEST		List Users	1780467796311	1780467796540	OK	 
REQUEST		List Users	1780467796299	1780467796542	OK	 
REQUEST		List Users	1780467796204	1780467796554	OK	 
REQUEST		List Users	1780467796131	1780467796554	OK	 
REQUEST		Search User	1780467796481	1780467796554	OK	 
REQUEST		List Users	1780467796206	1780467796554	OK	 
REQUEST		List Users	1780467796071	1780467796559	OK	 
REQUEST		List Users	1780467796198	1780467796559	OK	 
REQUEST		List Users	1780467796153	1780467796561	OK	 
REQUEST		List Users	1780467796206	1780467796563	OK	 
REQUEST		List Users	1780467796124	1780467796563	OK	 
REQUEST		List Users	1780467796353	1780467796612	OK	 
REQUEST		List Users	1780467796326	1780467796631	OK	 
REQUEST		List Users	1780467796301	1780467796636	OK	 
REQUEST		List Users	1780467796318	1780467796636	OK	 
REQUEST		List Users	1780467796318	1780467796639	OK	 
REQUEST		List Users	1780467796326	1780467796641	OK	 
REQUEST		List Users	1780467796351	1780467796646	OK	 
REQUEST		Search User	1780467796589	1780467796646	OK	 
REQUEST		Search User	1780467796587	1780467796646	OK	 
REQUEST		List Users	1780467796318	1780467796665	OK	 
REQUEST		Search User	1780467796589	1780467796665	OK	 
REQUEST		Search User	1780467796594	1780467796665	OK	 
REQUEST		Search User	1780467796686	1780467796740	OK	 
REQUEST		Search User	1780467796765	1780467796818	OK	 
REQUEST		View Detail	1780467796775	1780467796834	OK	 
REQUEST		Search User	1780467796778	1780467796834	OK	 
USER	Lab 06 - Browse and Search API	END	1780467796834
USER	Lab 06 - Browse and Search API	START	1780467796834
REQUEST		Search User	1780467796868	1780467796914	OK	 
REQUEST		List Users	1780467796834	1780467796968	OK	 
REQUEST		Search User	1780467796949	1780467797002	OK	 
REQUEST		Search User	1780467796957	1780467797011	OK	 
REQUEST		Search User	1780467796963	1780467797011	OK	 
REQUEST		Search User	1780467796979	1780467797031	OK	 
REQUEST		Search User	1780467797126	1780467797183	OK	 
REQUEST		Search User	1780467797407	1780467797451	OK	 
REQUEST		Search User	1780467797425	1780467797490	OK	 
REQUEST		Search User	1780467797426	1780467797493	OK	 
REQUEST		Search User	1780467797426	1780467797497	OK	 
REQUEST		Search User	1780467797426	1780467797497	OK	 
REQUEST		Search User	1780467797505	1780467797607	OK	 
REQUEST		Search User	1780467797524	1780467797617	OK	 
REQUEST		Search User	1780467797511	1780467797617	OK	 
REQUEST		Search User	1780467797682	1780467797737	OK	 
REQUEST		Search User	1780467797792	1780467797860	OK	 
REQUEST		View Detail	1780467797809	1780467797868	OK	 
USER	Lab 06 - Browse and Search API	END	1780467797868
USER	Lab 06 - Browse and Search API	START	1780467797868
REQUEST		Search User	1780467797978	1780467798091	OK	 
REQUEST		Search User	1780467798039	1780467798093	OK	 
REQUEST		Search User	1780467798000	1780467798101	OK	 
REQUEST		List Users	1780467797868	1780467798103	OK	 
REQUEST		Search User	1780467798092	1780467798153	OK	 
REQUEST		Search User	1780467798118	1780467798220	OK	 
REQUEST		Search User	1780467798181	1780467798226	OK	 
REQUEST		Search User	1780467798120	1780467798226	OK	 
REQUEST		Search User	1780467798143	1780467798233	OK	 
REQUEST		Search User	1780467798157	1780467798238	OK	 
REQUEST		Search User	1780467798154	1780467798242	OK	 
REQUEST		Search User	1780467798153	1780467798243	OK	 
REQUEST		Search User	1780467798132	1780467798246	OK	 
REQUEST		Search User	1780467798199	1780467798246	OK	 
REQUEST		Search User	1780467798199	1780467798251	OK	 
REQUEST		Search User	1780467798205	1780467798255	OK	 
REQUEST		Search User	1780467798303	1780467798355	OK	 
REQUEST		Search User	1780467798312	1780467798355	OK	 
REQUEST		Search User	1780467798317	1780467798363	OK	 
REQUEST		Search User	1780467798317	1780467798363	OK	 
REQUEST		Search User	1780467798316	1780467798373	OK	 
REQUEST		Search User	1780467798319	1780467798381	OK	 
REQUEST		Search User	1780467798390	1780467798443	OK	 
REQUEST		Search User	1780467798332	1780467798448	OK	 
REQUEST		Search User	1780467798398	1780467798448	OK	 
REQUEST		View Detail	1780467798327	1780467798448	OK	 
REQUEST		Search User	1780467798327	1780467798448	OK	 
REQUEST		Search User	1780467798360	1780467798448	OK	 
USER	Lab 06 - Browse and Search API	END	1780467798448
REQUEST		Search User	1780467798327	1780467798459	OK	 
REQUEST		Search User	1780467798352	1780467798459	OK	 
REQUEST		View Detail	1780467798327	1780467798459	OK	 
REQUEST		Search User	1780467798358	1780467798459	OK	 
USER	Lab 06 - Browse and Search API	END	1780467798459
REQUEST		Search User	1780467798416	1780467798535	OK	 
REQUEST		Search User	1780467798399	1780467798535	OK	 
USER	Lab 06 - Browse and Search API	START	1780467798537
USER	Lab 06 - Browse and Search API	START	1780467798538
REQUEST		Search User	1780467798423	1780467798572	OK	 
REQUEST		Search User	1780467798445	1780467798572	OK	 
REQUEST		Search User	1780467798444	1780467798572	OK	 
REQUEST		Search User	1780467798435	1780467798572	OK	 
REQUEST		Search User	1780467798416	1780467798572	OK	 
REQUEST		Search User	1780467798451	1780467798572	OK	 
REQUEST		Search User	1780467798424	1780467798574	OK	 
REQUEST		View Detail	1780467798451	1780467798574	OK	 
REQUEST		Search User	1780467798406	1780467798574	OK	 
REQUEST		Search User	1780467798430	1780467798574	OK	 
REQUEST		Search User	1780467798406	1780467798574	OK	 
REQUEST		Search User	1780467798423	1780467798574	OK	 
REQUEST		Search User	1780467798431	1780467798574	OK	 
USER	Lab 06 - Browse and Search API	END	1780467798574
USER	Lab 06 - Browse and Search API	START	1780467798574
REQUEST		Search User	1780467798435	1780467798583	OK	 
REQUEST		Search User	1780467798514	1780467798583	OK	 
REQUEST		Search User	1780467798529	1780467798654	OK	 
REQUEST		Search User	1780467798537	1780467798665	OK	 
REQUEST		Search User	1780467798541	1780467798665	OK	 
REQUEST		Search User	1780467798613	1780467798667	OK	 
REQUEST		Search User	1780467798541	1780467798667	OK	 
REQUEST		Search User	1780467798543	1780467798667	OK	 
REQUEST		Search User	1780467798536	1780467798674	OK	 
REQUEST		Search User	1780467798539	1780467798674	OK	 
REQUEST		Search User	1780467798556	1780467798674	OK	 
REQUEST		View Detail	1780467798541	1780467798675	OK	 
USER	Lab 06 - Browse and Search API	END	1780467798675
USER	Lab 06 - Browse and Search API	START	1780467798675
REQUEST		Search User	1780467798560	1780467798687	OK	 
REQUEST		Search User	1780467798556	1780467798687	OK	 
REQUEST		View Detail	1780467798555	1780467798687	OK	 
REQUEST		Search User	1780467798556	1780467798687	OK	 
USER	Lab 06 - Browse and Search API	END	1780467798687
USER	Lab 06 - Browse and Search API	START	1780467798687
REQUEST		Search User	1780467798560	1780467798702	OK	 
REQUEST		Search User	1780467798564	1780467798702	OK	 
REQUEST		Search User	1780467798504	1780467798702	OK	 
REQUEST		Search User	1780467798562	1780467798702	OK	 
REQUEST		Search User	1780467798564	1780467798707	OK	 
REQUEST		Search User	1780467798633	1780467798778	OK	 
REQUEST		View Detail	1780467798646	1780467798778	OK	 
REQUEST		View Detail	1780467798666	1780467798778	OK	 
USER	Lab 06 - Browse and Search API	END	1780467798778
USER	Lab 06 - Browse and Search API	END	1780467798778
USER	Lab 06 - Browse and Search API	START	1780467798779
USER	Lab 06 - Browse and Search API	START	1780467798779
REQUEST		Search User	1780467798638	1780467798789	OK	 
REQUEST		Search User	1780467798644	1780467798789	OK	 
REQUEST		Search User	1780467798637	1780467798789	OK	 
REQUEST		Search User	1780467798667	1780467798801	OK	 
REQUEST		Search User	1780467798640	1780467798809	OK	 
REQUEST		View Detail	1780467798647	1780467798809	OK	 
REQUEST		View Detail	1780467798667	1780467798809	OK	 
REQUEST		Search User	1780467798451	1780467798809	OK	 
USER	Lab 06 - Browse and Search API	END	1780467798809
USER	Lab 06 - Browse and Search API	END	1780467798809
USER	Lab 06 - Browse and Search API	START	1780467798810
USER	Lab 06 - Browse and Search API	START	1780467798810
REQUEST		Search User	1780467798646	1780467798812	OK	 
REQUEST		View Detail	1780467798740	1780467798812	OK	 
USER	Lab 06 - Browse and Search API	END	1780467798813
USER	Lab 06 - Browse and Search API	START	1780467798813
REQUEST		View Detail	1780467798819	1780467798932	OK	 
REQUEST		View Detail	1780467798835	1780467798933	OK	 
REQUEST		List Users	1780467798448	1780467798933	OK	 
USER	Lab 06 - Browse and Search API	END	1780467798933
USER	Lab 06 - Browse and Search API	END	1780467798933
USER	Lab 06 - Browse and Search API	START	1780467798933
USER	Lab 06 - Browse and Search API	START	1780467798933
REQUEST		List Users	1780467798459	1780467798940	OK	 
REQUEST		List Users	1780467798574	1780467798940	OK	 
REQUEST		List Users	1780467798675	1780467798971	OK	 
REQUEST		View Detail	1780467798916	1780467798971	OK	 
USER	Lab 06 - Browse and Search API	END	1780467798971
USER	Lab 06 - Browse and Search API	START	1780467798971
REQUEST		List Users	1780467798687	1780467798980	OK	 
REQUEST		List Users	1780467798809	1780467799012	OK	 
REQUEST		Search User	1780467798970	1780467799053	OK	 
REQUEST		View Detail	1780467799003	1780467799057	OK	 
REQUEST		View Detail	1780467799012	1780467799057	OK	 
USER	Lab 06 - Browse and Search API	END	1780467799057
USER	Lab 06 - Browse and Search API	END	1780467799057
USER	Lab 06 - Browse and Search API	START	1780467799058
USER	Lab 06 - Browse and Search API	START	1780467799058
REQUEST		View Detail	1780467799012	1780467799060	OK	 
REQUEST		List Users	1780467798813	1780467799060	OK	 
USER	Lab 06 - Browse and Search API	END	1780467799060
USER	Lab 06 - Browse and Search API	START	1780467799061
REQUEST		List Users	1780467798778	1780467799064	OK	 
REQUEST		List Users	1780467798809	1780467799071	OK	 
REQUEST		List Users	1780467798778	1780467799074	OK	 
REQUEST		View Detail	1780467799032	1780467799084	OK	 
USER	Lab 06 - Browse and Search API	END	1780467799084
USER	Lab 06 - Browse and Search API	START	1780467799084
REQUEST		List Users	1780467798933	1780467799094	OK	 
REQUEST		List Users	1780467798933	1780467799100	OK	 
REQUEST		List Users	1780467798971	1780467799143	OK	 
REQUEST		List Users	1780467799060	1780467799186	OK	 
REQUEST		List Users	1780467799084	1780467799223	OK	 
REQUEST		List Users	1780467799057	1780467799225	OK	 
REQUEST		List Users	1780467799057	1780467799231	OK	 
REQUEST		View Detail	1780467799184	1780467799244	OK	 
USER	Lab 06 - Browse and Search API	END	1780467799244
USER	Lab 06 - Browse and Search API	START	1780467799244
REQUEST		List Users	1780467799244	1780467799430	OK	 
REQUEST		View Detail	1780467799452	1780467799499	OK	 
USER	Lab 06 - Browse and Search API	END	1780467799499
USER	Lab 06 - Browse and Search API	START	1780467799499
REQUEST		View Detail	1780467799491	1780467799535	OK	 
USER	Lab 06 - Browse and Search API	END	1780467799536
USER	Lab 06 - Browse and Search API	START	1780467799536
REQUEST		View Detail	1780467799494	1780467799546	OK	 
REQUEST		View Detail	1780467799498	1780467799546	OK	 
USER	Lab 06 - Browse and Search API	END	1780467799547
USER	Lab 06 - Browse and Search API	END	1780467799547
USER	Lab 06 - Browse and Search API	START	1780467799547
USER	Lab 06 - Browse and Search API	START	1780467799547
REQUEST		View Detail	1780467799498	1780467799552	OK	 
USER	Lab 06 - Browse and Search API	END	1780467799552
USER	Lab 06 - Browse and Search API	START	1780467799552
REQUEST		List Users	1780467799499	1780467799626	OK	 
REQUEST		List Users	1780467799536	1780467799665	OK	 
REQUEST		View Detail	1780467799608	1780467799674	OK	 
USER	Lab 06 - Browse and Search API	END	1780467799674
USER	Lab 06 - Browse and Search API	START	1780467799674
REQUEST		View Detail	1780467799618	1780467799678	OK	 
USER	Lab 06 - Browse and Search API	END	1780467799679
USER	Lab 06 - Browse and Search API	START	1780467799679
REQUEST		List Users	1780467799547	1780467799680	OK	 
REQUEST		View Detail	1780467799618	1780467799683	OK	 
USER	Lab 06 - Browse and Search API	END	1780467799683
USER	Lab 06 - Browse and Search API	START	1780467799684
REQUEST		List Users	1780467799547	1780467799687	OK	 
REQUEST		List Users	1780467799552	1780467799725	OK	 
REQUEST		View Detail	1780467799738	1780467799811	OK	 
USER	Lab 06 - Browse and Search API	END	1780467799811
USER	Lab 06 - Browse and Search API	START	1780467799812
REQUEST		List Users	1780467799674	1780467799844	OK	 
REQUEST		List Users	1780467799684	1780467799848	OK	 
REQUEST		List Users	1780467799679	1780467799852	OK	 
REQUEST		View Detail	1780467799861	1780467799925	OK	 
USER	Lab 06 - Browse and Search API	END	1780467799925
USER	Lab 06 - Browse and Search API	START	1780467799925
REQUEST		List Users	1780467799811	1780467800010	OK	 
REQUEST		List Users	1780467799925	1780467800097	OK	 
REQUEST		View Detail	1780467800091	1780467800141	OK	 
USER	Lab 06 - Browse and Search API	END	1780467800141
USER	Lab 06 - Browse and Search API	START	1780467800141
REQUEST		View Detail	1780467800094	1780467800143	OK	 
USER	Lab 06 - Browse and Search API	END	1780467800143
USER	Lab 06 - Browse and Search API	START	1780467800143
REQUEST		View Detail	1780467800102	1780467800147	OK	 
USER	Lab 06 - Browse and Search API	END	1780467800147
USER	Lab 06 - Browse and Search API	START	1780467800147
REQUEST		Search User	1780467800104	1780467800185	OK	 
REQUEST		View Detail	1780467800154	1780467800246	OK	 
USER	Lab 06 - Browse and Search API	END	1780467800246
USER	Lab 06 - Browse and Search API	START	1780467800247
REQUEST		View Detail	1780467800221	1780467800266	OK	 
USER	Lab 06 - Browse and Search API	END	1780467800266
USER	Lab 06 - Browse and Search API	START	1780467800266
REQUEST		View Detail	1780467800226	1780467800270	OK	 
USER	Lab 06 - Browse and Search API	END	1780467800270
USER	Lab 06 - Browse and Search API	START	1780467800270
REQUEST		View Detail	1780467800228	1780467800274	OK	 
USER	Lab 06 - Browse and Search API	END	1780467800274
USER	Lab 06 - Browse and Search API	START	1780467800275
REQUEST		View Detail	1780467800247	1780467800293	OK	 
USER	Lab 06 - Browse and Search API	END	1780467800293
USER	Lab 06 - Browse and Search API	START	1780467800293
REQUEST		View Detail	1780467800239	1780467800297	OK	 
USER	Lab 06 - Browse and Search API	END	1780467800297
USER	Lab 06 - Browse and Search API	START	1780467800298
REQUEST		View Detail	1780467800233	1780467800299	OK	 
REQUEST		View Detail	1780467800253	1780467800299	OK	 
USER	Lab 06 - Browse and Search API	END	1780467800299
USER	Lab 06 - Browse and Search API	END	1780467800299
USER	Lab 06 - Browse and Search API	START	1780467800299
USER	Lab 06 - Browse and Search API	START	1780467800299
REQUEST		View Detail	1780467800247	1780467800301	OK	 
REQUEST		View Detail	1780467800256	1780467800301	OK	 
REQUEST		View Detail	1780467800243	1780467800301	OK	 
USER	Lab 06 - Browse and Search API	END	1780467800301
USER	Lab 06 - Browse and Search API	END	1780467800301
USER	Lab 06 - Browse and Search API	END	1780467800301
USER	Lab 06 - Browse and Search API	START	1780467800301
USER	Lab 06 - Browse and Search API	START	1780467800302
USER	Lab 06 - Browse and Search API	START	1780467800302
REQUEST		View Detail	1780467800244	1780467800304	OK	 
USER	Lab 06 - Browse and Search API	END	1780467800304
USER	Lab 06 - Browse and Search API	START	1780467800304
REQUEST		List Users	1780467800143	1780467800323	OK	 
REQUEST		List Users	1780467800147	1780467800334	OK	 
REQUEST		List Users	1780467800141	1780467800334	OK	 
REQUEST		List Users	1780467800246	1780467800397	OK	 
REQUEST		View Detail	1780467800355	1780467800410	OK	 
USER	Lab 06 - Browse and Search API	END	1780467800411
USER	Lab 06 - Browse and Search API	START	1780467800411
REQUEST		View Detail	1780467800364	1780467800417	OK	 
REQUEST		View Detail	1780467800373	1780467800417	OK	 
REQUEST		View Detail	1780467800356	1780467800417	OK	 
REQUEST		View Detail	1780467800364	1780467800417	OK	 
USER	Lab 06 - Browse and Search API	END	1780467800417
USER	Lab 06 - Browse and Search API	END	1780467800417
USER	Lab 06 - Browse and Search API	END	1780467800417
USER	Lab 06 - Browse and Search API	END	1780467800417
USER	Lab 06 - Browse and Search API	START	1780467800417
USER	Lab 06 - Browse and Search API	START	1780467800417
USER	Lab 06 - Browse and Search API	START	1780467800418
USER	Lab 06 - Browse and Search API	START	1780467800418
REQUEST		List Users	1780467800299	1780467800460	OK	 
REQUEST		List Users	1780467800299	1780467800460	OK	 
REQUEST		List Users	1780467800270	1780467800462	OK	 
REQUEST		List Users	1780467800301	1780467800462	OK	 
REQUEST		List Users	1780467800301	1780467800469	OK	 
REQUEST		List Users	1780467800301	1780467800469	OK	 
REQUEST		View Detail	1780467800381	1780467800472	OK	 
REQUEST		List Users	1780467800266	1780467800472	OK	 
REQUEST		List Users	1780467800293	1780467800472	OK	 
USER	Lab 06 - Browse and Search API	END	1780467800472
USER	Lab 06 - Browse and Search API	START	1780467800472
REQUEST		List Users	1780467800297	1780467800474	OK	 
REQUEST		List Users	1780467800304	1780467800474	OK	 
REQUEST		List Users	1780467800274	1780467800476	OK	 
REQUEST		View Detail	1780467800444	1780467800490	OK	 
USER	Lab 06 - Browse and Search API	END	1780467800491
USER	Lab 06 - Browse and Search API	START	1780467800491
REQUEST		View Detail	1780467800449	1780467800552	OK	 
REQUEST		View Detail	1780467800449	1780467800552	OK	 
USER	Lab 06 - Browse and Search API	END	1780467800552
USER	Lab 06 - Browse and Search API	END	1780467800552
USER	Lab 06 - Browse and Search API	START	1780467800553
USER	Lab 06 - Browse and Search API	START	1780467800553
REQUEST		View Detail	1780467800449	1780467800556	OK	 
REQUEST		View Detail	1780467800459	1780467800556	OK	 
USER	Lab 06 - Browse and Search API	END	1780467800556
USER	Lab 06 - Browse and Search API	END	1780467800556
USER	Lab 06 - Browse and Search API	START	1780467800556
USER	Lab 06 - Browse and Search API	START	1780467800556
REQUEST		View Detail	1780467800449	1780467800561	OK	 
REQUEST		View Detail	1780467800459	1780467800562	OK	 
USER	Lab 06 - Browse and Search API	END	1780467800562
USER	Lab 06 - Browse and Search API	END	1780467800562
USER	Lab 06 - Browse and Search API	START	1780467800562
USER	Lab 06 - Browse and Search API	START	1780467800562
REQUEST		View Detail	1780467800460	1780467800564	OK	 
USER	Lab 06 - Browse and Search API	END	1780467800564
USER	Lab 06 - Browse and Search API	START	1780467800564
REQUEST		View Detail	1780467800536	1780467800610	OK	 
REQUEST		List Users	1780467800417	1780467800610	OK	 
USER	Lab 06 - Browse and Search API	END	1780467800610
USER	Lab 06 - Browse and Search API	START	1780467800610
REQUEST		List Users	1780467800417	1780467800625	OK	 
REQUEST		View Detail	1780467800536	1780467800625	OK	 
REQUEST		List Users	1780467800417	1780467800625	OK	 
REQUEST		View Detail	1780467800572	1780467800625	OK	 
USER	Lab 06 - Browse and Search API	END	1780467800625
REQUEST		View Detail	1780467800572	1780467800625	OK	 
REQUEST		List Users	1780467800417	1780467800625	OK	 
REQUEST		View Detail	1780467800572	1780467800625	OK	 
REQUEST		View Detail	1780467800572	1780467800625	OK	 
USER	Lab 06 - Browse and Search API	END	1780467800625
REQUEST		List Users	1780467800411	1780467800625	OK	 
USER	Lab 06 - Browse and Search API	END	1780467800625
REQUEST		View Detail	1780467800572	1780467800625	OK	 
REQUEST		View Detail	1780467800575	1780467800625	OK	 
USER	Lab 06 - Browse and Search API	END	1780467800625
USER	Lab 06 - Browse and Search API	START	1780467800625
USER	Lab 06 - Browse and Search API	END	1780467800625
USER	Lab 06 - Browse and Search API	START	1780467800625
USER	Lab 06 - Browse and Search API	END	1780467800625
USER	Lab 06 - Browse and Search API	START	1780467800625
USER	Lab 06 - Browse and Search API	END	1780467800625
USER	Lab 06 - Browse and Search API	START	1780467800625
USER	Lab 06 - Browse and Search API	START	1780467800625
USER	Lab 06 - Browse and Search API	START	1780467800625
USER	Lab 06 - Browse and Search API	START	1780467800625
REQUEST		View Detail	1780467800575	1780467800639	OK	 
REQUEST		View Detail	1780467800575	1780467800639	OK	 
REQUEST		View Detail	1780467800573	1780467800639	OK	 
REQUEST		View Detail	1780467800575	1780467800639	OK	 
REQUEST		View Detail	1780467800575	1780467800639	OK	 
REQUEST		View Detail	1780467800576	1780467800640	OK	 
USER	Lab 06 - Browse and Search API	END	1780467800640
USER	Lab 06 - Browse and Search API	END	1780467800640
USER	Lab 06 - Browse and Search API	END	1780467800640
USER	Lab 06 - Browse and Search API	END	1780467800640
USER	Lab 06 - Browse and Search API	END	1780467800640
USER	Lab 06 - Browse and Search API	START	1780467800640
USER	Lab 06 - Browse and Search API	END	1780467800640
USER	Lab 06 - Browse and Search API	START	1780467800640
USER	Lab 06 - Browse and Search API	START	1780467800640
USER	Lab 06 - Browse and Search API	START	1780467800640
USER	Lab 06 - Browse and Search API	START	1780467800640
USER	Lab 06 - Browse and Search API	START	1780467800640
REQUEST		View Detail	1780467800583	1780467800670	OK	 
USER	Lab 06 - Browse and Search API	END	1780467800670
USER	Lab 06 - Browse and Search API	START	1780467800671
REQUEST		List Users	1780467800472	1780467800686	OK	 
REQUEST		View Detail	1780467800584	1780467800686	OK	 
REQUEST		List Users	1780467800491	1780467800686	OK	 
USER	Lab 06 - Browse and Search API	END	1780467800686
USER	Lab 06 - Browse and Search API	START	1780467800686
REQUEST		View Detail	1780467800668	1780467800774	OK	 
USER	Lab 06 - Browse and Search API	END	1780467800774
USER	Lab 06 - Browse and Search API	START	1780467800774
REQUEST		View Detail	1780467800666	1780467800778	OK	 
USER	Lab 06 - Browse and Search API	END	1780467800778
USER	Lab 06 - Browse and Search API	START	1780467800778
REQUEST		View Detail	1780467800654	1780467800783	OK	 
REQUEST		View Detail	1780467800666	1780467800783	OK	 
REQUEST		View Detail	1780467800668	1780467800783	OK	 
USER	Lab 06 - Browse and Search API	END	1780467800783
USER	Lab 06 - Browse and Search API	END	1780467800783
USER	Lab 06 - Browse and Search API	END	1780467800783
USER	Lab 06 - Browse and Search API	START	1780467800784
USER	Lab 06 - Browse and Search API	START	1780467800784
USER	Lab 06 - Browse and Search API	START	1780467800784
REQUEST		View Detail	1780467800668	1780467800788	OK	 
USER	Lab 06 - Browse and Search API	END	1780467800789
USER	Lab 06 - Browse and Search API	START	1780467800789
REQUEST		List Users	1780467800562	1780467800790	OK	 
REQUEST		View Detail	1780467800675	1780467800800	OK	 
USER	Lab 06 - Browse and Search API	END	1780467800801
USER	Lab 06 - Browse and Search API	START	1780467800801
REQUEST		List Users	1780467800564	1780467800805	OK	 
REQUEST		View Detail	1780467800676	1780467800805	OK	 
REQUEST		List Users	1780467800556	1780467800805	OK	 
USER	Lab 06 - Browse and Search API	END	1780467800805
USER	Lab 06 - Browse and Search API	START	1780467800805
REQUEST		View Detail	1780467800676	1780467800812	OK	 
USER	Lab 06 - Browse and Search API	END	1780467800812
USER	Lab 06 - Browse and Search API	START	1780467800812
REQUEST		View Detail	1780467800703	1780467800903	OK	 
USER	Lab 06 - Browse and Search API	END	1780467800903
USER	Lab 06 - Browse and Search API	START	1780467800903
REQUEST		View Detail	1780467800703	1780467800914	OK	 
REQUEST		View Detail	1780467800688	1780467800914	OK	 
USER	Lab 06 - Browse and Search API	END	1780467800914
USER	Lab 06 - Browse and Search API	END	1780467800914
USER	Lab 06 - Browse and Search API	START	1780467800915
USER	Lab 06 - Browse and Search API	START	1780467800915
REQUEST		View Detail	1780467800703	1780467800918	OK	 
USER	Lab 06 - Browse and Search API	END	1780467800918
REQUEST		List Users	1780467800562	1780467800918	OK	 
USER	Lab 06 - Browse and Search API	START	1780467800919
REQUEST		View Detail	1780467800703	1780467800921	OK	 
USER	Lab 06 - Browse and Search API	END	1780467800921
USER	Lab 06 - Browse and Search API	START	1780467800921
REQUEST		List Users	1780467800552	1780467800930	OK	 
REQUEST		List Users	1780467800625	1780467800939	OK	 
REQUEST		List Users	1780467800625	1780467800939	OK	 
REQUEST		List Users	1780467800640	1780467800941	OK	 
REQUEST		List Users	1780467800610	1780467800943	OK	 
REQUEST		View Detail	1780467800779	1780467800950	OK	 
USER	Lab 06 - Browse and Search API	END	1780467800950
USER	Lab 06 - Browse and Search API	START	1780467800950
REQUEST		List Users	1780467800625	1780467800952	OK	 
REQUEST		List Users	1780467800625	1780467800956	OK	 
REQUEST		View Detail	1780467800810	1780467800956	OK	 
USER	Lab 06 - Browse and Search API	END	1780467800956
USER	Lab 06 - Browse and Search API	START	1780467800956
REQUEST		List Users	1780467800625	1780467800958	OK	 
REQUEST		View Detail	1780467800802	1780467800958	OK	 
REQUEST		View Detail	1780467800789	1780467800958	OK	 
USER	Lab 06 - Browse and Search API	END	1780467800958
USER	Lab 06 - Browse and Search API	END	1780467800958
USER	Lab 06 - Browse and Search API	START	1780467800958
USER	Lab 06 - Browse and Search API	START	1780467800958
REQUEST		View Detail	1780467800708	1780467800965	OK	 
USER	Lab 06 - Browse and Search API	END	1780467800965
REQUEST		List Users	1780467800625	1780467800965	OK	 
USER	Lab 06 - Browse and Search API	START	1780467800965
REQUEST		List Users	1780467800640	1780467800968	OK	 
REQUEST		View Detail	1780467800790	1780467800968	OK	 
REQUEST		View Detail	1780467800789	1780467800968	OK	 
REQUEST		View Detail	1780467800813	1780467800968	OK	 
REQUEST		View Detail	1780467800810	1780467800968	OK	 
USER	Lab 06 - Browse and Search API	END	1780467800968
USER	Lab 06 - Browse and Search API	END	1780467800968
USER	Lab 06 - Browse and Search API	END	1780467800968
USER	Lab 06 - Browse and Search API	END	1780467800968
USER	Lab 06 - Browse and Search API	START	1780467800968
USER	Lab 06 - Browse and Search API	START	1780467800968
USER	Lab 06 - Browse and Search API	START	1780467800968
USER	Lab 06 - Browse and Search API	START	1780467800968
REQUEST		Search User	1780467800933	1780467801071	OK	 
REQUEST		List Users	1780467800671	1780467801076	OK	 
REQUEST		List Users	1780467800686	1780467801076	OK	 
REQUEST		Search User	1780467800941	1780467801076	OK	 
REQUEST		Search User	1780467800940	1780467801076	OK	 
REQUEST		Search User	1780467800972	1780467801078	OK	 
REQUEST		Search User	1780467800981	1780467801078	OK	 
REQUEST		Search User	1780467801013	1780467801093	OK	 
REQUEST		List Users	1780467800556	1780467801095	OK	 
REQUEST		List Users	1780467800552	1780467801099	OK	 
REQUEST		View Detail	1780467800689	1780467801101	OK	 
USER	Lab 06 - Browse and Search API	END	1780467801101
USER	Lab 06 - Browse and Search API	START	1780467801102
REQUEST		List Users	1780467800774	1780467801104	OK	 
REQUEST		List Users	1780467800783	1780467801118	OK	 
REQUEST		List Users	1780467800805	1780467801120	OK	 
REQUEST		List Users	1780467800801	1780467801124	OK	 
REQUEST		View Detail	1780467801055	1780467801124	OK	 
USER	Lab 06 - Browse and Search API	END	1780467801124
USER	Lab 06 - Browse and Search API	START	1780467801125
REQUEST		List Users	1780467800789	1780467801129	OK	 
REQUEST		List Users	1780467800783	1780467801129	OK	 
REQUEST		Search User	1780467801061	1780467801129	OK	 
REQUEST		List Users	1780467800812	1780467801134	OK	 
REQUEST		Search User	1780467801065	1780467801136	OK	 
REQUEST		List Users	1780467800903	1780467801197	OK	 
REQUEST		Search User	1780467801072	1780467801208	OK	 
REQUEST		List Users	1780467800640	1780467801208	OK	 
REQUEST		List Users	1780467800783	1780467801210	OK	 
REQUEST		Search User	1780467801074	1780467801210	OK	 
REQUEST		List Users	1780467800778	1780467801212	OK	 
REQUEST		List Users	1780467800640	1780467801212	OK	 
REQUEST		List Users	1780467800640	1780467801212	OK	 
REQUEST		List Users	1780467800625	1780467801230	OK	 
REQUEST		List Users	1780467800958	1780467801230	OK	 
REQUEST		Search User	1780467801095	1780467801230	OK	 
REQUEST		Search User	1780467801101	1780467801230	OK	 
REQUEST		List Users	1780467800918	1780467801232	OK	 
REQUEST		List Users	1780467800958	1780467801232	OK	 
REQUEST		Search User	1780467801143	1780467801234	OK	 
REQUEST		View Detail	1780467800688	1780467801234	OK	 
USER	Lab 06 - Browse and Search API	END	1780467801234
USER	Lab 06 - Browse and Search API	START	1780467801235
REQUEST		List Users	1780467800921	1780467801244	OK	 
REQUEST		List Users	1780467800640	1780467801253	OK	 
REQUEST		Search User	1780467801186	1780467801253	OK	 
REQUEST		List Users	1780467800968	1780467801253	OK	 
REQUEST		List Users	1780467800965	1780467801269	OK	 
REQUEST		Search User	1780467801223	1780467801269	OK	 
REQUEST		Search User	1780467801225	1780467801273	OK	 
REQUEST		List Users	1780467800968	1780467801275	OK	 
REQUEST		List Users	1780467800968	1780467801278	OK	 
REQUEST		List Users	1780467800968	1780467801288	OK	 
REQUEST		List Users	1780467800914	1780467801288	OK	 
REQUEST		List Users	1780467800914	1780467801290	OK	 
REQUEST		List Users	1780467800950	1780467801294	OK	 
REQUEST		List Users	1780467800956	1780467801294	OK	 
REQUEST		Search User	1780467801232	1780467801383	OK	 
REQUEST		List Users	1780467801102	1780467801388	OK	 
REQUEST		List Users	1780467801125	1780467801455	OK	 
REQUEST		Search User	1780467801431	1780467801475	OK	 
REQUEST		List Users	1780467801234	1780467801515	OK	 
REQUEST		Search User	1780467801627	1780467801675	OK	 
REQUEST		Search User	1780467801666	1780467801708	OK	 
REQUEST		Search User	1780467801681	1780467801727	OK	 
REQUEST		Search User	1780467801688	1780467801742	OK	 
REQUEST		Search User	1780467801726	1780467801779	OK	 
REQUEST		Search User	1780467801846	1780467801929	OK	 
REQUEST		Search User	1780467801850	1780467801932	OK	 
REQUEST		Search User	1780467801853	1780467801932	OK	 
REQUEST		Search User	1780467802010	1780467802066	OK	 
REQUEST		Search User	1780467802098	1780467802144	OK	 
REQUEST		View Detail	1780467802185	1780467802235	OK	 
USER	Lab 06 - Browse and Search API	END	1780467802235
USER	Lab 06 - Browse and Search API	START	1780467802235
REQUEST		List Users	1780467802235	1780467802384	OK	 
REQUEST		Search User	1780467802335	1780467802389	OK	 
REQUEST		Search User	1780467802324	1780467802389	OK	 
REQUEST		Search User	1780467802336	1780467802399	OK	 
REQUEST		Search User	1780467802398	1780467802445	OK	 
REQUEST		Search User	1780467802461	1780467802512	OK	 
REQUEST		Search User	1780467802461	1780467802516	OK	 
REQUEST		Search User	1780467802463	1780467802516	OK	 
REQUEST		Search User	1780467802463	1780467802516	OK	 
REQUEST		Search User	1780467802471	1780467802519	OK	 
REQUEST		Search User	1780467802469	1780467802521	OK	 
REQUEST		Search User	1780467802473	1780467802528	OK	 
REQUEST		Search User	1780467802472	1780467802530	OK	 
REQUEST		Search User	1780467802477	1780467802557	OK	 
REQUEST		Search User	1780467802475	1780467802561	OK	 
REQUEST		Search User	1780467802474	1780467802561	OK	 
REQUEST		Search User	1780467802610	1780467802650	OK	 
REQUEST		Search User	1780467802626	1780467802673	OK	 
REQUEST		Search User	1780467802626	1780467802673	OK	 
REQUEST		Search User	1780467802626	1780467802673	OK	 
REQUEST		Search User	1780467802626	1780467802690	OK	 
REQUEST		Search User	1780467802686	1780467802749	OK	 
REQUEST		Search User	1780467802687	1780467802749	OK	 
REQUEST		Search User	1780467802792	1780467802837	OK	 
REQUEST		Search User	1780467802806	1780467802855	OK	 
REQUEST		Search User	1780467802805	1780467802858	OK	 
REQUEST		Search User	1780467802945	1780467803041	OK	 
REQUEST		Search User	1780467802942	1780467803041	OK	 
REQUEST		Search User	1780467802941	1780467803044	OK	 
REQUEST		Search User	1780467802957	1780467803044	OK	 
REQUEST		Search User	1780467802940	1780467803044	OK	 
REQUEST		Search User	1780467802959	1780467803051	OK	 
REQUEST		Search User	1780467802954	1780467803051	OK	 
REQUEST		Search User	1780467802969	1780467803051	OK	 
REQUEST		Search User	1780467802920	1780467803051	OK	 
REQUEST		Search User	1780467802967	1780467803051	OK	 
REQUEST		Search User	1780467802931	1780467803056	OK	 
REQUEST		Search User	1780467803077	1780467803122	OK	 
REQUEST		View Detail	1780467803072	1780467803126	OK	 
REQUEST		View Detail	1780467803079	1780467803126	OK	 
REQUEST		Search User	1780467803077	1780467803126	OK	 
USER	Lab 06 - Browse and Search API	END	1780467803126
USER	Lab 06 - Browse and Search API	END	1780467803126
USER	Lab 06 - Browse and Search API	START	1780467803126
USER	Lab 06 - Browse and Search API	START	1780467803126
REQUEST		View Detail	1780467803080	1780467803131	OK	 
REQUEST		View Detail	1780467803076	1780467803131	OK	 
USER	Lab 06 - Browse and Search API	END	1780467803131
USER	Lab 06 - Browse and Search API	END	1780467803131
USER	Lab 06 - Browse and Search API	START	1780467803131
USER	Lab 06 - Browse and Search API	START	1780467803131
REQUEST		View Detail	1780467803077	1780467803135	OK	 
USER	Lab 06 - Browse and Search API	END	1780467803135
USER	Lab 06 - Browse and Search API	START	1780467803135
REQUEST		Search User	1780467803105	1780467803156	OK	 
REQUEST		View Detail	1780467803094	1780467803156	OK	 
USER	Lab 06 - Browse and Search API	END	1780467803157
USER	Lab 06 - Browse and Search API	START	1780467803157
REQUEST		Search User	1780467803119	1780467803165	OK	 
REQUEST		Search User	1780467803122	1780467803166	OK	 
REQUEST		Search User	1780467803096	1780467803166	OK	 
REQUEST		Search User	1780467803125	1780467803168	OK	 
REQUEST		Search User	1780467803101	1780467803170	OK	 
REQUEST		Search User	1780467803130	1780467803181	OK	 
REQUEST		Search User	1780467803135	1780467803181	OK	 
REQUEST		Search User	1780467803130	1780467803183	OK	 
REQUEST		View Detail	1780467803129	1780467803187	OK	 
USER	Lab 06 - Browse and Search API	END	1780467803187
USER	Lab 06 - Browse and Search API	START	1780467803187
REQUEST		View Detail	1780467803137	1780467803195	OK	 
USER	Lab 06 - Browse and Search API	END	1780467803195
USER	Lab 06 - Browse and Search API	START	1780467803196
REQUEST		Search User	1780467803209	1780467803261	OK	 
REQUEST		Search User	1780467803198	1780467803261	OK	 
REQUEST		Search User	1780467803212	1780467803265	OK	 
REQUEST		View Detail	1780467803208	1780467803269	OK	 
REQUEST		Search User	1780467803213	1780467803269	OK	 
REQUEST		Search User	1780467803211	1780467803269	OK	 
USER	Lab 06 - Browse and Search API	END	1780467803269
USER	Lab 06 - Browse and Search API	START	1780467803269
REQUEST		View Detail	1780467803211	1780467803271	OK	 
REQUEST		Search User	1780467803212	1780467803271	OK	 
USER	Lab 06 - Browse and Search API	END	1780467803271
USER	Lab 06 - Browse and Search API	START	1780467803271
REQUEST		Search User	1780467803232	1780467803274	OK	 
REQUEST		View Detail	1780467803232	1780467803277	OK	 
REQUEST		View Detail	1780467803231	1780467803277	OK	 
USER	Lab 06 - Browse and Search API	END	1780467803277
USER	Lab 06 - Browse and Search API	END	1780467803277
USER	Lab 06 - Browse and Search API	START	1780467803278
USER	Lab 06 - Browse and Search API	START	1780467803278
REQUEST		Search User	1780467803234	1780467803280	OK	 
REQUEST		Search User	1780467803234	1780467803280	OK	 
REQUEST		Search User	1780467803232	1780467803289	OK	 
REQUEST		View Detail	1780467803236	1780467803296	OK	 
USER	Lab 06 - Browse and Search API	END	1780467803296
USER	Lab 06 - Browse and Search API	START	1780467803296
REQUEST		Search User	1780467803245	1780467803305	OK	 
REQUEST		Search User	1780467803255	1780467803321	OK	 
REQUEST		View Detail	1780467803254	1780467803324	OK	 
REQUEST		List Users	1780467803126	1780467803324	OK	 
USER	Lab 06 - Browse and Search API	END	1780467803324
USER	Lab 06 - Browse and Search API	START	1780467803324
REQUEST		List Users	1780467803131	1780467803328	OK	 
REQUEST		List Users	1780467803135	1780467803328	OK	 
REQUEST		View Detail	1780467803270	1780467803335	OK	 
USER	Lab 06 - Browse and Search API	END	1780467803335
USER	Lab 06 - Browse and Search API	START	1780467803335
REQUEST		View Detail	1780467803274	1780467803337	OK	 
REQUEST		Search User	1780467803271	1780467803337	OK	 
USER	Lab 06 - Browse and Search API	END	1780467803337
USER	Lab 06 - Browse and Search API	START	1780467803337
REQUEST		Search User	1780467803276	1780467803340	OK	 
REQUEST		List Users	1780467803157	1780467803340	OK	 
REQUEST		Search User	1780467803254	1780467803344	OK	 
REQUEST		Search User	1780467803279	1780467803344	OK	 
REQUEST		List Users	1780467803126	1780467803346	OK	 
REQUEST		Search User	1780467803292	1780467803348	OK	 
REQUEST		Search User	1780467803288	1780467803348	OK	 
REQUEST		Search User	1780467803288	1780467803348	OK	 
REQUEST		Search User	1780467803295	1780467803348	OK	 
REQUEST		List Users	1780467803131	1780467803351	OK	 
REQUEST		Search User	1780467803296	1780467803358	OK	 
REQUEST		List Users	1780467803278	1780467803358	OK	 
REQUEST		List Users	1780467803195	1780467803396	OK	 
REQUEST		List Users	1780467803187	1780467803419	OK	 
REQUEST		List Users	1780467803296	1780467803424	OK	 
REQUEST		List Users	1780467803271	1780467803432	OK	 
REQUEST		List Users	1780467803277	1780467803436	OK	 
REQUEST		List Users	1780467803269	1780467803436	OK	 
REQUEST		View Detail	1780467803384	1780467803436	OK	 
USER	Lab 06 - Browse and Search API	END	1780467803437
USER	Lab 06 - Browse and Search API	START	1780467803437
REQUEST		Search User	1780467803390	1780467803448	OK	 
REQUEST		List Users	1780467803337	1780467803507	OK	 
REQUEST		Search User	1780467803456	1780467803516	OK	 
REQUEST		List Users	1780467803335	1780467803516	OK	 
REQUEST		List Users	1780467803324	1780467803518	OK	 
REQUEST		View Detail	1780467803475	1780467803524	OK	 
USER	Lab 06 - Browse and Search API	END	1780467803524
USER	Lab 06 - Browse and Search API	START	1780467803524
REQUEST		List Users	1780467803437	1780467803595	OK	 
REQUEST		Search User	1780467803516	1780467803614	OK	 
REQUEST		View Detail	1780467803676	1780467803733	OK	 
USER	Lab 06 - Browse and Search API	END	1780467803733
USER	Lab 06 - Browse and Search API	START	1780467803733
REQUEST		List Users	1780467803524	1780467803742	OK	 
REQUEST		View Detail	1780467803708	1780467803783	OK	 
REQUEST		View Detail	1780467803728	1780467803783	OK	 
USER	Lab 06 - Browse and Search API	END	1780467803783
USER	Lab 06 - Browse and Search API	END	1780467803783
USER	Lab 06 - Browse and Search API	START	1780467803784
USER	Lab 06 - Browse and Search API	START	1780467803784
REQUEST		View Detail	1780467803742	1780467803824	OK	 
USER	Lab 06 - Browse and Search API	END	1780467803825
USER	Lab 06 - Browse and Search API	START	1780467803825
REQUEST		View Detail	1780467803779	1780467803832	OK	 
USER	Lab 06 - Browse and Search API	END	1780467803832
USER	Lab 06 - Browse and Search API	START	1780467803832
REQUEST		List Users	1780467803733	1780467803919	OK	 
REQUEST		List Users	1780467803783	1780467803964	OK	 
REQUEST		List Users	1780467803783	1780467803965	OK	 
REQUEST		View Detail	1780467803929	1780467803975	OK	 
USER	Lab 06 - Browse and Search API	END	1780467803975
USER	Lab 06 - Browse and Search API	START	1780467803976
REQUEST		List Users	1780467803832	1780467803979	OK	 
REQUEST		View Detail	1780467803933	1780467803982	OK	 
USER	Lab 06 - Browse and Search API	END	1780467803982
USER	Lab 06 - Browse and Search API	START	1780467803982
REQUEST		View Detail	1780467803933	1780467803985	OK	 
USER	Lab 06 - Browse and Search API	END	1780467803985
USER	Lab 06 - Browse and Search API	START	1780467803985
REQUEST		List Users	1780467803825	1780467804010	OK	 
REQUEST		View Detail	1780467804066	1780467804136	OK	 
USER	Lab 06 - Browse and Search API	END	1780467804136
USER	Lab 06 - Browse and Search API	START	1780467804136
REQUEST		List Users	1780467803976	1780467804149	OK	 
REQUEST		List Users	1780467803982	1780467804151	OK	 
REQUEST		List Users	1780467803985	1780467804151	OK	 
REQUEST		View Detail	1780467804145	1780467804215	OK	 
USER	Lab 06 - Browse and Search API	END	1780467804215
USER	Lab 06 - Browse and Search API	START	1780467804215
REQUEST		List Users	1780467804136	1780467804372	OK	 
REQUEST		List Users	1780467804215	1780467804403	OK	 
REQUEST		Search User	1780467804385	1780467804436	OK	 
REQUEST		View Detail	1780467804390	1780467804436	OK	 
REQUEST		View Detail	1780467804390	1780467804436	OK	 
USER	Lab 06 - Browse and Search API	END	1780467804436
USER	Lab 06 - Browse and Search API	END	1780467804436
USER	Lab 06 - Browse and Search API	START	1780467804438
USER	Lab 06 - Browse and Search API	START	1780467804438
REQUEST		View Detail	1780467804399	1780467804446	OK	 
USER	Lab 06 - Browse and Search API	END	1780467804446
USER	Lab 06 - Browse and Search API	START	1780467804447
REQUEST		View Detail	1780467804446	1780467804495	OK	 
USER	Lab 06 - Browse and Search API	END	1780467804496
USER	Lab 06 - Browse and Search API	START	1780467804496
REQUEST		View Detail	1780467804513	1780467804559	OK	 
USER	Lab 06 - Browse and Search API	END	1780467804559
USER	Lab 06 - Browse and Search API	START	1780467804559
REQUEST		View Detail	1780467804518	1780467804565	OK	 
REQUEST		View Detail	1780467804518	1780467804565	OK	 
USER	Lab 06 - Browse and Search API	END	1780467804565
USER	Lab 06 - Browse and Search API	END	1780467804565
USER	Lab 06 - Browse and Search API	START	1780467804565
USER	Lab 06 - Browse and Search API	START	1780467804565
REQUEST		View Detail	1780467804522	1780467804572	OK	 
USER	Lab 06 - Browse and Search API	END	1780467804573
USER	Lab 06 - Browse and Search API	START	1780467804573
REQUEST		View Detail	1780467804517	1780467804578	OK	 
REQUEST		List Users	1780467804436	1780467804578	OK	 
USER	Lab 06 - Browse and Search API	END	1780467804578
USER	Lab 06 - Browse and Search API	START	1780467804578
REQUEST		View Detail	1780467804520	1780467804581	OK	 
USER	Lab 06 - Browse and Search API	END	1780467804581
USER	Lab 06 - Browse and Search API	START	1780467804581
REQUEST		View Detail	1780467804529	1780467804587	OK	 
USER	Lab 06 - Browse and Search API	END	1780467804587
USER	Lab 06 - Browse and Search API	START	1780467804587
REQUEST		View Detail	1780467804531	1780467804601	OK	 
USER	Lab 06 - Browse and Search API	END	1780467804601
USER	Lab 06 - Browse and Search API	START	1780467804601
REQUEST		List Users	1780467804447	1780467804653	OK	 
REQUEST		View Detail	1780467804562	1780467804668	OK	 
USER	Lab 06 - Browse and Search API	END	1780467804668
USER	Lab 06 - Browse and Search API	START	1780467804668
REQUEST		View Detail	1780467804559	1780467804670	OK	 
REQUEST		View Detail	1780467804562	1780467804670	OK	 
REQUEST		List Users	1780467804436	1780467804670	OK	 
USER	Lab 06 - Browse and Search API	END	1780467804670
USER	Lab 06 - Browse and Search API	END	1780467804670
USER	Lab 06 - Browse and Search API	START	1780467804670
USER	Lab 06 - Browse and Search API	START	1780467804670
REQUEST		List Users	1780467804496	1780467804703	OK	 
REQUEST		View Detail	1780467804651	1780467804713	OK	 
USER	Lab 06 - Browse and Search API	END	1780467804713
USER	Lab 06 - Browse and Search API	START	1780467804713
REQUEST		View Detail	1780467804674	1780467804719	OK	 
REQUEST		View Detail	1780467804673	1780467804719	OK	 
USER	Lab 06 - Browse and Search API	END	1780467804719
USER	Lab 06 - Browse and Search API	END	1780467804719
USER	Lab 06 - Browse and Search API	START	1780467804719
USER	Lab 06 - Browse and Search API	START	1780467804719
REQUEST		List Users	1780467804565	1780467804731	OK	 
REQUEST		List Users	1780467804573	1780467804744	OK	 
REQUEST		List Users	1780467804578	1780467804749	OK	 
REQUEST		List Users	1780467804559	1780467804751	OK	 
REQUEST		View Detail	1780467804674	1780467804751	OK	 
USER	Lab 06 - Browse and Search API	END	1780467804751
USER	Lab 06 - Browse and Search API	START	1780467804751
REQUEST		List Users	1780467804587	1780467804755	OK	 
REQUEST		List Users	1780467804581	1780467804757	OK	 
REQUEST		View Detail	1780467804690	1780467804757	OK	 
USER	Lab 06 - Browse and Search API	END	1780467804757
USER	Lab 06 - Browse and Search API	START	1780467804757
REQUEST		List Users	1780467804565	1780467804782	OK	 
REQUEST		List Users	1780467804601	1780467804785	OK	 
REQUEST		View Detail	1780467804750	1780467804823	OK	 
REQUEST		View Detail	1780467804750	1780467804823	OK	 
USER	Lab 06 - Browse and Search API	END	1780467804823
USER	Lab 06 - Browse and Search API	END	1780467804823
USER	Lab 06 - Browse and Search API	START	1780467804823
USER	Lab 06 - Browse and Search API	START	1780467804823
REQUEST		List Users	1780467804670	1780467804827	OK	 
REQUEST		List Users	1780467804670	1780467804831	OK	 
REQUEST		List Users	1780467804668	1780467804840	OK	 
REQUEST		List Users	1780467804713	1780467804868	OK	 
REQUEST		List Users	1780467804719	1780467804891	OK	 
REQUEST		View Detail	1780467804839	1780467804918	OK	 
USER	Lab 06 - Browse and Search API	END	1780467804918
USER	Lab 06 - Browse and Search API	START	1780467804918
REQUEST		View Detail	1780467804860	1780467804920	OK	 
REQUEST		List Users	1780467804757	1780467804920	OK	 
USER	Lab 06 - Browse and Search API	END	1780467804920
USER	Lab 06 - Browse and Search API	START	1780467804920
REQUEST		List Users	1780467804719	1780467804930	OK	 
REQUEST		View Detail	1780467804856	1780467804934	OK	 
USER	Lab 06 - Browse and Search API	END	1780467804934
USER	Lab 06 - Browse and Search API	START	1780467804934
REQUEST		List Users	1780467804823	1780467804996	OK	 
REQUEST		List Users	1780467804823	1780467804996	OK	 
REQUEST		List Users	1780467804751	1780467805018	OK	 
REQUEST		List Users	1780467804920	1780467805077	OK	 
REQUEST		List Users	1780467804918	1780467805077	OK	 
REQUEST		List Users	1780467804934	1780467805079	OK	 
REQUEST		View Detail	1780467805041	1780467805088	OK	 
USER	Lab 06 - Browse and Search API	END	1780467805088
USER	Lab 06 - Browse and Search API	START	1780467805089
REQUEST		View Detail	1780467805042	1780467805090	OK	 
REQUEST		View Detail	1780467805044	1780467805090	OK	 
USER	Lab 06 - Browse and Search API	END	1780467805090
REQUEST		View Detail	1780467805044	1780467805090	OK	 
USER	Lab 06 - Browse and Search API	END	1780467805090
USER	Lab 06 - Browse and Search API	START	1780467805091
USER	Lab 06 - Browse and Search API	END	1780467805091
USER	Lab 06 - Browse and Search API	START	1780467805091
USER	Lab 06 - Browse and Search API	START	1780467805091
REQUEST		View Detail	1780467805045	1780467805095	OK	 
USER	Lab 06 - Browse and Search API	END	1780467805095
USER	Lab 06 - Browse and Search API	START	1780467805095
REQUEST		View Detail	1780467805052	1780467805100	OK	 
USER	Lab 06 - Browse and Search API	END	1780467805100
USER	Lab 06 - Browse and Search API	START	1780467805100
REQUEST		View Detail	1780467805052	1780467805104	OK	 
REQUEST		View Detail	1780467805052	1780467805104	OK	 
REQUEST		View Detail	1780467805052	1780467805104	OK	 
REQUEST		View Detail	1780467805052	1780467805104	OK	 
USER	Lab 06 - Browse and Search API	END	1780467805104
USER	Lab 06 - Browse and Search API	END	1780467805104
USER	Lab 06 - Browse and Search API	END	1780467805104
USER	Lab 06 - Browse and Search API	END	1780467805104
USER	Lab 06 - Browse and Search API	START	1780467805104
USER	Lab 06 - Browse and Search API	START	1780467805104
USER	Lab 06 - Browse and Search API	START	1780467805104
USER	Lab 06 - Browse and Search API	START	1780467805104
REQUEST		View Detail	1780467805057	1780467805130	OK	 
USER	Lab 06 - Browse and Search API	END	1780467805130
USER	Lab 06 - Browse and Search API	START	1780467805130
REQUEST		View Detail	1780467805123	1780467805173	OK	 
USER	Lab 06 - Browse and Search API	END	1780467805173
USER	Lab 06 - Browse and Search API	START	1780467805174
REQUEST		View Detail	1780467805127	1780467805181	OK	 
USER	Lab 06 - Browse and Search API	END	1780467805181
USER	Lab 06 - Browse and Search API	START	1780467805181
REQUEST		View Detail	1780467805157	1780467805201	OK	 
USER	Lab 06 - Browse and Search API	END	1780467805201
USER	Lab 06 - Browse and Search API	START	1780467805202
REQUEST		View Detail	1780467805166	1780467805208	OK	 
USER	Lab 06 - Browse and Search API	END	1780467805209
USER	Lab 06 - Browse and Search API	START	1780467805209
REQUEST		List Users	1780467805091	1780467805218	OK	 
REQUEST		View Detail	1780467805166	1780467805222	OK	 
REQUEST		View Detail	1780467805167	1780467805222	OK	 
USER	Lab 06 - Browse and Search API	END	1780467805222
USER	Lab 06 - Browse and Search API	END	1780467805222
USER	Lab 06 - Browse and Search API	START	1780467805222
USER	Lab 06 - Browse and Search API	START	1780467805222
REQUEST		View Detail	1780467805182	1780467805287	OK	 
USER	Lab 06 - Browse and Search API	END	1780467805288
USER	Lab 06 - Browse and Search API	START	1780467805288
REQUEST		List Users	1780467805130	1780467805291	OK	 
REQUEST		View Detail	1780467805182	1780467805291	OK	 
REQUEST		List Users	1780467805104	1780467805291	OK	 
REQUEST		View Detail	1780467805184	1780467805291	OK	 
REQUEST		View Detail	1780467805169	1780467805291	OK	 
USER	Lab 06 - Browse and Search API	END	1780467805292
USER	Lab 06 - Browse and Search API	END	1780467805292
USER	Lab 06 - Browse and Search API	END	1780467805292
USER	Lab 06 - Browse and Search API	START	1780467805292
USER	Lab 06 - Browse and Search API	START	1780467805292
USER	Lab 06 - Browse and Search API	START	1780467805292
REQUEST		List Users	1780467805095	1780467805294	OK	 
REQUEST		List Users	1780467805090	1780467805296	OK	 
REQUEST		List Users	1780467805100	1780467805299	OK	 
REQUEST		List Users	1780467805104	1780467805303	OK	 
REQUEST		List Users	1780467805104	1780467805303	OK	 
REQUEST		List Users	1780467805089	1780467805304	OK	 
REQUEST		View Detail	1780467805170	1780467805308	OK	 
REQUEST		List Users	1780467805091	1780467805308	OK	 
USER	Lab 06 - Browse and Search API	END	1780467805308
USER	Lab 06 - Browse and Search API	START	1780467805308
REQUEST		List Users	1780467805104	1780467805310	OK	 
REQUEST		View Detail	1780467805262	1780467805310	OK	 
USER	Lab 06 - Browse and Search API	END	1780467805310
USER	Lab 06 - Browse and Search API	START	1780467805311
REQUEST		View Detail	1780467805262	1780467805317	OK	 
USER	Lab 06 - Browse and Search API	END	1780467805317
USER	Lab 06 - Browse and Search API	START	1780467805317
REQUEST		View Detail	1780467805274	1780467805321	OK	 
USER	Lab 06 - Browse and Search API	END	1780467805321
USER	Lab 06 - Browse and Search API	START	1780467805321
REQUEST		View Detail	1780467805266	1780467805326	OK	 
REQUEST		View Detail	1780467805270	1780467805326	OK	 
USER	Lab 06 - Browse and Search API	END	1780467805326
USER	Lab 06 - Browse and Search API	END	1780467805326
USER	Lab 06 - Browse and Search API	START	1780467805326
USER	Lab 06 - Browse and Search API	START	1780467805326
REQUEST		View Detail	1780467805271	1780467805334	OK	 
USER	Lab 06 - Browse and Search API	END	1780467805334
USER	Lab 06 - Browse and Search API	START	1780467805335
REQUEST		View Detail	1780467805272	1780467805337	OK	 
USER	Lab 06 - Browse and Search API	END	1780467805337
USER	Lab 06 - Browse and Search API	START	1780467805337
REQUEST		View Detail	1780467805280	1780467805366	OK	 
USER	Lab 06 - Browse and Search API	END	1780467805366
USER	Lab 06 - Browse and Search API	START	1780467805366
REQUEST		View Detail	1780467805281	1780467805375	OK	 
REQUEST		List Users	1780467805222	1780467805375	OK	 
USER	Lab 06 - Browse and Search API	END	1780467805375
USER	Lab 06 - Browse and Search API	START	1780467805375
REQUEST		View Detail	1780467805321	1780467805379	OK	 
USER	Lab 06 - Browse and Search API	END	1780467805379
USER	Lab 06 - Browse and Search API	START	1780467805379
REQUEST		List Users	1780467805209	1780467805381	OK	 
REQUEST		View Detail	1780467805306	1780467805381	OK	 
USER	Lab 06 - Browse and Search API	END	1780467805381
REQUEST		Search User	1780467805325	1780467805381	OK	 
REQUEST		View Detail	1780467805289	1780467805381	OK	 
USER	Lab 06 - Browse and Search API	START	1780467805381
USER	Lab 06 - Browse and Search API	END	1780467805381
USER	Lab 06 - Browse and Search API	START	1780467805382
REQUEST		Search User	1780467805359	1780467805445	OK	 
REQUEST		Search User	1780467805329	1780467805459	OK	 
REQUEST		View Detail	1780467805338	1780467805466	OK	 
USER	Lab 06 - Browse and Search API	END	1780467805466
REQUEST		Search User	1780467805329	1780467805466	OK	 
USER	Lab 06 - Browse and Search API	START	1780467805466
REQUEST		View Detail	1780467805344	1780467805469	OK	 
USER	Lab 06 - Browse and Search API	END	1780467805469
USER	Lab 06 - Browse and Search API	START	1780467805469
REQUEST		Search User	1780467805341	1780467805471	OK	 
REQUEST		Search User	1780467805425	1780467805471	OK	 
REQUEST		View Detail	1780467805340	1780467805471	OK	 
REQUEST		Search User	1780467805346	1780467805471	OK	 
REQUEST		List Users	1780467805181	1780467805471	OK	 
USER	Lab 06 - Browse and Search API	END	1780467805471
USER	Lab 06 - Browse and Search API	START	1780467805472
REQUEST		List Users	1780467805222	1780467805474	OK	 
REQUEST		View Detail	1780467805350	1780467805480	OK	 
USER	Lab 06 - Browse and Search API	END	1780467805480
REQUEST		List Users	1780467805202	1780467805480	OK	 
USER	Lab 06 - Browse and Search API	START	1780467805480
REQUEST		View Detail	1780467805359	1780467805483	OK	 
REQUEST		Search User	1780467805396	1780467805483	OK	 
REQUEST		View Detail	1780467805349	1780467805483	OK	 
REQUEST		View Detail	1780467805350	1780467805483	OK	 
USER	Lab 06 - Browse and Search API	END	1780467805483
USER	Lab 06 - Browse and Search API	END	1780467805483
USER	Lab 06 - Browse and Search API	END	1780467805483
USER	Lab 06 - Browse and Search API	START	1780467805483
USER	Lab 06 - Browse and Search API	START	1780467805483
USER	Lab 06 - Browse and Search API	START	1780467805483
REQUEST		Search User	1780467805432	1780467805485	OK	 
REQUEST		View Detail	1780467805345	1780467805485	OK	 
REQUEST		View Detail	1780467805350	1780467805485	OK	 
USER	Lab 06 - Browse and Search API	END	1780467805485
USER	Lab 06 - Browse and Search API	END	1780467805485
USER	Lab 06 - Browse and Search API	START	1780467805485
USER	Lab 06 - Browse and Search API	START	1780467805485
REQUEST		Search User	1780467805421	1780467805488	OK	 
REQUEST		List Users	1780467805174	1780467805490	OK	 
REQUEST		Search User	1780467805351	1780467805490	OK	 
REQUEST		Search User	1780467805437	1780467805574	OK	 
REQUEST		List Users	1780467805321	1780467805610	OK	 
REQUEST		Search User	1780467805438	1780467805610	OK	 
REQUEST		View Detail	1780467805449	1780467805610	OK	 
REQUEST		List Users	1780467805308	1780467805610	OK	 
REQUEST		List Users	1780467805326	1780467805610	OK	 
USER	Lab 06 - Browse and Search API	END	1780467805610
REQUEST		List Users	1780467805292	1780467805610	OK	 
REQUEST		Search User	1780467805508	1780467805610	OK	 
REQUEST		List Users	1780467805317	1780467805610	OK	 
REQUEST		List Users	1780467805292	1780467805610	OK	 
USER	Lab 06 - Browse and Search API	START	1780467805610
REQUEST		List Users	1780467805311	1780467805611	OK	 
REQUEST		List Users	1780467805292	1780467805611	OK	 
REQUEST		View Detail	1780467805517	1780467805623	OK	 
REQUEST		Search User	1780467805518	1780467805623	OK	 
REQUEST		Search User	1780467805520	1780467805623	OK	 
REQUEST		List Users	1780467805288	1780467805623	OK	 
REQUEST		List Users	1780467805326	1780467805624	OK	 
USER	Lab 06 - Browse and Search API	END	1780467805624
USER	Lab 06 - Browse and Search API	START	1780467805624
REQUEST		Search User	1780467805596	1780467805672	OK	 
REQUEST		List Users	1780467805375	1780467805672	OK	 
REQUEST		List Users	1780467805335	1780467805678	OK	 
REQUEST		List Users	1780467805381	1780467805685	OK	 
REQUEST		List Users	1780467805381	1780467805697	OK	 
REQUEST		List Users	1780467805379	1780467805707	OK	 
REQUEST		List Users	1780467805337	1780467805707	OK	 
REQUEST		View Detail	1780467805614	1780467805720	OK	 
REQUEST		List Users	1780467805366	1780467805720	OK	 
USER	Lab 06 - Browse and Search API	END	1780467805720
USER	Lab 06 - Browse and Search API	START	1780467805720
REQUEST		List Users	1780467805483	1780467805722	OK	 
REQUEST		List Users	1780467805466	1780467805727	OK	 
REQUEST		List Users	1780467805480	1780467805731	OK	 
REQUEST		List Users	1780467805483	1780467805731	OK	 
REQUEST		List Users	1780467805485	1780467805731	OK	 
REQUEST		List Users	1780467805471	1780467805790	OK	 
REQUEST		List Users	1780467805483	1780467805792	OK	 
REQUEST		List Users	1780467805485	1780467805794	OK	 
REQUEST		Search User	1780467805743	1780467805807	OK	 
REQUEST		List Users	1780467805610	1780467805809	OK	 
REQUEST		List Users	1780467805469	1780467805809	OK	 
REQUEST		List Users	1780467805720	1780467805860	OK	 
REQUEST		List Users	1780467805624	1780467805870	OK	 
REQUEST		Search User	1780467805920	1780467805981	OK	 
REQUEST		Search User	1780467805964	1780467806021	OK	 
REQUEST		Search User	1780467805967	1780467806037	OK	 
REQUEST		Search User	1780467805980	1780467806043	OK	 
REQUEST		Search User	1780467806011	1780467806071	OK	 
REQUEST		Search User	1780467806152	1780467806231	OK	 
REQUEST		Search User	1780467806150	1780467806231	OK	 
REQUEST		Search User	1780467806152	1780467806233	OK	 
REQUEST		Search User	1780467806373	1780467806424	OK	 
REQUEST		Search User	1780467806404	1780467806449	OK	 
REQUEST		View Detail	1780467806436	1780467806497	OK	 
USER	Lab 06 - Browse and Search API	END	1780467806497
USER	Lab 06 - Browse and Search API	START	1780467806498
REQUEST		Search User	1780467806579	1780467806621	OK	 
REQUEST		List Users	1780467806497	1780467806645	OK	 
REQUEST		Search User	1780467806654	1780467806710	OK	 
REQUEST		Search User	1780467806671	1780467806730	OK	 
REQUEST		Search User	1780467806704	1780467806752	OK	 
REQUEST		Search User	1780467806739	1780467806860	OK	 
REQUEST		Search User	1780467806745	1780467806860	OK	 
REQUEST		Search User	1780467806749	1780467806863	OK	 
REQUEST		Search User	1780467806757	1780467806912	OK	 
REQUEST		Search User	1780467806828	1780467806912	OK	 
REQUEST		Search User	1780467806752	1780467806912	OK	 
REQUEST		Search User	1780467806757	1780467806912	OK	 
REQUEST		Search User	1780467806868	1780467806914	OK	 
REQUEST		Search User	1780467806832	1780467806917	OK	 
REQUEST		Search User	1780467806783	1780467806917	OK	 
REQUEST		Search User	1780467806841	1780467806924	OK	 
REQUEST		Search User	1780467806786	1780467806926	OK	 
REQUEST		Search User	1780467806892	1780467806938	OK	 
REQUEST		Search User	1780467806921	1780467806980	OK	 
REQUEST		Search User	1780467806931	1780467807019	OK	 
REQUEST		Search User	1780467806997	1780467807039	OK	 
REQUEST		Search User	1780467806998	1780467807047	OK	 
REQUEST		Search User	1780467807019	1780467807093	OK	 
REQUEST		Search User	1780467807078	1780467807122	OK	 
REQUEST		Search User	1780467807080	1780467807129	OK	 
REQUEST		Search User	1780467807080	1780467807132	OK	 
REQUEST		Search User	1780467807220	1780467807297	OK	 
REQUEST		Search User	1780467807293	1780467807335	OK	 
REQUEST		Search User	1780467807292	1780467807342	OK	 
REQUEST		Search User	1780467807300	1780467807365	OK	 
REQUEST		Search User	1780467807296	1780467807365	OK	 
REQUEST		Search User	1780467807297	1780467807372	OK	 
REQUEST		Search User	1780467807304	1780467807372	OK	 
REQUEST		Search User	1780467807309	1780467807372	OK	 
REQUEST		Search User	1780467807305	1780467807372	OK	 
REQUEST		Search User	1780467807311	1780467807374	OK	 
REQUEST		Search User	1780467807305	1780467807374	OK	 
REQUEST		Search User	1780467807376	1780467807430	OK	 
REQUEST		Search User	1780467807382	1780467807430	OK	 
REQUEST		View Detail	1780467807382	1780467807431	OK	 
USER	Lab 06 - Browse and Search API	END	1780467807431
USER	Lab 06 - Browse and Search API	START	1780467807431
REQUEST		View Detail	1780467807446	1780467807485	OK	 
USER	Lab 06 - Browse and Search API	END	1780467807486
USER	Lab 06 - Browse and Search API	START	1780467807486
REQUEST		View Detail	1780467807460	1780467807512	OK	 
USER	Lab 06 - Browse and Search API	END	1780467807512
USER	Lab 06 - Browse and Search API	START	1780467807512
REQUEST		View Detail	1780467807466	1780467807518	OK	 
USER	Lab 06 - Browse and Search API	END	1780467807518
USER	Lab 06 - Browse and Search API	START	1780467807518
REQUEST		View Detail	1780467807472	1780467807520	OK	 
REQUEST		Search User	1780467807473	1780467807520	OK	 
USER	Lab 06 - Browse and Search API	END	1780467807520
USER	Lab 06 - Browse and Search API	START	1780467807520
REQUEST		View Detail	1780467807473	1780467807523	OK	 
REQUEST		View Detail	1780467807471	1780467807523	OK	 
USER	Lab 06 - Browse and Search API	END	1780467807523
USER	Lab 06 - Browse and Search API	END	1780467807523
REQUEST		Search User	1780467807476	1780467807523	OK	 
USER	Lab 06 - Browse and Search API	START	1780467807523
USER	Lab 06 - Browse and Search API	START	1780467807524
REQUEST		View Detail	1780467807486	1780467807538	OK	 
REQUEST		Search User	1780467807481	1780467807538	OK	 
USER	Lab 06 - Browse and Search API	END	1780467807538
USER	Lab 06 - Browse and Search API	START	1780467807538
REQUEST		View Detail	1780467807484	1780467807540	OK	 
USER	Lab 06 - Browse and Search API	END	1780467807540
USER	Lab 06 - Browse and Search API	START	1780467807540
REQUEST		View Detail	1780467807491	1780467807544	OK	 
USER	Lab 06 - Browse and Search API	END	1780467807544
USER	Lab 06 - Browse and Search API	START	1780467807544
REQUEST		Search User	1780467807491	1780467807547	OK	 
REQUEST		View Detail	1780467807489	1780467807552	OK	 
USER	Lab 06 - Browse and Search API	END	1780467807552
USER	Lab 06 - Browse and Search API	START	1780467807553
REQUEST		List Users	1780467807431	1780467807601	OK	 
REQUEST		Search User	1780467807611	1780467807659	OK	 
REQUEST		Search User	1780467807611	1780467807661	OK	 
REQUEST		Search User	1780467807611	1780467807661	OK	 
REQUEST		View Detail	1780467807575	1780467807661	OK	 
REQUEST		Search User	1780467807612	1780467807661	OK	 
USER	Lab 06 - Browse and Search API	END	1780467807661
USER	Lab 06 - Browse and Search API	START	1780467807661
REQUEST		Search User	1780467807611	1780467807663	OK	 
REQUEST		Search User	1780467807612	1780467807663	OK	 
REQUEST		List Users	1780467807486	1780467807663	OK	 
REQUEST		List Users	1780467807512	1780467807675	OK	 
REQUEST		View Detail	1780467807612	1780467807675	OK	 
REQUEST		View Detail	1780467807611	1780467807675	OK	 
REQUEST		Search User	1780467807612	1780467807675	OK	 
USER	Lab 06 - Browse and Search API	END	1780467807675
USER	Lab 06 - Browse and Search API	END	1780467807675
REQUEST		Search User	1780467807611	1780467807675	OK	 
USER	Lab 06 - Browse and Search API	START	1780467807676
USER	Lab 06 - Browse and Search API	START	1780467807676
REQUEST		Search User	1780467807625	1780467807680	OK	 
REQUEST		View Detail	1780467807625	1780467807694	OK	 
REQUEST		View Detail	1780467807625	1780467807694	OK	 
REQUEST		Search User	1780467807625	1780467807694	OK	 
USER	Lab 06 - Browse and Search API	END	1780467807695
USER	Lab 06 - Browse and Search API	END	1780467807695
USER	Lab 06 - Browse and Search API	START	1780467807695
USER	Lab 06 - Browse and Search API	START	1780467807695
REQUEST		List Users	1780467807523	1780467807702	OK	 
REQUEST		List Users	1780467807520	1780467807704	OK	 
REQUEST		List Users	1780467807552	1780467807711	OK	 
REQUEST		List Users	1780467807518	1780467807714	OK	 
REQUEST		View Detail	1780467807673	1780467807768	OK	 
REQUEST		Search User	1780467807673	1780467807768	OK	 
USER	Lab 06 - Browse and Search API	END	1780467807769
USER	Lab 06 - Browse and Search API	START	1780467807769
REQUEST		Search User	1780467807728	1780467807770	OK	 
REQUEST		Search User	1780467807708	1780467807777	OK	 
REQUEST		Search User	1780467807698	1780467807777	OK	 
REQUEST		Search User	1780467807679	1780467807777	OK	 
REQUEST		Search User	1780467807723	1780467807777	OK	 
REQUEST		Search User	1780467807685	1780467807777	OK	 
REQUEST		Search User	1780467807732	1780467807780	OK	 
REQUEST		Search User	1780467807732	1780467807780	OK	 
REQUEST		List Users	1780467807523	1780467807780	OK	 
REQUEST		List Users	1780467807538	1780467807782	OK	 
REQUEST		List Users	1780467807544	1780467807782	OK	 
REQUEST		Search User	1780467807721	1780467807782	OK	 
REQUEST		Search User	1780467807708	1780467807784	OK	 
REQUEST		Search User	1780467807732	1780467807784	OK	 
REQUEST		List Users	1780467807540	1780467807793	OK	 
REQUEST		View Detail	1780467807808	1780467807891	OK	 
REQUEST		Search User	1780467807790	1780467807891	OK	 
USER	Lab 06 - Browse and Search API	END	1780467807891
USER	Lab 06 - Browse and Search API	START	1780467807892
REQUEST		Search User	1780467807810	1780467807895	OK	 
REQUEST		Search User	1780467807792	1780467807901	OK	 
REQUEST		Search User	1780467807795	1780467807901	OK	 
REQUEST		Search User	1780467807810	1780467807908	OK	 
REQUEST		Search User	1780467807861	1780467807997	OK	 
REQUEST		List Users	1780467807661	1780467808002	OK	 
REQUEST		List Users	1780467807695	1780467808002	OK	 
REQUEST		List Users	1780467807695	1780467808004	OK	 
REQUEST		List Users	1780467807676	1780467808023	OK	 
REQUEST		List Users	1780467807676	1780467808023	OK	 
REQUEST		Search User	1780467807871	1780467808023	OK	 
REQUEST		View Detail	1780467808044	1780467808089	OK	 
USER	Lab 06 - Browse and Search API	END	1780467808090
USER	Lab 06 - Browse and Search API	START	1780467808090
REQUEST		View Detail	1780467807982	1780467808094	OK	 
USER	Lab 06 - Browse and Search API	END	1780467808094
USER	Lab 06 - Browse and Search API	START	1780467808094
REQUEST		View Detail	1780467808038	1780467808096	OK	 
USER	Lab 06 - Browse and Search API	END	1780467808096
USER	Lab 06 - Browse and Search API	START	1780467808096
REQUEST		View Detail	1780467808021	1780467808099	OK	 
USER	Lab 06 - Browse and Search API	END	1780467808099
USER	Lab 06 - Browse and Search API	START	1780467808099
REQUEST		List Users	1780467807769	1780467808110	OK	 
REQUEST		View Detail	1780467808072	1780467808157	OK	 
REQUEST		List Users	1780467807891	1780467808157	OK	 
USER	Lab 06 - Browse and Search API	END	1780467808157
USER	Lab 06 - Browse and Search API	START	1780467808157
REQUEST		List Users	1780467808094	1780467808274	OK	 
REQUEST		List Users	1780467808099	1780467808274	OK	 
REQUEST		List Users	1780467808090	1780467808276	OK	 
REQUEST		List Users	1780467808096	1780467808287	OK	 
REQUEST		View Detail	1780467808233	1780467808370	OK	 
REQUEST		View Detail	1780467808231	1780467808370	OK	 
USER	Lab 06 - Browse and Search API	END	1780467808370
USER	Lab 06 - Browse and Search API	END	1780467808370
USER	Lab 06 - Browse and Search API	START	1780467808370
USER	Lab 06 - Browse and Search API	START	1780467808370
REQUEST		View Detail	1780467808232	1780467808376	OK	 
USER	Lab 06 - Browse and Search API	END	1780467808376
USER	Lab 06 - Browse and Search API	START	1780467808376
REQUEST		List Users	1780467808157	1780467808381	OK	 
REQUEST		View Detail	1780467808425	1780467808478	OK	 
USER	Lab 06 - Browse and Search API	END	1780467808479
USER	Lab 06 - Browse and Search API	START	1780467808479
REQUEST		View Detail	1780467808450	1780467808496	OK	 
USER	Lab 06 - Browse and Search API	END	1780467808497
USER	Lab 06 - Browse and Search API	START	1780467808497
REQUEST		List Users	1780467808370	1780467808550	OK	 
REQUEST		List Users	1780467808370	1780467808552	OK	 
REQUEST		List Users	1780467808376	1780467808569	OK	 
REQUEST		View Detail	1780467808622	1780467808747	OK	 
REQUEST		Search User	1780467808647	1780467808747	OK	 
USER	Lab 06 - Browse and Search API	END	1780467808747
USER	Lab 06 - Browse and Search API	START	1780467808748
REQUEST		View Detail	1780467808710	1780467808762	OK	 
USER	Lab 06 - Browse and Search API	END	1780467808762
USER	Lab 06 - Browse and Search API	START	1780467808762
REQUEST		View Detail	1780467808731	1780467808793	OK	 
USER	Lab 06 - Browse and Search API	END	1780467808793
USER	Lab 06 - Browse and Search API	START	1780467808794
REQUEST		List Users	1780467808497	1780467808799	OK	 
REQUEST		List Users	1780467808479	1780467808803	OK	 
REQUEST		View Detail	1780467808752	1780467808803	OK	 
USER	Lab 06 - Browse and Search API	END	1780467808803
USER	Lab 06 - Browse and Search API	START	1780467808804
REQUEST		View Detail	1780467808861	1780467808917	OK	 
REQUEST		View Detail	1780467808864	1780467808917	OK	 
REQUEST		View Detail	1780467808861	1780467808917	OK	 
USER	Lab 06 - Browse and Search API	END	1780467808917
USER	Lab 06 - Browse and Search API	END	1780467808917
USER	Lab 06 - Browse and Search API	END	1780467808917
USER	Lab 06 - Browse and Search API	START	1780467808918
USER	Lab 06 - Browse and Search API	START	1780467808918
USER	Lab 06 - Browse and Search API	START	1780467808918
REQUEST		View Detail	1780467808915	1780467808962	OK	 
REQUEST		List Users	1780467808762	1780467808962	OK	 
REQUEST		View Detail	1780467808913	1780467808962	OK	 
REQUEST		View Detail	1780467808912	1780467808962	OK	 
REQUEST		View Detail	1780467808912	1780467808963	OK	 
REQUEST		View Detail	1780467808912	1780467808963	OK	 
USER	Lab 06 - Browse and Search API	END	1780467808963
USER	Lab 06 - Browse and Search API	END	1780467808963
USER	Lab 06 - Browse and Search API	END	1780467808963
USER	Lab 06 - Browse and Search API	END	1780467808963
USER	Lab 06 - Browse and Search API	END	1780467808963
USER	Lab 06 - Browse and Search API	START	1780467808963
USER	Lab 06 - Browse and Search API	START	1780467808963
USER	Lab 06 - Browse and Search API	START	1780467808963
USER	Lab 06 - Browse and Search API	START	1780467808963
USER	Lab 06 - Browse and Search API	START	1780467808963
REQUEST		List Users	1780467808794	1780467808971	OK	 
REQUEST		View Detail	1780467808918	1780467808973	OK	 
REQUEST		View Detail	1780467808918	1780467808973	OK	 
USER	Lab 06 - Browse and Search API	END	1780467808973
USER	Lab 06 - Browse and Search API	END	1780467808973
USER	Lab 06 - Browse and Search API	START	1780467808974
USER	Lab 06 - Browse and Search API	START	1780467808974
REQUEST		View Detail	1780467808927	1780467808981	OK	 
USER	Lab 06 - Browse and Search API	END	1780467808981
USER	Lab 06 - Browse and Search API	START	1780467808981
REQUEST		View Detail	1780467808938	1780467808985	OK	 
REQUEST		View Detail	1780467808925	1780467808985	OK	 
USER	Lab 06 - Browse and Search API	END	1780467808985
USER	Lab 06 - Browse and Search API	END	1780467808985
USER	Lab 06 - Browse and Search API	START	1780467808985
USER	Lab 06 - Browse and Search API	START	1780467808985
REQUEST		List Users	1780467808748	1780467808992	OK	 
REQUEST		List Users	1780467808803	1780467809012	OK	 
REQUEST		View Detail	1780467808981	1780467809044	OK	 
USER	Lab 06 - Browse and Search API	END	1780467809044
USER	Lab 06 - Browse and Search API	START	1780467809044
REQUEST		List Users	1780467808917	1780467809051	OK	 
REQUEST		List Users	1780467808917	1780467809053	OK	 
REQUEST		List Users	1780467808917	1780467809058	OK	 
REQUEST		View Detail	1780467809021	1780467809084	OK	 
USER	Lab 06 - Browse and Search API	END	1780467809084
USER	Lab 06 - Browse and Search API	START	1780467809084
REQUEST		List Users	1780467808973	1780467809152	OK	 
REQUEST		View Detail	1780467809041	1780467809152	OK	 
USER	Lab 06 - Browse and Search API	END	1780467809153
USER	Lab 06 - Browse and Search API	START	1780467809153
REQUEST		List Users	1780467808985	1780467809157	OK	 
REQUEST		List Users	1780467808963	1780467809160	OK	 
REQUEST		List Users	1780467808963	1780467809160	OK	 
REQUEST		List Users	1780467808963	1780467809161	OK	 
REQUEST		View Detail	1780467809048	1780467809161	OK	 
USER	Lab 06 - Browse and Search API	END	1780467809161
USER	Lab 06 - Browse and Search API	START	1780467809161
REQUEST		List Users	1780467808963	1780467809167	OK	 
REQUEST		List Users	1780467808963	1780467809169	OK	 
REQUEST		View Detail	1780467809122	1780467809173	OK	 
USER	Lab 06 - Browse and Search API	END	1780467809174
USER	Lab 06 - Browse and Search API	START	1780467809174
REQUEST		View Detail	1780467809094	1780467809176	OK	 
USER	Lab 06 - Browse and Search API	END	1780467809176
USER	Lab 06 - Browse and Search API	START	1780467809176
REQUEST		View Detail	1780467809130	1780467809178	OK	 
USER	Lab 06 - Browse and Search API	END	1780467809178
USER	Lab 06 - Browse and Search API	START	1780467809178
REQUEST		View Detail	1780467809133	1780467809181	OK	 
USER	Lab 06 - Browse and Search API	END	1780467809181
USER	Lab 06 - Browse and Search API	START	1780467809181
REQUEST		List Users	1780467809044	1780467809270	OK	 
REQUEST		List Users	1780467809084	1780467809272	OK	 
REQUEST		List Users	1780467808985	1780467809274	OK	 
REQUEST		List Users	1780467808973	1780467809278	OK	 
REQUEST		List Users	1780467808981	1780467809286	OK	 
REQUEST		View Detail	1780467809299	1780467809375	OK	 
USER	Lab 06 - Browse and Search API	END	1780467809375
USER	Lab 06 - Browse and Search API	START	1780467809375
REQUEST		View Detail	1780467809337	1780467809386	OK	 
USER	Lab 06 - Browse and Search API	END	1780467809386
USER	Lab 06 - Browse and Search API	START	1780467809386
REQUEST		View Detail	1780467809343	1780467809399	OK	 
USER	Lab 06 - Browse and Search API	END	1780467809399
USER	Lab 06 - Browse and Search API	START	1780467809400
REQUEST		View Detail	1780467809431	1780467809515	OK	 
REQUEST		List Users	1780467809181	1780467809515	OK	 
REQUEST		List Users	1780467809174	1780467809515	OK	 
REQUEST		View Detail	1780467809431	1780467809515	OK	 
USER	Lab 06 - Browse and Search API	END	1780467809515
REQUEST		List Users	1780467809153	1780467809515	OK	 
USER	Lab 06 - Browse and Search API	END	1780467809515
USER	Lab 06 - Browse and Search API	START	1780467809515
USER	Lab 06 - Browse and Search API	START	1780467809516
REQUEST		View Detail	1780467809366	1780467809523	OK	 
REQUEST		View Detail	1780467809366	1780467809523	OK	 
REQUEST		View Detail	1780467809373	1780467809523	OK	 
REQUEST		View Detail	1780467809373	1780467809523	OK	 
REQUEST		List Users	1780467809161	1780467809523	OK	 
USER	Lab 06 - Browse and Search API	END	1780467809523
USER	Lab 06 - Browse and Search API	END	1780467809523
USER	Lab 06 - Browse and Search API	END	1780467809523
USER	Lab 06 - Browse and Search API	END	1780467809523
USER	Lab 06 - Browse and Search API	START	1780467809523
USER	Lab 06 - Browse and Search API	START	1780467809523
USER	Lab 06 - Browse and Search API	START	1780467809523
USER	Lab 06 - Browse and Search API	START	1780467809523
REQUEST		View Detail	1780467809373	1780467809525	OK	 
REQUEST		View Detail	1780467809375	1780467809525	OK	 
REQUEST		View Detail	1780467809376	1780467809525	OK	 
REQUEST		List Users	1780467809176	1780467809525	OK	 
USER	Lab 06 - Browse and Search API	END	1780467809525
USER	Lab 06 - Browse and Search API	END	1780467809525
USER	Lab 06 - Browse and Search API	END	1780467809525
USER	Lab 06 - Browse and Search API	START	1780467809525
USER	Lab 06 - Browse and Search API	START	1780467809525
USER	Lab 06 - Browse and Search API	START	1780467809525
REQUEST		List Users	1780467809178	1780467809529	OK	 
REQUEST		View Detail	1780467809373	1780467809529	OK	 
USER	Lab 06 - Browse and Search API	END	1780467809529
USER	Lab 06 - Browse and Search API	START	1780467809529
REQUEST		View Detail	1780467809524	1780467809589	OK	 
REQUEST		View Detail	1780467809521	1780467809589	OK	 
USER	Lab 06 - Browse and Search API	END	1780467809589
USER	Lab 06 - Browse and Search API	END	1780467809589
USER	Lab 06 - Browse and Search API	START	1780467809589
USER	Lab 06 - Browse and Search API	START	1780467809589
REQUEST		View Detail	1780467809539	1780467809596	OK	 
USER	Lab 06 - Browse and Search API	END	1780467809596
USER	Lab 06 - Browse and Search API	START	1780467809596
REQUEST		List Users	1780467809375	1780467809698	OK	 
REQUEST		List Users	1780467809386	1780467809702	OK	 
REQUEST		View Detail	1780467809547	1780467809707	OK	 
REQUEST		List Users	1780467809400	1780467809707	OK	 
USER	Lab 06 - Browse and Search API	END	1780467809707
USER	Lab 06 - Browse and Search API	START	1780467809707
REQUEST		View Detail	1780467809659	1780467809719	OK	 
USER	Lab 06 - Browse and Search API	END	1780467809719
USER	Lab 06 - Browse and Search API	START	1780467809719
REQUEST		Search User	1780467809601	1780467809723	OK	 
REQUEST		View Detail	1780467809662	1780467809723	OK	 
USER	Lab 06 - Browse and Search API	END	1780467809723
USER	Lab 06 - Browse and Search API	START	1780467809723
REQUEST		List Users	1780467809523	1780467809736	OK	 
REQUEST		View Detail	1780467809663	1780467809739	OK	 
REQUEST		View Detail	1780467809663	1780467809739	OK	 
REQUEST		View Detail	1780467809664	1780467809739	OK	 
USER	Lab 06 - Browse and Search API	END	1780467809739
USER	Lab 06 - Browse and Search API	END	1780467809739
USER	Lab 06 - Browse and Search API	END	1780467809739
USER	Lab 06 - Browse and Search API	START	1780467809739
USER	Lab 06 - Browse and Search API	START	1780467809739
USER	Lab 06 - Browse and Search API	START	1780467809739
REQUEST		View Detail	1780467809681	1780467809741	OK	 
USER	Lab 06 - Browse and Search API	END	1780467809741
USER	Lab 06 - Browse and Search API	START	1780467809741
REQUEST		List Users	1780467809525	1780467809743	OK	 
REQUEST		List Users	1780467809529	1780467809743	OK	 
REQUEST		View Detail	1780467809665	1780467809745	OK	 
USER	Lab 06 - Browse and Search API	END	1780467809745
USER	Lab 06 - Browse and Search API	START	1780467809745
REQUEST		List Users	1780467809515	1780467809749	OK	 
REQUEST		List Users	1780467809515	1780467809749	OK	 
REQUEST		Search User	1780467809676	1780467809749	OK	 
REQUEST		Search User	1780467809664	1780467809749	OK	 
REQUEST		View Detail	1780467809676	1780467809749	OK	 
REQUEST		View Detail	1780467809676	1780467809749	OK	 
USER	Lab 06 - Browse and Search API	END	1780467809749
USER	Lab 06 - Browse and Search API	END	1780467809749
USER	Lab 06 - Browse and Search API	START	1780467809750
USER	Lab 06 - Browse and Search API	START	1780467809750
REQUEST		List Users	1780467809523	1780467809756	OK	 
REQUEST		Search User	1780467809703	1780467809756	OK	 
REQUEST		Search User	1780467809705	1780467809771	OK	 
REQUEST		Search User	1780467809712	1780467809771	OK	 
REQUEST		List Users	1780467809523	1780467809771	OK	 
REQUEST		View Detail	1780467809695	1780467809780	OK	 
REQUEST		List Users	1780467809525	1780467809780	OK	 
USER	Lab 06 - Browse and Search API	END	1780467809780
REQUEST		List Users	1780467809523	1780467809780	OK	 
REQUEST		Search User	1780467809715	1780467809780	OK	 
USER	Lab 06 - Browse and Search API	START	1780467809780
REQUEST		List Users	1780467809525	1780467809796	OK	 
REQUEST		View Detail	1780467809769	1780467809834	OK	 
REQUEST		View Detail	1780467809772	1780467809834	OK	 
USER	Lab 06 - Browse and Search API	END	1780467809834
REQUEST		List Users	1780467809589	1780467809834	OK	 
USER	Lab 06 - Browse and Search API	END	1780467809834
USER	Lab 06 - Browse and Search API	START	1780467809834
USER	Lab 06 - Browse and Search API	START	1780467809834
REQUEST		View Detail	1780467809779	1780467809848	OK	 
REQUEST		List Users	1780467809596	1780467809848	OK	 
REQUEST		View Detail	1780467809779	1780467809848	OK	 
USER	Lab 06 - Browse and Search API	END	1780467809848
USER	Lab 06 - Browse and Search API	END	1780467809848
USER	Lab 06 - Browse and Search API	START	1780467809848
USER	Lab 06 - Browse and Search API	START	1780467809849
REQUEST		View Detail	1780467809781	1780467809850	OK	 
REQUEST		View Detail	1780467809779	1780467809850	OK	 
REQUEST		View Detail	1780467809778	1780467809850	OK	 
REQUEST		View Detail	1780467809778	1780467809850	OK	 
REQUEST		List Users	1780467809589	1780467809850	OK	 
USER	Lab 06 - Browse and Search API	END	1780467809850
USER	Lab 06 - Browse and Search API	END	1780467809850
USER	Lab 06 - Browse and Search API	END	1780467809850
REQUEST		View Detail	1780467809784	1780467809850	OK	 
REQUEST		Search User	1780467809780	1780467809850	OK	 
USER	Lab 06 - Browse and Search API	END	1780467809850
USER	Lab 06 - Browse and Search API	END	1780467809850
USER	Lab 06 - Browse and Search API	START	1780467809850
USER	Lab 06 - Browse and Search API	START	1780467809851
USER	Lab 06 - Browse and Search API	START	1780467809851
USER	Lab 06 - Browse and Search API	START	1780467809851
USER	Lab 06 - Browse and Search API	START	1780467809851
REQUEST		View Detail	1780467809785	1780467809853	OK	 
REQUEST		View Detail	1780467809785	1780467809853	OK	 
REQUEST		Search User	1780467809783	1780467809853	OK	 
REQUEST		Search User	1780467809794	1780467809853	OK	 
USER	Lab 06 - Browse and Search API	END	1780467809853
USER	Lab 06 - Browse and Search API	END	1780467809853
REQUEST		Search User	1780467809784	1780467809853	OK	 
USER	Lab 06 - Browse and Search API	START	1780467809853
USER	Lab 06 - Browse and Search API	START	1780467809853
REQUEST		View Detail	1780467809782	1780467809864	OK	 
USER	Lab 06 - Browse and Search API	END	1780467809864
USER	Lab 06 - Browse and Search API	START	1780467809864
REQUEST		List Users	1780467809707	1780467809890	OK	 
REQUEST		List Users	1780467809739	1780467809919	OK	 
REQUEST		List Users	1780467809723	1780467809925	OK	 
REQUEST		View Detail	1780467809892	1780467809950	OK	 
REQUEST		View Detail	1780467809896	1780467809950	OK	 
USER	Lab 06 - Browse and Search API	END	1780467809950
USER	Lab 06 - Browse and Search API	END	1780467809950
USER	Lab 06 - Browse and Search API	START	1780467809951
USER	Lab 06 - Browse and Search API	START	1780467809951
REQUEST		List Users	1780467809719	1780467809955	OK	 
REQUEST		List Users	1780467809741	1780467809967	OK	 
REQUEST		List Users	1780467809780	1780467809967	OK	 
REQUEST		List Users	1780467809750	1780467809969	OK	 
REQUEST		View Detail	1780467809901	1780467809971	OK	 
REQUEST		View Detail	1780467809901	1780467809971	OK	 
REQUEST		View Detail	1780467809908	1780467809971	OK	 
USER	Lab 06 - Browse and Search API	END	1780467809971
USER	Lab 06 - Browse and Search API	END	1780467809971
USER	Lab 06 - Browse and Search API	END	1780467809971
USER	Lab 06 - Browse and Search API	START	1780467809971
USER	Lab 06 - Browse and Search API	START	1780467809971
USER	Lab 06 - Browse and Search API	START	1780467809971
REQUEST		List Users	1780467809739	1780467809973	OK	 
REQUEST		List Users	1780467809739	1780467809996	OK	 
REQUEST		List Users	1780467809745	1780467809996	OK	 
REQUEST		List Users	1780467809750	1780467809999	OK	 
REQUEST		List Users	1780467809853	1780467810031	OK	 
REQUEST		List Users	1780467809848	1780467810031	OK	 
REQUEST		List Users	1780467809850	1780467810033	OK	 
REQUEST		List Users	1780467809853	1780467810037	OK	 
REQUEST		List Users	1780467809850	1780467810037	OK	 
REQUEST		List Users	1780467809850	1780467810039	OK	 
REQUEST		List Users	1780467809851	1780467810039	OK	 
REQUEST		List Users	1780467809848	1780467810041	OK	 
REQUEST		List Users	1780467809864	1780467810041	OK	 
REQUEST		List Users	1780467809834	1780467810051	OK	 
REQUEST		List Users	1780467809834	1780467810051	OK	 
REQUEST		View Detail	1780467809997	1780467810053	OK	 
REQUEST		List Users	1780467809851	1780467810053	OK	 
REQUEST		Search User	1780467810003	1780467810053	OK	 
REQUEST		Search User	1780467810003	1780467810053	OK	 
USER	Lab 06 - Browse and Search API	END	1780467810053
USER	Lab 06 - Browse and Search API	START	1780467810054
REQUEST		Search User	1780467810005	1780467810057	OK	 
REQUEST		Search User	1780467810023	1780467810093	OK	 
REQUEST		Search User	1780467810023	1780467810099	OK	 
REQUEST		View Detail	1780467810024	1780467810104	OK	 
USER	Lab 06 - Browse and Search API	END	1780467810104
USER	Lab 06 - Browse and Search API	START	1780467810104
REQUEST		List Users	1780467809971	1780467810179	OK	 
REQUEST		List Users	1780467809971	1780467810186	OK	 
REQUEST		List Users	1780467809950	1780467810188	OK	 
REQUEST		List Users	1780467809971	1780467810190	OK	 
REQUEST		Search User	1780467810157	1780467810205	OK	 
REQUEST		List Users	1780467809950	1780467810211	OK	 
REQUEST		Search User	1780467810111	1780467810221	OK	 
REQUEST		List Users	1780467810054	1780467810240	OK	 
REQUEST		List Users	1780467810104	1780467810260	OK	 
REQUEST		Search User	1780467810276	1780467810322	OK	 
REQUEST		Search User	1780467810274	1780467810326	OK	 
REQUEST		Search User	1780467810277	1780467810337	OK	 
REQUEST		Search User	1780467810288	1780467810344	OK	 
REQUEST		Search User	1780467810382	1780467810440	OK	 
REQUEST		Search User	1780467810552	1780467810599	OK	 
REQUEST		Search User	1780467810553	1780467810601	OK	 
REQUEST		Search User	1780467810570	1780467810641	OK	 
REQUEST		View Detail	1780467810748	1780467810798	OK	 
USER	Lab 06 - Browse and Search API	END	1780467810798
USER	Lab 06 - Browse and Search API	START	1780467810798
REQUEST		Search User	1780467810800	1780467810853	OK	 
REQUEST		Search User	1780467810804	1780467810853	OK	 
REQUEST		List Users	1780467810798	1780467810971	OK	 
REQUEST		Search User	1780467810964	1780467811051	OK	 
REQUEST		Search User	1780467810972	1780467811051	OK	 
REQUEST		Search User	1780467810993	1780467811062	OK	 
REQUEST		Search User	1780467811053	1780467811104	OK	 
REQUEST		Search User	1780467811013	1780467811104	OK	 
REQUEST		Search User	1780467811054	1780467811107	OK	 
REQUEST		Search User	1780467811060	1780467811107	OK	 
REQUEST		Search User	1780467811153	1780467811195	OK	 
REQUEST		Search User	1780467811158	1780467811218	OK	 
REQUEST		Search User	1780467811161	1780467811222	OK	 
REQUEST		Search User	1780467811161	1780467811222	OK	 
REQUEST		Search User	1780467811168	1780467811227	OK	 
REQUEST		Search User	1780467811162	1780467811227	OK	 
REQUEST		Search User	1780467811170	1780467811232	OK	 
REQUEST		Search User	1780467811271	1780467811318	OK	 
REQUEST		Search User	1780467811273	1780467811321	OK	 
REQUEST		Search User	1780467811275	1780467811321	OK	 
REQUEST		Search User	1780467811279	1780467811327	OK	 
REQUEST		Search User	1780467811287	1780467811442	OK	 
REQUEST		Search User	1780467811516	1780467811574	OK	 
REQUEST		Search User	1780467811524	1780467811580	OK	 
REQUEST		Search User	1780467811516	1780467811580	OK	 
REQUEST		Search User	1780467811526	1780467811580	OK	 
REQUEST		Search User	1780467811517	1780467811582	OK	 
REQUEST		Search User	1780467811530	1780467811588	OK	 
REQUEST		Search User	1780467811699	1780467811755	OK	 
REQUEST		Search User	1780467811703	1780467811755	OK	 
REQUEST		Search User	1780467811707	1780467811758	OK	 
REQUEST		View Detail	1780467811723	1780467811770	OK	 
USER	Lab 06 - Browse and Search API	END	1780467811770
USER	Lab 06 - Browse and Search API	START	1780467811770
REQUEST		Search User	1780467811739	1780467811786	OK	 
REQUEST		Search User	1780467811744	1780467811788	OK	 
REQUEST		Search User	1780467811743	1780467811794	OK	 
REQUEST		View Detail	1780467811757	1780467811820	OK	 
REQUEST		View Detail	1780467811750	1780467811820	OK	 
REQUEST		Search User	1780467811750	1780467811820	OK	 
REQUEST		Search User	1780467811751	1780467811820	OK	 
USER	Lab 06 - Browse and Search API	END	1780467811820
USER	Lab 06 - Browse and Search API	END	1780467811820
USER	Lab 06 - Browse and Search API	START	1780467811821
USER	Lab 06 - Browse and Search API	START	1780467811821
REQUEST		View Detail	1780467811750	1780467811822	OK	 
REQUEST		View Detail	1780467811772	1780467811822	OK	 
USER	Lab 06 - Browse and Search API	END	1780467811822
REQUEST		Search User	1780467811757	1780467811822	OK	 
USER	Lab 06 - Browse and Search API	END	1780467811823
USER	Lab 06 - Browse and Search API	START	1780467811823
USER	Lab 06 - Browse and Search API	START	1780467811823
REQUEST		View Detail	1780467811773	1780467811830	OK	 
USER	Lab 06 - Browse and Search API	END	1780467811830
USER	Lab 06 - Browse and Search API	START	1780467811830
REQUEST		View Detail	1780467811781	1780467811832	OK	 
USER	Lab 06 - Browse and Search API	END	1780467811832
USER	Lab 06 - Browse and Search API	START	1780467811832
REQUEST		Search User	1780467811781	1780467811839	OK	 
REQUEST		Search User	1780467811773	1780467811841	OK	 
REQUEST		Search User	1780467811781	1780467811841	OK	 
REQUEST		Search User	1780467811798	1780467811860	OK	 
REQUEST		Search User	1780467811835	1780467811892	OK	 
REQUEST		Search User	1780467811851	1780467811908	OK	 
REQUEST		Search User	1780467811849	1780467811908	OK	 
REQUEST		View Detail	1780467811854	1780467811923	OK	 
REQUEST		View Detail	1780467811853	1780467811923	OK	 
REQUEST		View Detail	1780467811851	1780467811923	OK	 
REQUEST		View Detail	1780467811854	1780467811923	OK	 
USER	Lab 06 - Browse and Search API	END	1780467811923
USER	Lab 06 - Browse and Search API	END	1780467811923
USER	Lab 06 - Browse and Search API	END	1780467811923
USER	Lab 06 - Browse and Search API	END	1780467811923
USER	Lab 06 - Browse and Search API	START	1780467811923
USER	Lab 06 - Browse and Search API	START	1780467811923
USER	Lab 06 - Browse and Search API	START	1780467811923
USER	Lab 06 - Browse and Search API	START	1780467811923
REQUEST		Search User	1780467811892	1780467811954	OK	 
REQUEST		List Users	1780467811770	1780467811954	OK	 
REQUEST		Search User	1780467811920	1780467812015	OK	 
REQUEST		Search User	1780467811968	1780467812019	OK	 
REQUEST		Search User	1780467811968	1780467812025	OK	 
REQUEST		Search User	1780467811970	1780467812027	OK	 
REQUEST		Search User	1780467811926	1780467812027	OK	 
REQUEST		List Users	1780467811820	1780467812027	OK	 
REQUEST		Search User	1780467811973	1780467812029	OK	 
REQUEST		List Users	1780467811832	1780467812029	OK	 
REQUEST		List Users	1780467811823	1780467812031	OK	 
REQUEST		Search User	1780467811957	1780467812031	OK	 
REQUEST		List Users	1780467811820	1780467812031	OK	 
REQUEST		List Users	1780467811823	1780467812033	OK	 
REQUEST		List Users	1780467811830	1780467812033	OK	 
REQUEST		Search User	1780467811997	1780467812053	OK	 
REQUEST		Search User	1780467811997	1780467812055	OK	 
REQUEST		Search User	1780467812000	1780467812057	OK	 
REQUEST		Search User	1780467812038	1780467812088	OK	 
REQUEST		Search User	1780467812038	1780467812090	OK	 
REQUEST		Search User	1780467812031	1780467812092	OK	 
REQUEST		Search User	1780467812039	1780467812095	OK	 
REQUEST		Search User	1780467812034	1780467812095	OK	 
REQUEST		Search User	1780467812042	1780467812095	OK	 
REQUEST		Search User	1780467812033	1780467812096	OK	 
REQUEST		Search User	1780467812041	1780467812098	OK	 
REQUEST		View Detail	1780467812054	1780467812098	OK	 
USER	Lab 06 - Browse and Search API	END	1780467812099
USER	Lab 06 - Browse and Search API	START	1780467812099
REQUEST		List Users	1780467811923	1780467812100	OK	 
REQUEST		Search User	1780467812042	1780467812100	OK	 
REQUEST		View Detail	1780467812055	1780467812103	OK	 
USER	Lab 06 - Browse and Search API	END	1780467812103
USER	Lab 06 - Browse and Search API	START	1780467812103
REQUEST		View Detail	1780467812057	1780467812116	OK	 
REQUEST		Search User	1780467812052	1780467812116	OK	 
REQUEST		Search User	1780467812052	1780467812116	OK	 
REQUEST		Search User	1780467812054	1780467812116	OK	 
USER	Lab 06 - Browse and Search API	END	1780467812117
USER	Lab 06 - Browse and Search API	START	1780467812117
REQUEST		View Detail	1780467812100	1780467812152	OK	 
USER	Lab 06 - Browse and Search API	END	1780467812152
USER	Lab 06 - Browse and Search API	START	1780467812153
REQUEST		View Detail	1780467812094	1780467812155	OK	 
USER	Lab 06 - Browse and Search API	END	1780467812155
USER	Lab 06 - Browse and Search API	START	1780467812155
REQUEST		List Users	1780467811923	1780467812157	OK	 
REQUEST		List Users	1780467811923	1780467812158	OK	 
REQUEST		List Users	1780467811923	1780467812160	OK	 
REQUEST		List Users	1780467812103	1780467812226	OK	 
REQUEST		Search User	1780467812180	1780467812226	OK	 
REQUEST		Search User	1780467812187	1780467812235	OK	 
REQUEST		Search User	1780467812190	1780467812280	OK	 
REQUEST		Search User	1780467812211	1780467812283	OK	 
REQUEST		List Users	1780467812117	1780467812283	OK	 
REQUEST		Search User	1780467812190	1780467812283	OK	 
REQUEST		View Detail	1780467812205	1780467812286	OK	 
USER	Lab 06 - Browse and Search API	END	1780467812286
USER	Lab 06 - Browse and Search API	START	1780467812286
REQUEST		Search User	1780467812242	1780467812289	OK	 
REQUEST		List Users	1780467812099	1780467812292	OK	 
REQUEST		View Detail	1780467812222	1780467812332	OK	 
USER	Lab 06 - Browse and Search API	END	1780467812332
USER	Lab 06 - Browse and Search API	START	1780467812333
REQUEST		View Detail	1780467812322	1780467812399	OK	 
REQUEST		List Users	1780467812153	1780467812399	OK	 
REQUEST		Search User	1780467812261	1780467812399	OK	 
USER	Lab 06 - Browse and Search API	END	1780467812399
USER	Lab 06 - Browse and Search API	START	1780467812399
REQUEST		View Detail	1780467812327	1780467812404	OK	 
USER	Lab 06 - Browse and Search API	END	1780467812404
USER	Lab 06 - Browse and Search API	START	1780467812404
REQUEST		List Users	1780467812155	1780467812406	OK	 
REQUEST		View Detail	1780467812337	1780467812406	OK	 
USER	Lab 06 - Browse and Search API	END	1780467812406
USER	Lab 06 - Browse and Search API	START	1780467812406
REQUEST		View Detail	1780467812345	1780467812412	OK	 
USER	Lab 06 - Browse and Search API	END	1780467812412
USER	Lab 06 - Browse and Search API	START	1780467812413
REQUEST		List Users	1780467812332	1780467812493	OK	 
REQUEST		View Detail	1780467812440	1780467812503	OK	 
USER	Lab 06 - Browse and Search API	END	1780467812503
USER	Lab 06 - Browse and Search API	START	1780467812504
REQUEST		List Users	1780467812286	1780467812534	OK	 
REQUEST		List Users	1780467812399	1780467812557	OK	 
REQUEST		List Users	1780467812413	1780467812557	OK	 
REQUEST		List Users	1780467812406	1780467812594	OK	 
REQUEST		List Users	1780467812404	1780467812594	OK	 
REQUEST		View Detail	1780467812600	1780467812671	OK	 
REQUEST		List Users	1780467812503	1780467812671	OK	 
USER	Lab 06 - Browse and Search API	END	1780467812671
USER	Lab 06 - Browse and Search API	START	1780467812672
REQUEST		View Detail	1780467812603	1780467812676	OK	 
USER	Lab 06 - Browse and Search API	END	1780467812676
USER	Lab 06 - Browse and Search API	START	1780467812677
REQUEST		View Detail	1780467812642	1780467812750	OK	 
USER	Lab 06 - Browse and Search API	END	1780467812750
USER	Lab 06 - Browse and Search API	START	1780467812750
REQUEST		List Users	1780467812677	1780467812811	OK	 
REQUEST		List Users	1780467812672	1780467812837	OK	 
REQUEST		List Users	1780467812750	1780467812884	OK	 
REQUEST		View Detail	1780467812854	1780467812911	OK	 
USER	Lab 06 - Browse and Search API	END	1780467812912
USER	Lab 06 - Browse and Search API	START	1780467812912
REQUEST		View Detail	1780467812854	1780467812914	OK	 
USER	Lab 06 - Browse and Search API	END	1780467812915
USER	Lab 06 - Browse and Search API	START	1780467812915
REQUEST		Search User	1780467812972	1780467813043	OK	 
REQUEST		List Users	1780467812915	1780467813074	OK	 
REQUEST		List Users	1780467812912	1780467813075	OK	 
REQUEST		View Detail	1780467813051	1780467813106	OK	 
REQUEST		View Detail	1780467813053	1780467813106	OK	 
USER	Lab 06 - Browse and Search API	END	1780467813106
USER	Lab 06 - Browse and Search API	END	1780467813106
USER	Lab 06 - Browse and Search API	START	1780467813106
USER	Lab 06 - Browse and Search API	START	1780467813106
REQUEST		View Detail	1780467813063	1780467813118	OK	 
USER	Lab 06 - Browse and Search API	END	1780467813118
USER	Lab 06 - Browse and Search API	START	1780467813118
REQUEST		View Detail	1780467813108	1780467813152	OK	 
REQUEST		View Detail	1780467813106	1780467813152	OK	 
USER	Lab 06 - Browse and Search API	END	1780467813152
USER	Lab 06 - Browse and Search API	END	1780467813152
USER	Lab 06 - Browse and Search API	START	1780467813153
USER	Lab 06 - Browse and Search API	START	1780467813153
REQUEST		View Detail	1780467813105	1780467813158	OK	 
USER	Lab 06 - Browse and Search API	END	1780467813158
USER	Lab 06 - Browse and Search API	START	1780467813158
REQUEST		View Detail	1780467813108	1780467813160	OK	 
USER	Lab 06 - Browse and Search API	END	1780467813160
USER	Lab 06 - Browse and Search API	START	1780467813161
REQUEST		List Users	1780467813106	1780467813226	OK	 
REQUEST		List Users	1780467813106	1780467813248	OK	 
REQUEST		View Detail	1780467813196	1780467813250	OK	 
USER	Lab 06 - Browse and Search API	END	1780467813250
USER	Lab 06 - Browse and Search API	START	1780467813250
REQUEST		View Detail	1780467813218	1780467813272	OK	 
USER	Lab 06 - Browse and Search API	END	1780467813272
USER	Lab 06 - Browse and Search API	START	1780467813273
REQUEST		View Detail	1780467813222	1780467813274	OK	 
USER	Lab 06 - Browse and Search API	END	1780467813274
USER	Lab 06 - Browse and Search API	START	1780467813274
REQUEST		View Detail	1780467813228	1780467813278	OK	 
REQUEST		View Detail	1780467813224	1780467813278	OK	 
USER	Lab 06 - Browse and Search API	END	1780467813278
USER	Lab 06 - Browse and Search API	END	1780467813278
USER	Lab 06 - Browse and Search API	START	1780467813278
USER	Lab 06 - Browse and Search API	START	1780467813278
REQUEST		View Detail	1780467813228	1780467813282	OK	 
USER	Lab 06 - Browse and Search API	END	1780467813282
USER	Lab 06 - Browse and Search API	START	1780467813282
REQUEST		List Users	1780467813118	1780467813291	OK	 
REQUEST		List Users	1780467813158	1780467813291	OK	 
REQUEST		List Users	1780467813153	1780467813294	OK	 
REQUEST		View Detail	1780467813232	1780467813294	OK	 
REQUEST		List Users	1780467813153	1780467813294	OK	 
USER	Lab 06 - Browse and Search API	END	1780467813294
USER	Lab 06 - Browse and Search API	START	1780467813294
REQUEST		List Users	1780467813160	1780467813297	OK	 
REQUEST		View Detail	1780467813318	1780467813366	OK	 
USER	Lab 06 - Browse and Search API	END	1780467813367
USER	Lab 06 - Browse and Search API	START	1780467813367
REQUEST		View Detail	1780467813322	1780467813369	OK	 
REQUEST		View Detail	1780467813321	1780467813369	OK	 
USER	Lab 06 - Browse and Search API	END	1780467813369
USER	Lab 06 - Browse and Search API	END	1780467813369
USER	Lab 06 - Browse and Search API	START	1780467813369
USER	Lab 06 - Browse and Search API	START	1780467813369
REQUEST		View Detail	1780467813327	1780467813387	OK	 
USER	Lab 06 - Browse and Search API	END	1780467813387
USER	Lab 06 - Browse and Search API	START	1780467813387
REQUEST		List Users	1780467813274	1780467813458	OK	 
REQUEST		List Users	1780467813250	1780467813470	OK	 
REQUEST		List Users	1780467813282	1780467813470	OK	 
REQUEST		List Users	1780467813278	1780467813479	OK	 
REQUEST		List Users	1780467813272	1780467813479	OK	 
REQUEST		List Users	1780467813278	1780467813479	OK	 
REQUEST		View Detail	1780467813443	1780467813500	OK	 
USER	Lab 06 - Browse and Search API	END	1780467813501
USER	Lab 06 - Browse and Search API	START	1780467813501
REQUEST		List Users	1780467813369	1780467813536	OK	 
REQUEST		List Users	1780467813294	1780467813538	OK	 
REQUEST		List Users	1780467813387	1780467813544	OK	 
REQUEST		List Users	1780467813369	1780467813565	OK	 
REQUEST		List Users	1780467813367	1780467813567	OK	 
REQUEST		View Detail	1780467813576	1780467813628	OK	 
USER	Lab 06 - Browse and Search API	END	1780467813628
USER	Lab 06 - Browse and Search API	START	1780467813629
REQUEST		View Detail	1780467813581	1780467813653	OK	 
USER	Lab 06 - Browse and Search API	END	1780467813653
USER	Lab 06 - Browse and Search API	START	1780467813654
REQUEST		View Detail	1780467813584	1780467813661	OK	 
REQUEST		View Detail	1780467813581	1780467813661	OK	 
USER	Lab 06 - Browse and Search API	END	1780467813662
USER	Lab 06 - Browse and Search API	END	1780467813662
USER	Lab 06 - Browse and Search API	START	1780467813662
USER	Lab 06 - Browse and Search API	START	1780467813662
REQUEST		View Detail	1780467813589	1780467813669	OK	 
USER	Lab 06 - Browse and Search API	END	1780467813669
USER	Lab 06 - Browse and Search API	START	1780467813669
REQUEST		View Detail	1780467813581	1780467813672	OK	 
REQUEST		List Users	1780467813501	1780467813672	OK	 
USER	Lab 06 - Browse and Search API	END	1780467813672
USER	Lab 06 - Browse and Search API	START	1780467813673
REQUEST		View Detail	1780467813759	1780467813812	OK	 
USER	Lab 06 - Browse and Search API	END	1780467813812
USER	Lab 06 - Browse and Search API	START	1780467813812
REQUEST		View Detail	1780467813756	1780467813819	OK	 
REQUEST		View Detail	1780467813757	1780467813819	OK	 
USER	Lab 06 - Browse and Search API	END	1780467813820
USER	Lab 06 - Browse and Search API	END	1780467813820
USER	Lab 06 - Browse and Search API	START	1780467813820
USER	Lab 06 - Browse and Search API	START	1780467813820
REQUEST		List Users	1780467813629	1780467813823	OK	 
REQUEST		View Detail	1780467813788	1780467813831	OK	 
USER	Lab 06 - Browse and Search API	END	1780467813831
USER	Lab 06 - Browse and Search API	START	1780467813831
REQUEST		View Detail	1780467813789	1780467813833	OK	 
USER	Lab 06 - Browse and Search API	END	1780467813833
USER	Lab 06 - Browse and Search API	START	1780467813833
REQUEST		List Users	1780467813653	1780467813878	OK	 
REQUEST		View Detail	1780467813794	1780467813878	OK	 
REQUEST		List Users	1780467813662	1780467813878	OK	 
USER	Lab 06 - Browse and Search API	END	1780467813878
USER	Lab 06 - Browse and Search API	START	1780467813878
REQUEST		List Users	1780467813669	1780467813882	OK	 
REQUEST		List Users	1780467813672	1780467813887	OK	 
REQUEST		View Detail	1780467813822	1780467813899	OK	 
REQUEST		View Detail	1780467813822	1780467813899	OK	 
USER	Lab 06 - Browse and Search API	END	1780467813899
USER	Lab 06 - Browse and Search API	END	1780467813899
USER	Lab 06 - Browse and Search API	START	1780467813899
USER	Lab 06 - Browse and Search API	START	1780467813899
REQUEST		View Detail	1780467813824	1780467813905	OK	 
USER	Lab 06 - Browse and Search API	END	1780467813905
USER	Lab 06 - Browse and Search API	START	1780467813905
REQUEST		List Users	1780467813662	1780467813907	OK	 
REQUEST		View Detail	1780467813842	1780467813907	OK	 
REQUEST		View Detail	1780467813840	1780467813908	OK	 
USER	Lab 06 - Browse and Search API	END	1780467813908
USER	Lab 06 - Browse and Search API	END	1780467813908
USER	Lab 06 - Browse and Search API	START	1780467813908
USER	Lab 06 - Browse and Search API	START	1780467813908
REQUEST		View Detail	1780467813841	1780467813911	OK	 
USER	Lab 06 - Browse and Search API	END	1780467813911
USER	Lab 06 - Browse and Search API	START	1780467813911
REQUEST		View Detail	1780467813861	1780467813921	OK	 
USER	Lab 06 - Browse and Search API	END	1780467813921
USER	Lab 06 - Browse and Search API	START	1780467813921
REQUEST		View Detail	1780467813909	1780467813989	OK	 
REQUEST		View Detail	1780467813893	1780467813989	OK	 
USER	Lab 06 - Browse and Search API	END	1780467813989
USER	Lab 06 - Browse and Search API	END	1780467813989
USER	Lab 06 - Browse and Search API	START	1780467813989
USER	Lab 06 - Browse and Search API	START	1780467813989
REQUEST		View Detail	1780467813909	1780467813992	OK	 
USER	Lab 06 - Browse and Search API	END	1780467813992
USER	Lab 06 - Browse and Search API	START	1780467813992
REQUEST		View Detail	1780467813955	1780467814008	OK	 
REQUEST		List Users	1780467813812	1780467814008	OK	 
USER	Lab 06 - Browse and Search API	END	1780467814008
USER	Lab 06 - Browse and Search API	START	1780467814008
REQUEST		Search User	1780467813954	1780467814011	OK	 
REQUEST		List Users	1780467813820	1780467814093	OK	 
REQUEST		List Users	1780467813833	1780467814093	OK	 
REQUEST		List Users	1780467813820	1780467814095	OK	 
REQUEST		List Users	1780467813878	1780467814098	OK	 
REQUEST		View Detail	1780467814016	1780467814110	OK	 
REQUEST		List Users	1780467813831	1780467814110	OK	 
REQUEST		Search User	1780467814029	1780467814110	OK	 
USER	Lab 06 - Browse and Search API	END	1780467814110
REQUEST		View Detail	1780467814020	1780467814110	OK	 
USER	Lab 06 - Browse and Search API	END	1780467814110
USER	Lab 06 - Browse and Search API	START	1780467814110
USER	Lab 06 - Browse and Search API	START	1780467814110
REQUEST		Search User	1780467814030	1780467814131	OK	 
REQUEST		View Detail	1780467814026	1780467814131	OK	 
USER	Lab 06 - Browse and Search API	END	1780467814131
USER	Lab 06 - Browse and Search API	START	1780467814131
REQUEST		View Detail	1780467814028	1780467814137	OK	 
USER	Lab 06 - Browse and Search API	END	1780467814137
USER	Lab 06 - Browse and Search API	START	1780467814137
REQUEST		View Detail	1780467814032	1780467814141	OK	 
REQUEST		View Detail	1780467814054	1780467814141	OK	 
REQUEST		View Detail	1780467814028	1780467814141	OK	 
USER	Lab 06 - Browse and Search API	END	1780467814141
USER	Lab 06 - Browse and Search API	END	1780467814141
USER	Lab 06 - Browse and Search API	END	1780467814141
USER	Lab 06 - Browse and Search API	START	1780467814142
USER	Lab 06 - Browse and Search API	START	1780467814142
USER	Lab 06 - Browse and Search API	START	1780467814142
REQUEST		Search User	1780467814034	1780467814143	OK	 
REQUEST		View Detail	1780467814030	1780467814143	OK	 
REQUEST		Search User	1780467814034	1780467814143	OK	 
REQUEST		View Detail	1780467814058	1780467814143	OK	 
REQUEST		Search User	1780467814033	1780467814143	OK	 
USER	Lab 06 - Browse and Search API	END	1780467814143
USER	Lab 06 - Browse and Search API	END	1780467814143
USER	Lab 06 - Browse and Search API	START	1780467814143
USER	Lab 06 - Browse and Search API	START	1780467814143
REQUEST		View Detail	1780467814056	1780467814145	OK	 
REQUEST		Search User	1780467814032	1780467814145	OK	 
USER	Lab 06 - Browse and Search API	END	1780467814145
USER	Lab 06 - Browse and Search API	START	1780467814145
REQUEST		List Users	1780467813911	1780467814287	OK	 
REQUEST		View Detail	1780467814089	1780467814287	OK	 
REQUEST		View Detail	1780467814227	1780467814287	OK	 
REQUEST		View Detail	1780467814236	1780467814287	OK	 
REQUEST		Search User	1780467814227	1780467814287	OK	 
REQUEST		Search User	1780467814159	1780467814287	OK	 
USER	Lab 06 - Browse and Search API	END	1780467814287
REQUEST		Search User	1780467814102	1780467814287	OK	 
USER	Lab 06 - Browse and Search API	END	1780467814287
USER	Lab 06 - Browse and Search API	END	1780467814287
USER	Lab 06 - Browse and Search API	START	1780467814288
USER	Lab 06 - Browse and Search API	START	1780467814288
USER	Lab 06 - Browse and Search API	START	1780467814288
REQUEST		View Detail	1780467814097	1780467814289	OK	 
REQUEST		View Detail	1780467814093	1780467814289	OK	 
USER	Lab 06 - Browse and Search API	END	1780467814289
USER	Lab 06 - Browse and Search API	END	1780467814289
USER	Lab 06 - Browse and Search API	START	1780467814289
USER	Lab 06 - Browse and Search API	START	1780467814290
REQUEST		View Detail	1780467814096	1780467814296	OK	 
REQUEST		View Detail	1780467814097	1780467814296	OK	 
REQUEST		View Detail	1780467814092	1780467814296	OK	 
REQUEST		Search User	1780467814159	1780467814296	OK	 
USER	Lab 06 - Browse and Search API	END	1780467814296
USER	Lab 06 - Browse and Search API	END	1780467814296
USER	Lab 06 - Browse and Search API	END	1780467814296
USER	Lab 06 - Browse and Search API	START	1780467814296
USER	Lab 06 - Browse and Search API	START	1780467814296
USER	Lab 06 - Browse and Search API	START	1780467814296
REQUEST		List Users	1780467813921	1780467814298	OK	 
REQUEST		View Detail	1780467814102	1780467814298	OK	 
REQUEST		View Detail	1780467814097	1780467814298	OK	 
USER	Lab 06 - Browse and Search API	END	1780467814298
USER	Lab 06 - Browse and Search API	END	1780467814298
REQUEST		View Detail	1780467814117	1780467814298	OK	 
USER	Lab 06 - Browse and Search API	START	1780467814298
USER	Lab 06 - Browse and Search API	START	1780467814298
USER	Lab 06 - Browse and Search API	END	1780467814298
USER	Lab 06 - Browse and Search API	START	1780467814298
REQUEST		List Users	1780467813908	1780467814310	OK	 
REQUEST		List Users	1780467813905	1780467814310	OK	 
REQUEST		View Detail	1780467814099	1780467814327	OK	 
REQUEST		List Users	1780467813908	1780467814327	OK	 
REQUEST		View Detail	1780467814117	1780467814327	OK	 
REQUEST		View Detail	1780467814117	1780467814327	OK	 
REQUEST		List Users	1780467813899	1780467814327	OK	 
USER	Lab 06 - Browse and Search API	END	1780467814327
USER	Lab 06 - Browse and Search API	END	1780467814327
USER	Lab 06 - Browse and Search API	END	1780467814327
REQUEST		Search User	1780467814160	1780467814327	OK	 
REQUEST		List Users	1780467813989	1780467814327	OK	 
USER	Lab 06 - Browse and Search API	START	1780467814327
USER	Lab 06 - Browse and Search API	START	1780467814327
USER	Lab 06 - Browse and Search API	START	1780467814327
REQUEST		List Users	1780467813899	1780467814342	OK	 
REQUEST		List Users	1780467814008	1780467814342	OK	 
REQUEST		Search User	1780467814284	1780467814358	OK	 
REQUEST		View Detail	1780467814285	1780467814358	OK	 
REQUEST		View Detail	1780467814282	1780467814358	OK	 
USER	Lab 06 - Browse and Search API	END	1780467814358
USER	Lab 06 - Browse and Search API	END	1780467814358
REQUEST		View Detail	1780467814284	1780467814358	OK	 
USER	Lab 06 - Browse and Search API	END	1780467814358
REQUEST		View Detail	1780467814290	1780467814358	OK	 
USER	Lab 06 - Browse and Search API	START	1780467814358
USER	Lab 06 - Browse and Search API	START	1780467814358
USER	Lab 06 - Browse and Search API	END	1780467814358
USER	Lab 06 - Browse and Search API	START	1780467814358
USER	Lab 06 - Browse and Search API	START	1780467814358
REQUEST		List Users	1780467813989	1780467814389	OK	 
REQUEST		List Users	1780467813992	1780467814390	OK	 
REQUEST		Search User	1780467814292	1780467814390	OK	 
REQUEST		List Users	1780467814137	1780467814390	OK	 
REQUEST		List Users	1780467814142	1780467814390	OK	 
REQUEST		List Users	1780467814327	1780467814390	OK	 
REQUEST		List Users	1780467814141	1780467814390	OK	 
REQUEST		List Users	1780467814131	1780467814405	OK	 
REQUEST		List Users	1780467814143	1780467814405	OK	 
REQUEST		List Users	1780467814110	1780467814405	OK	 
REQUEST		List Users	1780467814110	1780467814405	OK	 
REQUEST		List Users	1780467814145	1780467814405	OK	 
REQUEST		List Users	1780467814143	1780467814418	OK	 
REQUEST		List Users	1780467814142	1780467814440	OK	 
REQUEST		List Users	1780467814327	1780467814474	OK	 
REQUEST		View Detail	1780467814400	1780467814475	OK	 
USER	Lab 06 - Browse and Search API	END	1780467814475
USER	Lab 06 - Browse and Search API	START	1780467814475
REQUEST		List Users	1780467814298	1780467814477	OK	 
REQUEST		List Users	1780467814298	1780467814477	OK	 
REQUEST		List Users	1780467814287	1780467814479	OK	 
REQUEST		Search User	1780467814407	1780467814479	OK	 
REQUEST		List Users	1780467814296	1780467814479	OK	 
REQUEST		Search User	1780467814400	1780467814481	OK	 
REQUEST		List Users	1780467814298	1780467814481	OK	 
REQUEST		List Users	1780467814287	1780467814481	OK	 
REQUEST		List Users	1780467814289	1780467814485	OK	 
REQUEST		List Users	1780467814287	1780467814485	OK	 
REQUEST		List Users	1780467814289	1780467814487	OK	 
REQUEST		List Users	1780467814296	1780467814489	OK	 
REQUEST		List Users	1780467814296	1780467814489	OK	 
REQUEST		List Users	1780467814358	1780467814539	OK	 
REQUEST		List Users	1780467814358	1780467814539	OK	 
REQUEST		List Users	1780467814358	1780467814541	OK	 
REQUEST		List Users	1780467814327	1780467814541	OK	 
REQUEST		List Users	1780467814358	1780467814543	OK	 
REQUEST		Search User	1780467814495	1780467814582	OK	 
REQUEST		Search User	1780467814535	1780467814606	OK	 
REQUEST		Search User	1780467814558	1780467814614	OK	 
REQUEST		Search User	1780467814557	1780467814623	OK	 
REQUEST		Search User	1780467814595	1780467814651	OK	 
REQUEST		Search User	1780467814595	1780467814651	OK	 
REQUEST		List Users	1780467814475	1780467814655	OK	 
REQUEST		Search User	1780467814673	1780467814720	OK	 
REQUEST		Search User	1780467814811	1780467814857	OK	 
REQUEST		Search User	1780467814837	1780467814888	OK	 
REQUEST		Search User	1780467814885	1780467814943	OK	 
REQUEST		View Detail	1780467815044	1780467815106	OK	 
USER	Lab 06 - Browse and Search API	END	1780467815106
USER	Lab 06 - Browse and Search API	START	1780467815107
REQUEST		Search User	1780467815075	1780467815148	OK	 
REQUEST		Search User	1780467815076	1780467815150	OK	 
REQUEST		List Users	1780467815107	1780467815272	OK	 
REQUEST		Search User	1780467815226	1780467815272	OK	 
REQUEST		Search User	1780467815249	1780467815327	OK	 
REQUEST		Search User	1780467815295	1780467815342	OK	 
REQUEST		Search User	1780467815292	1780467815342	OK	 
REQUEST		Search User	1780467815295	1780467815342	OK	 
REQUEST		Search User	1780467815298	1780467815342	OK	 
REQUEST		Search User	1780467815292	1780467815361	OK	 
REQUEST		Search User	1780467815460	1780467815502	OK	 
REQUEST		Search User	1780467815470	1780467815517	OK	 
REQUEST		Search User	1780467815471	1780467815522	OK	 
REQUEST		Search User	1780467815480	1780467815522	OK	 
REQUEST		Search User	1780467815480	1780467815534	OK	 
REQUEST		Search User	1780467815480	1780467815534	OK	 
REQUEST		Search User	1780467815537	1780467815637	OK	 
REQUEST		Search User	1780467815566	1780467815637	OK	 
REQUEST		Search User	1780467815568	1780467815637	OK	 
REQUEST		Search User	1780467815546	1780467815637	OK	 
REQUEST		Search User	1780467815540	1780467815654	OK	 
REQUEST		Search User	1780467815674	1780467815724	OK	 
REQUEST		Search User	1780467815825	1780467815897	OK	 
REQUEST		Search User	1780467815883	1780467815940	OK	 
REQUEST		Search User	1780467815879	1780467815940	OK	 
REQUEST		Search User	1780467815879	1780467815940	OK	 
REQUEST		Search User	1780467815888	1780467815957	OK	 
REQUEST		Search User	1780467815909	1780467815988	OK	 
REQUEST		Search User	1780467816009	1780467816077	OK	 
REQUEST		View Detail	1780467816011	1780467816105	OK	 
USER	Lab 06 - Browse and Search API	END	1780467816105
USER	Lab 06 - Browse and Search API	START	1780467816105
REQUEST		Search User	1780467816096	1780467816138	OK	 
REQUEST		Search User	1780467816093	1780467816140	OK	 
REQUEST		Search User	1780467816094	1780467816143	OK	 
REQUEST		Search User	1780467816100	1780467816146	OK	 
REQUEST		Search User	1780467816111	1780467816167	OK	 
REQUEST		View Detail	1780467816111	1780467816172	OK	 
USER	Lab 06 - Browse and Search API	END	1780467816172
USER	Lab 06 - Browse and Search API	START	1780467816172
REQUEST		View Detail	1780467816132	1780467816260	OK	 
USER	Lab 06 - Browse and Search API	END	1780467816261
USER	Lab 06 - Browse and Search API	START	1780467816261
REQUEST		View Detail	1780467816144	1780467816265	OK	 
USER	Lab 06 - Browse and Search API	END	1780467816265
USER	Lab 06 - Browse and Search API	START	1780467816265
REQUEST		View Detail	1780467816146	1780467816267	OK	 
REQUEST		View Detail	1780467816145	1780467816267	OK	 
USER	Lab 06 - Browse and Search API	END	1780467816267
REQUEST		View Detail	1780467816144	1780467816267	OK	 
USER	Lab 06 - Browse and Search API	END	1780467816267
USER	Lab 06 - Browse and Search API	START	1780467816267
USER	Lab 06 - Browse and Search API	START	1780467816267
USER	Lab 06 - Browse and Search API	END	1780467816267
USER	Lab 06 - Browse and Search API	START	1780467816267
REQUEST		List Users	1780467816105	1780467816299	OK	 
REQUEST		View Detail	1780467816287	1780467816334	OK	 
REQUEST		Search User	1780467816287	1780467816334	OK	 
USER	Lab 06 - Browse and Search API	END	1780467816335
USER	Lab 06 - Browse and Search API	START	1780467816335
REQUEST		Search User	1780467816328	1780467816387	OK	 
REQUEST		View Detail	1780467816288	1780467816391	OK	 
REQUEST		Search User	1780467816328	1780467816391	OK	 
REQUEST		Search User	1780467816342	1780467816391	OK	 
USER	Lab 06 - Browse and Search API	END	1780467816391
USER	Lab 06 - Browse and Search API	START	1780467816392
REQUEST		View Detail	1780467816288	1780467816396	OK	 
REQUEST		List Users	1780467816172	1780467816396	OK	 
USER	Lab 06 - Browse and Search API	END	1780467816396
USER	Lab 06 - Browse and Search API	START	1780467816396
REQUEST		View Detail	1780467816298	1780467816398	OK	 
REQUEST		Search User	1780467816328	1780467816398	OK	 
REQUEST		Search User	1780467816298	1780467816398	OK	 
USER	Lab 06 - Browse and Search API	END	1780467816398
USER	Lab 06 - Browse and Search API	START	1780467816399
REQUEST		View Detail	1780467816328	1780467816400	OK	 
REQUEST		Search User	1780467816311	1780467816400	OK	 
REQUEST		Search User	1780467816311	1780467816400	OK	 
USER	Lab 06 - Browse and Search API	END	1780467816401
USER	Lab 06 - Browse and Search API	START	1780467816401
REQUEST		Search User	1780467816342	1780467816406	OK	 
REQUEST		Search User	1780467816391	1780467816406	OK	 
REQUEST		View Detail	1780467816359	1780467816432	OK	 
USER	Lab 06 - Browse and Search API	END	1780467816432
USER	Lab 06 - Browse and Search API	START	1780467816432
REQUEST		Search User	1780467816391	1780467816435	OK	 
REQUEST		List Users	1780467816261	1780467816437	OK	 
REQUEST		Search User	1780467816391	1780467816437	OK	 
REQUEST		Search User	1780467816391	1780467816442	OK	 
REQUEST		List Users	1780467816267	1780467816444	OK	 
REQUEST		List Users	1780467816265	1780467816446	OK	 
REQUEST		List Users	1780467816267	1780467816446	OK	 
REQUEST		Search User	1780467816390	1780467816446	OK	 
REQUEST		View Detail	1780467816391	1780467816449	OK	 
USER	Lab 06 - Browse and Search API	END	1780467816449
USER	Lab 06 - Browse and Search API	START	1780467816449
REQUEST		Search User	1780467816390	1780467816451	OK	 
REQUEST		Search User	1780467816418	1780467816473	OK	 
REQUEST		Search User	1780467816406	1780467816473	OK	 
REQUEST		Search User	1780467816405	1780467816473	OK	 
REQUEST		Search User	1780467816406	1780467816473	OK	 
REQUEST		Search User	1780467816405	1780467816477	OK	 
REQUEST		Search User	1780467816406	1780467816482	OK	 
REQUEST		List Users	1780467816267	1780467816483	OK	 
REQUEST		List Users	1780467816335	1780467816517	OK	 
REQUEST		Search User	1780467816478	1780467816522	OK	 
REQUEST		Search User	1780467816476	1780467816522	OK	 
REQUEST		Search User	1780467816440	1780467816522	OK	 
REQUEST		Search User	1780467816480	1780467816524	OK	 
REQUEST		Search User	1780467816477	1780467816526	OK	 
REQUEST		View Detail	1780467816481	1780467816526	OK	 
REQUEST		Search User	1780467816480	1780467816526	OK	 
REQUEST		View Detail	1780467816480	1780467816526	OK	 
USER	Lab 06 - Browse and Search API	END	1780467816526
USER	Lab 06 - Browse and Search API	END	1780467816526
USER	Lab 06 - Browse and Search API	START	1780467816526
USER	Lab 06 - Browse and Search API	START	1780467816526
REQUEST		Search User	1780467816481	1780467816542	OK	 
REQUEST		Search User	1780467816482	1780467816542	OK	 
REQUEST		Search User	1780467816485	1780467816542	OK	 
REQUEST		Search User	1780467816485	1780467816542	OK	 
REQUEST		Search User	1780467816490	1780467816550	OK	 
REQUEST		Search User	1780467816487	1780467816550	OK	 
REQUEST		Search User	1780467816490	1780467816550	OK	 
REQUEST		List Users	1780467816396	1780467816551	OK	 
REQUEST		List Users	1780467816401	1780467816551	OK	 
REQUEST		List Users	1780467816399	1780467816559	OK	 
REQUEST		List Users	1780467816391	1780467816559	OK	 
REQUEST		Search User	1780467816540	1780467816610	OK	 
REQUEST		Search User	1780467816540	1780467816610	OK	 
REQUEST		Search User	1780467816542	1780467816614	OK	 
REQUEST		List Users	1780467816432	1780467816616	OK	 
REQUEST		Search User	1780467816543	1780467816621	OK	 
REQUEST		Search User	1780467816542	1780467816623	OK	 
REQUEST		View Detail	1780467816582	1780467816630	OK	 
USER	Lab 06 - Browse and Search API	END	1780467816630
USER	Lab 06 - Browse and Search API	START	1780467816630
REQUEST		View Detail	1780467816611	1780467816666	OK	 
USER	Lab 06 - Browse and Search API	END	1780467816666
USER	Lab 06 - Browse and Search API	START	1780467816667
REQUEST		View Detail	1780467816624	1780467816683	OK	 
REQUEST		View Detail	1780467816615	1780467816683	OK	 
USER	Lab 06 - Browse and Search API	END	1780467816683
USER	Lab 06 - Browse and Search API	END	1780467816683
USER	Lab 06 - Browse and Search API	START	1780467816683
USER	Lab 06 - Browse and Search API	START	1780467816683
REQUEST		List Users	1780467816449	1780467816699	OK	 
REQUEST		List Users	1780467816526	1780467816700	OK	 
REQUEST		View Detail	1780467816652	1780467816705	OK	 
USER	Lab 06 - Browse and Search API	END	1780467816705
USER	Lab 06 - Browse and Search API	START	1780467816705
REQUEST		View Detail	1780467816652	1780467816710	OK	 
USER	Lab 06 - Browse and Search API	END	1780467816710
USER	Lab 06 - Browse and Search API	START	1780467816710
REQUEST		List Users	1780467816526	1780467816728	OK	 
REQUEST		Search User	1780467816656	1780467816730	OK	 
REQUEST		View Detail	1780467816721	1780467816772	OK	 
USER	Lab 06 - Browse and Search API	END	1780467816773
USER	Lab 06 - Browse and Search API	START	1780467816773
REQUEST		List Users	1780467816630	1780467816784	OK	 
REQUEST		List Users	1780467816667	1780467816829	OK	 
REQUEST		List Users	1780467816683	1780467816846	OK	 
REQUEST		List Users	1780467816683	1780467816846	OK	 
REQUEST		List Users	1780467816710	1780467816901	OK	 
REQUEST		View Detail	1780467816858	1780467817026	OK	 
USER	Lab 06 - Browse and Search API	END	1780467817026
USER	Lab 06 - Browse and Search API	START	1780467817027
REQUEST		View Detail	1780467816889	1780467817031	OK	 
USER	Lab 06 - Browse and Search API	END	1780467817032
USER	Lab 06 - Browse and Search API	START	1780467817032
REQUEST		View Detail	1780467816943	1780467817039	OK	 
REQUEST		List Users	1780467816705	1780467817039	OK	 
USER	Lab 06 - Browse and Search API	END	1780467817039
USER	Lab 06 - Browse and Search API	START	1780467817039
REQUEST		List Users	1780467816773	1780467817108	OK	 
REQUEST		View Detail	1780467817149	1780467817195	OK	 
USER	Lab 06 - Browse and Search API	END	1780467817195
USER	Lab 06 - Browse and Search API	START	1780467817195
REQUEST		List Users	1780467817026	1780467817197	OK	 
REQUEST		List Users	1780467817032	1780467817197	OK	 
REQUEST		View Detail	1780467817150	1780467817201	OK	 
USER	Lab 06 - Browse and Search API	END	1780467817201
USER	Lab 06 - Browse and Search API	START	1780467817201
REQUEST		List Users	1780467817039	1780467817284	OK	 
REQUEST		View Detail	1780467817273	1780467817325	OK	 
REQUEST		Search User	1780467817274	1780467817325	OK	 
USER	Lab 06 - Browse and Search API	END	1780467817325
USER	Lab 06 - Browse and Search API	START	1780467817326
REQUEST		List Users	1780467817195	1780467817340	OK	 
REQUEST		List Users	1780467817201	1780467817355	OK	 
REQUEST		View Detail	1780467817327	1780467817385	OK	 
USER	Lab 06 - Browse and Search API	END	1780467817385
USER	Lab 06 - Browse and Search API	START	1780467817386
REQUEST		View Detail	1780467817342	1780467817401	OK	 
USER	Lab 06 - Browse and Search API	END	1780467817401
USER	Lab 06 - Browse and Search API	START	1780467817401
REQUEST		View Detail	1780467817343	1780467817417	OK	 
REQUEST		View Detail	1780467817343	1780467817417	OK	 
REQUEST		View Detail	1780467817343	1780467817417	OK	 
USER	Lab 06 - Browse and Search API	END	1780467817417
USER	Lab 06 - Browse and Search API	END	1780467817417
USER	Lab 06 - Browse and Search API	END	1780467817417
USER	Lab 06 - Browse and Search API	START	1780467817417
USER	Lab 06 - Browse and Search API	START	1780467817418
USER	Lab 06 - Browse and Search API	START	1780467817418
REQUEST		View Detail	1780467817362	1780467817420	OK	 
USER	Lab 06 - Browse and Search API	END	1780467817420
USER	Lab 06 - Browse and Search API	START	1780467817421
REQUEST		List Users	1780467817325	1780467817507	OK	 
REQUEST		List Users	1780467817385	1780467817517	OK	 
REQUEST		View Detail	1780467817503	1780467817548	OK	 
USER	Lab 06 - Browse and Search API	END	1780467817548
USER	Lab 06 - Browse and Search API	START	1780467817549
REQUEST		List Users	1780467817417	1780467817553	OK	 
REQUEST		List Users	1780467817420	1780467817560	OK	 
REQUEST		List Users	1780467817401	1780467817570	OK	 
REQUEST		List Users	1780467817417	1780467817570	OK	 
REQUEST		View Detail	1780467817518	1780467817570	OK	 
REQUEST		View Detail	1780467817523	1780467817570	OK	 
USER	Lab 06 - Browse and Search API	END	1780467817571
USER	Lab 06 - Browse and Search API	END	1780467817571
USER	Lab 06 - Browse and Search API	START	1780467817571
USER	Lab 06 - Browse and Search API	START	1780467817571
REQUEST		List Users	1780467817417	1780467817572	OK	 
REQUEST		View Detail	1780467817522	1780467817576	OK	 
USER	Lab 06 - Browse and Search API	END	1780467817577
USER	Lab 06 - Browse and Search API	START	1780467817577
REQUEST		View Detail	1780467817535	1780467817603	OK	 
USER	Lab 06 - Browse and Search API	END	1780467817603
USER	Lab 06 - Browse and Search API	START	1780467817603
REQUEST		View Detail	1780467817535	1780467817607	OK	 
USER	Lab 06 - Browse and Search API	END	1780467817608
USER	Lab 06 - Browse and Search API	START	1780467817608
REQUEST		View Detail	1780467817637	1780467817683	OK	 
USER	Lab 06 - Browse and Search API	END	1780467817683
USER	Lab 06 - Browse and Search API	START	1780467817683
REQUEST		View Detail	1780467817637	1780467817685	OK	 
USER	Lab 06 - Browse and Search API	END	1780467817685
USER	Lab 06 - Browse and Search API	START	1780467817685
REQUEST		View Detail	1780467817638	1780467817689	OK	 
USER	Lab 06 - Browse and Search API	END	1780467817690
USER	Lab 06 - Browse and Search API	START	1780467817690
REQUEST		View Detail	1780467817638	1780467817694	OK	 
USER	Lab 06 - Browse and Search API	END	1780467817694
USER	Lab 06 - Browse and Search API	START	1780467817694
REQUEST		List Users	1780467817577	1780467817711	OK	 
REQUEST		View Detail	1780467817655	1780467817711	OK	 
USER	Lab 06 - Browse and Search API	END	1780467817711
USER	Lab 06 - Browse and Search API	START	1780467817711
REQUEST		List Users	1780467817549	1780467817752	OK	 
REQUEST		List Users	1780467817603	1780467817756	OK	 
REQUEST		List Users	1780467817571	1780467817756	OK	 
REQUEST		List Users	1780467817571	1780467817760	OK	 
REQUEST		List Users	1780467817608	1780467817763	OK	 
REQUEST		View Detail	1780467817724	1780467817775	OK	 
USER	Lab 06 - Browse and Search API	END	1780467817776
USER	Lab 06 - Browse and Search API	START	1780467817776
REQUEST		List Users	1780467817690	1780467817874	OK	 
REQUEST		List Users	1780467817685	1780467817880	OK	 
REQUEST		List Users	1780467817683	1780467817882	OK	 
REQUEST		List Users	1780467817711	1780467817931	OK	 
REQUEST		List Users	1780467817694	1780467817943	OK	 
REQUEST		View Detail	1780467817898	1780467817957	OK	 
USER	Lab 06 - Browse and Search API	END	1780467817957
USER	Lab 06 - Browse and Search API	START	1780467817958
REQUEST		List Users	1780467817776	1780467817966	OK	 
REQUEST		View Detail	1780467817941	1780467817995	OK	 
USER	Lab 06 - Browse and Search API	END	1780467817995
USER	Lab 06 - Browse and Search API	START	1780467817996
REQUEST		View Detail	1780467817941	1780467818002	OK	 
REQUEST		View Detail	1780467817942	1780467818002	OK	 
USER	Lab 06 - Browse and Search API	END	1780467818002
USER	Lab 06 - Browse and Search API	END	1780467818002
USER	Lab 06 - Browse and Search API	START	1780467818002
USER	Lab 06 - Browse and Search API	START	1780467818002
REQUEST		View Detail	1780467817958	1780467818018	OK	 
USER	Lab 06 - Browse and Search API	END	1780467818018
USER	Lab 06 - Browse and Search API	START	1780467818018
REQUEST		View Detail	1780467817988	1780467818045	OK	 
USER	Lab 06 - Browse and Search API	END	1780467818045
USER	Lab 06 - Browse and Search API	START	1780467818045
REQUEST		List Users	1780467817957	1780467818083	OK	 
REQUEST		List Users	1780467817996	1780467818169	OK	 
REQUEST		View Detail	1780467818078	1780467818171	OK	 
USER	Lab 06 - Browse and Search API	END	1780467818171
USER	Lab 06 - Browse and Search API	START	1780467818171
REQUEST		View Detail	1780467818139	1780467818182	OK	 
USER	Lab 06 - Browse and Search API	END	1780467818182
USER	Lab 06 - Browse and Search API	START	1780467818182
REQUEST		View Detail	1780467818141	1780467818187	OK	 
USER	Lab 06 - Browse and Search API	END	1780467818188
USER	Lab 06 - Browse and Search API	START	1780467818188
REQUEST		View Detail	1780467818143	1780467818190	OK	 
USER	Lab 06 - Browse and Search API	END	1780467818190
USER	Lab 06 - Browse and Search API	START	1780467818190
REQUEST		View Detail	1780467818147	1780467818194	OK	 
USER	Lab 06 - Browse and Search API	END	1780467818194
USER	Lab 06 - Browse and Search API	START	1780467818194
REQUEST		List Users	1780467818002	1780467818206	OK	 
REQUEST		List Users	1780467818018	1780467818232	OK	 
REQUEST		View Detail	1780467818168	1780467818237	OK	 
USER	Lab 06 - Browse and Search API	END	1780467818237
USER	Lab 06 - Browse and Search API	START	1780467818237
REQUEST		List Users	1780467818045	1780467818239	OK	 
REQUEST		List Users	1780467818002	1780467818242	OK	 
REQUEST		List Users	1780467818194	1780467818326	OK	 
REQUEST		List Users	1780467818171	1780467818328	OK	 
REQUEST		List Users	1780467818190	1780467818341	OK	 
REQUEST		List Users	1780467818182	1780467818343	OK	 
REQUEST		List Users	1780467818237	1780467818381	OK	 
REQUEST		Search User	1780467818300	1780467818381	OK	 
REQUEST		View Detail	1780467818335	1780467818382	OK	 
USER	Lab 06 - Browse and Search API	END	1780467818383
USER	Lab 06 - Browse and Search API	START	1780467818383
REQUEST		List Users	1780467818188	1780467818388	OK	 
REQUEST		View Detail	1780467818407	1780467818455	OK	 
USER	Lab 06 - Browse and Search API	END	1780467818455
USER	Lab 06 - Browse and Search API	START	1780467818456
REQUEST		View Detail	1780467818388	1780467818488	OK	 
REQUEST		View Detail	1780467818393	1780467818488	OK	 
REQUEST		View Detail	1780467818438	1780467818488	OK	 
REQUEST		View Detail	1780467818392	1780467818488	OK	 
USER	Lab 06 - Browse and Search API	END	1780467818488
REQUEST		View Detail	1780467818436	1780467818488	OK	 
USER	Lab 06 - Browse and Search API	END	1780467818488
USER	Lab 06 - Browse and Search API	END	1780467818488
USER	Lab 06 - Browse and Search API	END	1780467818488
REQUEST		Search User	1780467818397	1780467818488	OK	 
USER	Lab 06 - Browse and Search API	END	1780467818489
USER	Lab 06 - Browse and Search API	START	1780467818489
USER	Lab 06 - Browse and Search API	START	1780467818489
USER	Lab 06 - Browse and Search API	START	1780467818489
USER	Lab 06 - Browse and Search API	START	1780467818489
USER	Lab 06 - Browse and Search API	START	1780467818489
REQUEST		View Detail	1780467818400	1780467818503	OK	 
REQUEST		Search User	1780467818439	1780467818503	OK	 
REQUEST		View Detail	1780467818443	1780467818503	OK	 
REQUEST		View Detail	1780467818403	1780467818503	OK	 
REQUEST		Search User	1780467818445	1780467818503	OK	 
REQUEST		View Detail	1780467818399	1780467818503	OK	 
REQUEST		View Detail	1780467818403	1780467818503	OK	 
REQUEST		Search User	1780467818447	1780467818503	OK	 
USER	Lab 06 - Browse and Search API	END	1780467818503
USER	Lab 06 - Browse and Search API	END	1780467818503
USER	Lab 06 - Browse and Search API	END	1780467818504
USER	Lab 06 - Browse and Search API	END	1780467818504
REQUEST		Search User	1780467818447	1780467818503	OK	 
USER	Lab 06 - Browse and Search API	END	1780467818504
REQUEST		View Detail	1780467818409	1780467818504	OK	 
USER	Lab 06 - Browse and Search API	START	1780467818504
USER	Lab 06 - Browse and Search API	START	1780467818504
USER	Lab 06 - Browse and Search API	START	1780467818504
USER	Lab 06 - Browse and Search API	START	1780467818504
USER	Lab 06 - Browse and Search API	END	1780467818504
USER	Lab 06 - Browse and Search API	START	1780467818504
USER	Lab 06 - Browse and Search API	START	1780467818504
REQUEST		View Detail	1780467818447	1780467818518	OK	 
REQUEST		View Detail	1780467818452	1780467818518	OK	 
USER	Lab 06 - Browse and Search API	END	1780467818518
USER	Lab 06 - Browse and Search API	END	1780467818518
USER	Lab 06 - Browse and Search API	START	1780467818519
USER	Lab 06 - Browse and Search API	START	1780467818519
REQUEST		View Detail	1780467818473	1780467818534	OK	 
REQUEST		View Detail	1780467818479	1780467818534	OK	 
REQUEST		View Detail	1780467818474	1780467818534	OK	 
REQUEST		View Detail	1780467818473	1780467818534	OK	 
REQUEST		View Detail	1780467818474	1780467818534	OK	 
USER	Lab 06 - Browse and Search API	END	1780467818534
USER	Lab 06 - Browse and Search API	END	1780467818534
USER	Lab 06 - Browse and Search API	END	1780467818534
USER	Lab 06 - Browse and Search API	END	1780467818534
USER	Lab 06 - Browse and Search API	END	1780467818534
USER	Lab 06 - Browse and Search API	START	1780467818534
USER	Lab 06 - Browse and Search API	START	1780467818534
USER	Lab 06 - Browse and Search API	START	1780467818534
USER	Lab 06 - Browse and Search API	START	1780467818534
USER	Lab 06 - Browse and Search API	START	1780467818534
REQUEST		View Detail	1780467818483	1780467818565	OK	 
USER	Lab 06 - Browse and Search API	END	1780467818565
USER	Lab 06 - Browse and Search API	START	1780467818565
REQUEST		View Detail	1780467818526	1780467818581	OK	 
REQUEST		Search User	1780467818484	1780467818581	OK	 
REQUEST		View Detail	1780467818523	1780467818581	OK	 
USER	Lab 06 - Browse and Search API	END	1780467818581
REQUEST		View Detail	1780467818522	1780467818581	OK	 
REQUEST		Search User	1780467818518	1780467818581	OK	 
REQUEST		View Detail	1780467818524	1780467818581	OK	 
USER	Lab 06 - Browse and Search API	START	1780467818581
USER	Lab 06 - Browse and Search API	END	1780467818581
USER	Lab 06 - Browse and Search API	END	1780467818581
USER	Lab 06 - Browse and Search API	END	1780467818581
USER	Lab 06 - Browse and Search API	START	1780467818581
USER	Lab 06 - Browse and Search API	START	1780467818581
USER	Lab 06 - Browse and Search API	START	1780467818581
REQUEST		View Detail	1780467818526	1780467818582	OK	 
USER	Lab 06 - Browse and Search API	END	1780467818582
USER	Lab 06 - Browse and Search API	START	1780467818582
REQUEST		View Detail	1780467818523	1780467818595	OK	 
REQUEST		View Detail	1780467818542	1780467818595	OK	 
USER	Lab 06 - Browse and Search API	END	1780467818595
USER	Lab 06 - Browse and Search API	START	1780467818595
USER	Lab 06 - Browse and Search API	END	1780467818595
USER	Lab 06 - Browse and Search API	START	1780467818595
REQUEST		Search User	1780467818552	1780467818628	OK	 
REQUEST		List Users	1780467818456	1780467818628	OK	 
REQUEST		List Users	1780467818383	1780467818637	OK	 
REQUEST		Search User	1780467818559	1780467818639	OK	 
REQUEST		View Detail	1780467818542	1780467818639	OK	 
REQUEST		Search User	1780467818552	1780467818639	OK	 
REQUEST		Search User	1780467818560	1780467818639	OK	 
USER	Lab 06 - Browse and Search API	END	1780467818639
REQUEST		View Detail	1780467818542	1780467818639	OK	 
USER	Lab 06 - Browse and Search API	END	1780467818639
USER	Lab 06 - Browse and Search API	START	1780467818640
USER	Lab 06 - Browse and Search API	START	1780467818640
REQUEST		View Detail	1780467818551	1780467818641	OK	 
USER	Lab 06 - Browse and Search API	END	1780467818641
REQUEST		View Detail	1780467818551	1780467818641	OK	 
USER	Lab 06 - Browse and Search API	END	1780467818641
USER	Lab 06 - Browse and Search API	START	1780467818641
USER	Lab 06 - Browse and Search API	START	1780467818641
REQUEST		View Detail	1780467818551	1780467818646	OK	 
REQUEST		View Detail	1780467818543	1780467818646	OK	 
USER	Lab 06 - Browse and Search API	END	1780467818646
USER	Lab 06 - Browse and Search API	END	1780467818646
USER	Lab 06 - Browse and Search API	START	1780467818646
USER	Lab 06 - Browse and Search API	START	1780467818646
REQUEST		View Detail	1780467818611	1780467818698	OK	 
USER	Lab 06 - Browse and Search API	END	1780467818698
USER	Lab 06 - Browse and Search API	START	1780467818698
REQUEST		List Users	1780467818518	1780467818700	OK	 
REQUEST		List Users	1780467818504	1780467818700	OK	 
REQUEST		List Users	1780467818504	1780467818702	OK	 
REQUEST		List Users	1780467818534	1780467818704	OK	 
REQUEST		List Users	1780467818504	1780467818706	OK	 
REQUEST		List Users	1780467818489	1780467818706	OK	 
REQUEST		View Detail	1780467818615	1780467818711	OK	 
REQUEST		View Detail	1780467818624	1780467818711	OK	 
USER	Lab 06 - Browse and Search API	END	1780467818711
USER	Lab 06 - Browse and Search API	END	1780467818711
USER	Lab 06 - Browse and Search API	START	1780467818711
USER	Lab 06 - Browse and Search API	START	1780467818711
REQUEST		View Detail	1780467818611	1780467818713	OK	 
REQUEST		View Detail	1780467818622	1780467818713	OK	 
USER	Lab 06 - Browse and Search API	END	1780467818713
USER	Lab 06 - Browse and Search API	END	1780467818713
REQUEST		Search User	1780467818617	1780467818713	OK	 
USER	Lab 06 - Browse and Search API	START	1780467818713
USER	Lab 06 - Browse and Search API	START	1780467818713
REQUEST		List Users	1780467818534	1780467818718	OK	 
REQUEST		List Users	1780467818489	1780467818718	OK	 
REQUEST		List Users	1780467818489	1780467818718	OK	 
REQUEST		List Users	1780467818489	1780467818720	OK	 
REQUEST		List Users	1780467818489	1780467818720	OK	 
REQUEST		List Users	1780467818534	1780467818722	OK	 
REQUEST		List Users	1780467818504	1780467818722	OK	 
REQUEST		List Users	1780467818504	1780467818724	OK	 
REQUEST		List Users	1780467818534	1780467818724	OK	 
REQUEST		List Users	1780467818504	1780467818726	OK	 
REQUEST		List Users	1780467818518	1780467818736	OK	 
REQUEST		List Users	1780467818534	1780467818739	OK	 
REQUEST		List Users	1780467818581	1780467818799	OK	 
REQUEST		Search User	1780467818700	1780467818801	OK	 
REQUEST		List Users	1780467818581	1780467818801	OK	 
REQUEST		List Users	1780467818581	1780467818801	OK	 
REQUEST		List Users	1780467818565	1780467818803	OK	 
REQUEST		Search User	1780467818729	1780467818812	OK	 
REQUEST		List Users	1780467818595	1780467818813	OK	 
REQUEST		List Users	1780467818581	1780467818813	OK	 
REQUEST		Search User	1780467818701	1780467818813	OK	 
REQUEST		View Detail	1780467818731	1780467818820	OK	 
REQUEST		List Users	1780467818582	1780467818821	OK	 
USER	Lab 06 - Browse and Search API	END	1780467818821
USER	Lab 06 - Browse and Search API	START	1780467818821
REQUEST		List Users	1780467818595	1780467818838	OK	 
REQUEST		Search User	1780467818785	1780467818842	OK	 
REQUEST		List Users	1780467818640	1780467818850	OK	 
REQUEST		List Users	1780467818646	1780467818850	OK	 
REQUEST		List Users	1780467818641	1780467818856	OK	 
REQUEST		List Users	1780467818641	1780467818857	OK	 
REQUEST		List Users	1780467818646	1780467818860	OK	 
REQUEST		List Users	1780467818639	1780467818897	OK	 
REQUEST		Search User	1780467818830	1780467818897	OK	 
REQUEST		Search User	1780467818846	1780467818898	OK	 
REQUEST		List Users	1780467818698	1780467818898	OK	 
REQUEST		Search User	1780467818846	1780467818898	OK	 
REQUEST		List Users	1780467818711	1780467818898	OK	 
REQUEST		List Users	1780467818713	1780467818957	OK	 
REQUEST		List Users	1780467818711	1780467818957	OK	 
REQUEST		List Users	1780467818713	1780467818957	OK	 
REQUEST		Search User	1780467818901	1780467818957	OK	 
REQUEST		List Users	1780467818821	1780467819039	OK	 
REQUEST		Search User	1780467819040	1780467819098	OK	 
REQUEST		Search User	1780467819109	1780467819170	OK	 
REQUEST		Search User	1780467819198	1780467819245	OK	 
REQUEST		Search User	1780467819198	1780467819247	OK	 
REQUEST		Search User	1780467819285	1780467819351	OK	 
REQUEST		View Detail	1780467819326	1780467819396	OK	 
USER	Lab 06 - Browse and Search API	END	1780467819397
USER	Lab 06 - Browse and Search API	START	1780467819397
REQUEST		Search User	1780467819342	1780467819435	OK	 
REQUEST		Search User	1780467819357	1780467819446	OK	 
REQUEST		List Users	1780467819397	1780467819553	OK	 
REQUEST		Search User	1780467819518	1780467819566	OK	 
REQUEST		Search User	1780467819508	1780467819574	OK	 
REQUEST		Search User	1780467819554	1780467819599	OK	 
REQUEST		Search User	1780467819561	1780467819603	OK	 
REQUEST		Search User	1780467819572	1780467819615	OK	 
REQUEST		Search User	1780467819572	1780467819620	OK	 
REQUEST		Search User	1780467819574	1780467819629	OK	 
REQUEST		Search User	1780467819712	1780467819757	OK	 
REQUEST		Search User	1780467819757	1780467819806	OK	 
REQUEST		Search User	1780467819753	1780467819809	OK	 
REQUEST		Search User	1780467819763	1780467819809	OK	 
REQUEST		Search User	1780467819757	1780467819812	OK	 
REQUEST		Search User	1780467819761	1780467819826	OK	 
REQUEST		Search User	1780467819874	1780467819919	OK	 
REQUEST		Search User	1780467819881	1780467819925	OK	 
REQUEST		Search User	1780467819883	1780467819937	OK	 
REQUEST		Search User	1780467819932	1780467819976	OK	 
REQUEST		Search User	1780467819944	1780467820002	OK	 
REQUEST		Search User	1780467819967	1780467820008	OK	 
REQUEST		Search User	1780467820084	1780467820206	OK	 
REQUEST		Search User	1780467820169	1780467820224	OK	 
REQUEST		Search User	1780467820207	1780467820269	OK	 
REQUEST		Search User	1780467820233	1780467820291	OK	 
REQUEST		Search User	1780467820241	1780467820296	OK	 
REQUEST		Search User	1780467820244	1780467820303	OK	 
REQUEST		Search User	1780467820344	1780467820420	OK	 
REQUEST		Search User	1780467820329	1780467820420	OK	 
REQUEST		Search User	1780467820327	1780467820420	OK	 
REQUEST		Search User	1780467820343	1780467820422	OK	 
REQUEST		View Detail	1780467820382	1780467820489	OK	 
REQUEST		Search User	1780467820383	1780467820489	OK	 
USER	Lab 06 - Browse and Search API	END	1780467820489
USER	Lab 06 - Browse and Search API	START	1780467820489
REQUEST		Search User	1780467820389	1780467820498	OK	 
REQUEST		View Detail	1780467820504	1780467820553	OK	 
REQUEST		View Detail	1780467820504	1780467820553	OK	 
REQUEST		View Detail	1780467820489	1780467820553	OK	 
REQUEST		View Detail	1780467820505	1780467820553	OK	 
USER	Lab 06 - Browse and Search API	END	1780467820553
USER	Lab 06 - Browse and Search API	END	1780467820553
USER	Lab 06 - Browse and Search API	END	1780467820553
REQUEST		View Detail	1780467820504	1780467820553	OK	 
USER	Lab 06 - Browse and Search API	END	1780467820553
USER	Lab 06 - Browse and Search API	END	1780467820553
USER	Lab 06 - Browse and Search API	START	1780467820554
USER	Lab 06 - Browse and Search API	START	1780467820554
USER	Lab 06 - Browse and Search API	START	1780467820554
USER	Lab 06 - Browse and Search API	START	1780467820554
USER	Lab 06 - Browse and Search API	START	1780467820554
REQUEST		View Detail	1780467820582	1780467820646	OK	 
USER	Lab 06 - Browse and Search API	END	1780467820646
USER	Lab 06 - Browse and Search API	START	1780467820646
REQUEST		View Detail	1780467820583	1780467820655	OK	 
USER	Lab 06 - Browse and Search API	END	1780467820655
USER	Lab 06 - Browse and Search API	START	1780467820655
REQUEST		Search User	1780467820638	1780467820686	OK	 
REQUEST		View Detail	1780467820641	1780467820686	OK	 
REQUEST		Search User	1780467820629	1780467820686	OK	 
USER	Lab 06 - Browse and Search API	END	1780467820686
USER	Lab 06 - Browse and Search API	START	1780467820686
REQUEST		View Detail	1780467820629	1780467820690	OK	 
REQUEST		View Detail	1780467820640	1780467820690	OK	 
USER	Lab 06 - Browse and Search API	END	1780467820691
USER	Lab 06 - Browse and Search API	END	1780467820691
USER	Lab 06 - Browse and Search API	START	1780467820691
USER	Lab 06 - Browse and Search API	START	1780467820691
REQUEST		View Detail	1780467820640	1780467820693	OK	 
USER	Lab 06 - Browse and Search API	END	1780467820693
USER	Lab 06 - Browse and Search API	START	1780467820693
REQUEST		List Users	1780467820489	1780467820700	OK	 
REQUEST		Search User	1780467820701	1780467820753	OK	 
REQUEST		Search User	1780467820701	1780467820756	OK	 
REQUEST		Search User	1780467820706	1780467820756	OK	 
REQUEST		Search User	1780467820708	1780467820759	OK	 
REQUEST		List Users	1780467820553	1780467820759	OK	 
REQUEST		Search User	1780467820704	1780467820759	OK	 
REQUEST		Search User	1780467820708	1780467820759	OK	 
REQUEST		List Users	1780467820554	1780467820761	OK	 
REQUEST		List Users	1780467820553	1780467820768	OK	 
REQUEST		List Users	1780467820553	1780467820779	OK	 
REQUEST		List Users	1780467820553	1780467820779	OK	 
REQUEST		Search User	1780467820720	1780467820838	OK	 
REQUEST		Search User	1780467820724	1780467820838	OK	 
REQUEST		Search User	1780467820722	1780467820840	OK	 
REQUEST		Search User	1780467820719	1780467820842	OK	 
REQUEST		View Detail	1780467820714	1780467820842	OK	 
REQUEST		Search User	1780467820800	1780467820842	OK	 
USER	Lab 06 - Browse and Search API	END	1780467820843
USER	Lab 06 - Browse and Search API	START	1780467820843
REQUEST		Search User	1780467820726	1780467820847	OK	 
REQUEST		Search User	1780467820723	1780467820847	OK	 
REQUEST		Search User	1780467820803	1780467820848	OK	 
REQUEST		Search User	1780467820722	1780467820848	OK	 
REQUEST		View Detail	1780467820802	1780467820852	OK	 
REQUEST		Search User	1780467820802	1780467820852	OK	 
REQUEST		Search User	1780467820740	1780467820852	OK	 
REQUEST		Search User	1780467820726	1780467820852	OK	 
USER	Lab 06 - Browse and Search API	END	1780467820852
REQUEST		Search User	1780467820736	1780467820852	OK	 
USER	Lab 06 - Browse and Search API	START	1780467820853
REQUEST		Search User	1780467820728	1780467820858	OK	 
REQUEST		Search User	1780467820720	1780467820869	OK	 
REQUEST		List Users	1780467820686	1780467820929	OK	 
REQUEST		List Users	1780467820691	1780467820931	OK	 
REQUEST		List Users	1780467820691	1780467820933	OK	 
REQUEST		List Users	1780467820693	1780467820933	OK	 
REQUEST		Search User	1780467820814	1780467820933	OK	 
REQUEST		Search User	1780467820805	1780467820933	OK	 
REQUEST		Search User	1780467820852	1780467820935	OK	 
REQUEST		Search User	1780467820851	1780467820935	OK	 
REQUEST		Search User	1780467820856	1780467820935	OK	 
REQUEST		Search User	1780467820858	1780467820937	OK	 
REQUEST		Search User	1780467820814	1780467820937	OK	 
REQUEST		View Detail	1780467820812	1780467820937	OK	 
REQUEST		View Detail	1780467820843	1780467820937	OK	 
REQUEST		Search User	1780467820861	1780467820937	OK	 
USER	Lab 06 - Browse and Search API	END	1780467820937
USER	Lab 06 - Browse and Search API	END	1780467820937
USER	Lab 06 - Browse and Search API	START	1780467820937
USER	Lab 06 - Browse and Search API	START	1780467820937
REQUEST		List Users	1780467820655	1780467820939	OK	 
REQUEST		List Users	1780467820646	1780467820945	OK	 
REQUEST		Search User	1780467820838	1780467820945	OK	 
REQUEST		View Detail	1780467820814	1780467820949	OK	 
REQUEST		Search User	1780467820821	1780467820949	OK	 
USER	Lab 06 - Browse and Search API	END	1780467820949
USER	Lab 06 - Browse and Search API	START	1780467820950
REQUEST		Search User	1780467820899	1780467820996	OK	 
REQUEST		View Detail	1780467820899	1780467820996	OK	 
REQUEST		Search User	1780467820900	1780467820996	OK	 
USER	Lab 06 - Browse and Search API	END	1780467820996
USER	Lab 06 - Browse and Search API	START	1780467820996
REQUEST		View Detail	1780467820899	1780467820999	OK	 
USER	Lab 06 - Browse and Search API	END	1780467820999
USER	Lab 06 - Browse and Search API	START	1780467821000
REQUEST		View Detail	1780467820899	1780467821001	OK	 
USER	Lab 06 - Browse and Search API	END	1780467821001
USER	Lab 06 - Browse and Search API	START	1780467821002
REQUEST		Search User	1780467820899	1780467821009	OK	 
REQUEST		View Detail	1780467820958	1780467821011	OK	 
USER	Lab 06 - Browse and Search API	END	1780467821011
USER	Lab 06 - Browse and Search API	START	1780467821011
REQUEST		Search User	1780467820958	1780467821016	OK	 
REQUEST		Search User	1780467820958	1780467821016	OK	 
REQUEST		Search User	1780467820958	1780467821027	OK	 
REQUEST		List Users	1780467820853	1780467821042	OK	 
REQUEST		List Users	1780467820843	1780467821064	OK	 
REQUEST		List Users	1780467820937	1780467821082	OK	 
REQUEST		Search User	1780467821039	1780467821093	OK	 
REQUEST		List Users	1780467820937	1780467821142	OK	 
REQUEST		List Users	1780467820950	1780467821151	OK	 
REQUEST		View Detail	1780467821099	1780467821169	OK	 
USER	Lab 06 - Browse and Search API	END	1780467821170
USER	Lab 06 - Browse and Search API	START	1780467821170
REQUEST		List Users	1780467820999	1780467821180	OK	 
REQUEST		List Users	1780467821001	1780467821182	OK	 
REQUEST		List Users	1780467820996	1780467821184	OK	 
REQUEST		View Detail	1780467821171	1780467821267	OK	 
REQUEST		List Users	1780467821011	1780467821267	OK	 
USER	Lab 06 - Browse and Search API	END	1780467821267
USER	Lab 06 - Browse and Search API	START	1780467821267
REQUEST		View Detail	1780467821246	1780467821291	OK	 
USER	Lab 06 - Browse and Search API	END	1780467821291
USER	Lab 06 - Browse and Search API	START	1780467821292
REQUEST		View Detail	1780467821247	1780467821301	OK	 
USER	Lab 06 - Browse and Search API	END	1780467821301
USER	Lab 06 - Browse and Search API	START	1780467821301
REQUEST		List Users	1780467821170	1780467821344	OK	 
REQUEST		List Users	1780467821292	1780467821417	OK	 
REQUEST		View Detail	1780467821352	1780467821437	OK	 
REQUEST		List Users	1780467821267	1780467821437	OK	 
USER	Lab 06 - Browse and Search API	END	1780467821437
USER	Lab 06 - Browse and Search API	START	1780467821437
REQUEST		List Users	1780467821301	1780467821466	OK	 
REQUEST		View Detail	1780467821436	1780467821484	OK	 
USER	Lab 06 - Browse and Search API	END	1780467821484
USER	Lab 06 - Browse and Search API	START	1780467821484
REQUEST		View Detail	1780467821448	1780467821503	OK	 
USER	Lab 06 - Browse and Search API	END	1780467821503
USER	Lab 06 - Browse and Search API	START	1780467821504
REQUEST		View Detail	1780467821616	1780467821670	OK	 
REQUEST		Search User	1780467821553	1780467821670	OK	 
USER	Lab 06 - Browse and Search API	END	1780467821670
USER	Lab 06 - Browse and Search API	START	1780467821670
REQUEST		View Detail	1780467821568	1780467821672	OK	 
REQUEST		View Detail	1780467821620	1780467821672	OK	 
USER	Lab 06 - Browse and Search API	END	1780467821672
USER	Lab 06 - Browse and Search API	END	1780467821672
USER	Lab 06 - Browse and Search API	START	1780467821672
USER	Lab 06 - Browse and Search API	START	1780467821672
REQUEST		View Detail	1780467821605	1780467821677	OK	 
USER	Lab 06 - Browse and Search API	END	1780467821677
USER	Lab 06 - Browse and Search API	START	1780467821677
REQUEST		List Users	1780467821437	1780467821682	OK	 
REQUEST		View Detail	1780467821599	1780467821684	OK	 
USER	Lab 06 - Browse and Search API	END	1780467821684
USER	Lab 06 - Browse and Search API	START	1780467821684
REQUEST		View Detail	1780467821630	1780467821688	OK	 
REQUEST		View Detail	1780467821575	1780467821688	OK	 
USER	Lab 06 - Browse and Search API	END	1780467821688
USER	Lab 06 - Browse and Search API	END	1780467821688
USER	Lab 06 - Browse and Search API	START	1780467821688
USER	Lab 06 - Browse and Search API	START	1780467821688
REQUEST		List Users	1780467821484	1780467821791	OK	 
REQUEST		List Users	1780467821503	1780467821807	OK	 
REQUEST		View Detail	1780467821758	1780467821830	OK	 
USER	Lab 06 - Browse and Search API	END	1780467821830
USER	Lab 06 - Browse and Search API	START	1780467821830
REQUEST		View Detail	1780467821811	1780467821937	OK	 
REQUEST		View Detail	1780467821807	1780467821937	OK	 
REQUEST		List Users	1780467821677	1780467821937	OK	 
USER	Lab 06 - Browse and Search API	END	1780467821937
USER	Lab 06 - Browse and Search API	END	1780467821937
USER	Lab 06 - Browse and Search API	START	1780467821938
USER	Lab 06 - Browse and Search API	START	1780467821938
REQUEST		View Detail	1780467821813	1780467821950	OK	 
REQUEST		View Detail	1780467821828	1780467821950	OK	 
REQUEST		View Detail	1780467821810	1780467821950	OK	 
USER	Lab 06 - Browse and Search API	END	1780467821950
USER	Lab 06 - Browse and Search API	END	1780467821950
USER	Lab 06 - Browse and Search API	END	1780467821950
REQUEST		List Users	1780467821672	1780467821950	OK	 
USER	Lab 06 - Browse and Search API	START	1780467821950
USER	Lab 06 - Browse and Search API	START	1780467821950
USER	Lab 06 - Browse and Search API	START	1780467821950
REQUEST		View Detail	1780467821925	1780467822049	OK	 
USER	Lab 06 - Browse and Search API	END	1780467822050
USER	Lab 06 - Browse and Search API	START	1780467822050
REQUEST		View Detail	1780467821920	1780467822053	OK	 
REQUEST		List Users	1780467821688	1780467822053	OK	 
USER	Lab 06 - Browse and Search API	END	1780467822054
USER	Lab 06 - Browse and Search API	START	1780467822054
REQUEST		View Detail	1780467821977	1780467822060	OK	 
USER	Lab 06 - Browse and Search API	END	1780467822060
USER	Lab 06 - Browse and Search API	START	1780467822060
REQUEST		List Users	1780467821672	1780467822064	OK	 
REQUEST		List Users	1780467821688	1780467822066	OK	 
REQUEST		View Detail	1780467822009	1780467822068	OK	 
REQUEST		View Detail	1780467821938	1780467822068	OK	 
USER	Lab 06 - Browse and Search API	END	1780467822068
USER	Lab 06 - Browse and Search API	END	1780467822068
USER	Lab 06 - Browse and Search API	START	1780467822069
USER	Lab 06 - Browse and Search API	START	1780467822069
REQUEST		List Users	1780467821670	1780467822074	OK	 
REQUEST		List Users	1780467821684	1780467822078	OK	 
REQUEST		View Detail	1780467822003	1780467822078	OK	 
USER	Lab 06 - Browse and Search API	END	1780467822078
USER	Lab 06 - Browse and Search API	START	1780467822078
REQUEST		List Users	1780467821830	1780467822104	OK	 
REQUEST		List Users	1780467821937	1780467822182	OK	 
REQUEST		List Users	1780467821950	1780467822182	OK	 
REQUEST		List Users	1780467821938	1780467822182	OK	 
REQUEST		List Users	1780467821950	1780467822270	OK	 
REQUEST		View Detail	1780467822207	1780467822341	OK	 
REQUEST		View Detail	1780467822226	1780467822341	OK	 
USER	Lab 06 - Browse and Search API	END	1780467822341
USER	Lab 06 - Browse and Search API	END	1780467822341
USER	Lab 06 - Browse and Search API	START	1780467822341
USER	Lab 06 - Browse and Search API	START	1780467822341
REQUEST		View Detail	1780467822270	1780467822356	OK	 
USER	Lab 06 - Browse and Search API	END	1780467822356
USER	Lab 06 - Browse and Search API	START	1780467822356
REQUEST		List Users	1780467822050	1780467822371	OK	 
REQUEST		View Detail	1780467822421	1780467822488	OK	 
USER	Lab 06 - Browse and Search API	END	1780467822488
USER	Lab 06 - Browse and Search API	START	1780467822489
REQUEST		List Users	1780467822068	1780467822490	OK	 
REQUEST		List Users	1780467821950	1780467822492	OK	 
REQUEST		List Users	1780467822060	1780467822502	OK	 
REQUEST		View Detail	1780467822421	1780467822509	OK	 
USER	Lab 06 - Browse and Search API	END	1780467822509
USER	Lab 06 - Browse and Search API	START	1780467822509
REQUEST		List Users	1780467822069	1780467822511	OK	 
REQUEST		View Detail	1780467822297	1780467822511	OK	 
REQUEST		View Detail	1780467822304	1780467822511	OK	 
USER	Lab 06 - Browse and Search API	END	1780467822511
USER	Lab 06 - Browse and Search API	END	1780467822511
USER	Lab 06 - Browse and Search API	START	1780467822511
USER	Lab 06 - Browse and Search API	START	1780467822511
REQUEST		List Users	1780467822078	1780467822513	OK	 
REQUEST		View Detail	1780467822423	1780467822515	OK	 
REQUEST		View Detail	1780467822292	1780467822515	OK	 
REQUEST		View Detail	1780467822421	1780467822515	OK	 
USER	Lab 06 - Browse and Search API	END	1780467822515
USER	Lab 06 - Browse and Search API	END	1780467822515
USER	Lab 06 - Browse and Search API	END	1780467822515
USER	Lab 06 - Browse and Search API	START	1780467822515
USER	Lab 06 - Browse and Search API	START	1780467822515
USER	Lab 06 - Browse and Search API	START	1780467822515
REQUEST		View Detail	1780467822490	1780467822550	OK	 
USER	Lab 06 - Browse and Search API	END	1780467822550
USER	Lab 06 - Browse and Search API	START	1780467822550
REQUEST		List Users	1780467822356	1780467822624	OK	 
REQUEST		List Users	1780467822341	1780467822629	OK	 
REQUEST		List Users	1780467822054	1780467822633	OK	 
REQUEST		View Detail	1780467822499	1780467822633	OK	 
USER	Lab 06 - Browse and Search API	END	1780467822633
USER	Lab 06 - Browse and Search API	START	1780467822634
REQUEST		List Users	1780467822488	1780467822730	OK	 
REQUEST		List Users	1780467822341	1780467822732	OK	 
REQUEST		List Users	1780467822550	1780467822798	OK	 
REQUEST		View Detail	1780467822687	1780467822800	OK	 
REQUEST		View Detail	1780467822686	1780467822800	OK	 
USER	Lab 06 - Browse and Search API	END	1780467822800
USER	Lab 06 - Browse and Search API	END	1780467822800
USER	Lab 06 - Browse and Search API	START	1780467822800
USER	Lab 06 - Browse and Search API	START	1780467822800
REQUEST		View Detail	1780467822754	1780467822802	OK	 
USER	Lab 06 - Browse and Search API	END	1780467822802
USER	Lab 06 - Browse and Search API	START	1780467822802
REQUEST		List Users	1780467822511	1780467822806	OK	 
REQUEST		View Detail	1780467822757	1780467822808	OK	 
REQUEST		List Users	1780467822509	1780467822808	OK	 
USER	Lab 06 - Browse and Search API	END	1780467822808
USER	Lab 06 - Browse and Search API	START	1780467822808
REQUEST		View Detail	1780467822760	1780467822812	OK	 
REQUEST		View Detail	1780467822758	1780467822812	OK	 
REQUEST		List Users	1780467822511	1780467822812	OK	 
USER	Lab 06 - Browse and Search API	END	1780467822812
USER	Lab 06 - Browse and Search API	END	1780467822812
USER	Lab 06 - Browse and Search API	START	1780467822813
USER	Lab 06 - Browse and Search API	START	1780467822813
REQUEST		View Detail	1780467822760	1780467822815	OK	 
USER	Lab 06 - Browse and Search API	END	1780467822815
USER	Lab 06 - Browse and Search API	START	1780467822815
REQUEST		View Detail	1780467822760	1780467822819	OK	 
REQUEST		Search User	1780467822760	1780467822819	OK	 
USER	Lab 06 - Browse and Search API	END	1780467822819
USER	Lab 06 - Browse and Search API	START	1780467822819
REQUEST		List Users	1780467822515	1780467822821	OK	 
REQUEST		Search User	1780467822701	1780467822822	OK	 
REQUEST		Search User	1780467822761	1780467822822	OK	 
REQUEST		List Users	1780467822515	1780467822830	OK	 
REQUEST		List Users	1780467822515	1780467822836	OK	 
REQUEST		Search User	1780467822769	1780467822839	OK	 
REQUEST		Search User	1780467822780	1780467822845	OK	 
REQUEST		Search User	1780467822780	1780467822845	OK	 
REQUEST		List Users	1780467822634	1780467822901	OK	 
REQUEST		View Detail	1780467822841	1780467822905	OK	 
REQUEST		View Detail	1780467822843	1780467822905	OK	 
USER	Lab 06 - Browse and Search API	END	1780467822905
USER	Lab 06 - Browse and Search API	END	1780467822905
USER	Lab 06 - Browse and Search API	START	1780467822905
USER	Lab 06 - Browse and Search API	START	1780467822905
REQUEST		View Detail	1780467822849	1780467822917	OK	 
REQUEST		View Detail	1780467822839	1780467822918	OK	 
USER	Lab 06 - Browse and Search API	END	1780467822918
USER	Lab 06 - Browse and Search API	END	1780467822918
USER	Lab 06 - Browse and Search API	START	1780467822918
USER	Lab 06 - Browse and Search API	START	1780467822918
REQUEST		View Detail	1780467822849	1780467822919	OK	 
USER	Lab 06 - Browse and Search API	END	1780467822920
USER	Lab 06 - Browse and Search API	START	1780467822920
REQUEST		View Detail	1780467822843	1780467822922	OK	 
USER	Lab 06 - Browse and Search API	END	1780467822922
USER	Lab 06 - Browse and Search API	START	1780467822922
REQUEST		View Detail	1780467822849	1780467822924	OK	 
REQUEST		View Detail	1780467822854	1780467822924	OK	 
REQUEST		View Detail	1780467822854	1780467822924	OK	 
USER	Lab 06 - Browse and Search API	END	1780467822924
USER	Lab 06 - Browse and Search API	END	1780467822924
USER	Lab 06 - Browse and Search API	END	1780467822924
USER	Lab 06 - Browse and Search API	START	1780467822925
USER	Lab 06 - Browse and Search API	START	1780467822925
USER	Lab 06 - Browse and Search API	START	1780467822925
REQUEST		View Detail	1780467822839	1780467822933	OK	 
REQUEST		View Detail	1780467822854	1780467822933	OK	 
USER	Lab 06 - Browse and Search API	END	1780467822933
USER	Lab 06 - Browse and Search API	END	1780467822933
USER	Lab 06 - Browse and Search API	START	1780467822933
USER	Lab 06 - Browse and Search API	START	1780467822933
REQUEST		View Detail	1780467822849	1780467822935	OK	 
REQUEST		View Detail	1780467822859	1780467822935	OK	 
REQUEST		View Detail	1780467822854	1780467822935	OK	 
USER	Lab 06 - Browse and Search API	END	1780467822935
USER	Lab 06 - Browse and Search API	END	1780467822935
USER	Lab 06 - Browse and Search API	END	1780467822935
USER	Lab 06 - Browse and Search API	START	1780467822935
USER	Lab 06 - Browse and Search API	START	1780467822935
USER	Lab 06 - Browse and Search API	START	1780467822935
REQUEST		View Detail	1780467822870	1780467822939	OK	 
USER	Lab 06 - Browse and Search API	END	1780467822939
USER	Lab 06 - Browse and Search API	START	1780467822939
REQUEST		List Users	1780467822800	1780467823059	OK	 
REQUEST		List Users	1780467822800	1780467823076	OK	 
REQUEST		Search User	1780467822930	1780467823079	OK	 
REQUEST		Search User	1780467822934	1780467823079	OK	 
REQUEST		Search User	1780467822932	1780467823081	OK	 
REQUEST		List Users	1780467822812	1780467823084	OK	 
REQUEST		View Detail	1780467822934	1780467823086	OK	 
REQUEST		View Detail	1780467822934	1780467823086	OK	 
USER	Lab 06 - Browse and Search API	END	1780467823086
USER	Lab 06 - Browse and Search API	END	1780467823086
USER	Lab 06 - Browse and Search API	START	1780467823086
USER	Lab 06 - Browse and Search API	START	1780467823086
REQUEST		View Detail	1780467822938	1780467823088	OK	 
REQUEST		Search User	1780467822934	1780467823088	OK	 
USER	Lab 06 - Browse and Search API	END	1780467823088
USER	Lab 06 - Browse and Search API	START	1780467823088
REQUEST		View Detail	1780467822936	1780467823090	OK	 
REQUEST		View Detail	1780467822935	1780467823090	OK	 
USER	Lab 06 - Browse and Search API	END	1780467823090
REQUEST		View Detail	1780467822938	1780467823091	OK	 
USER	Lab 06 - Browse and Search API	END	1780467823091
USER	Lab 06 - Browse and Search API	END	1780467823091
USER	Lab 06 - Browse and Search API	START	1780467823091
USER	Lab 06 - Browse and Search API	START	1780467823091
USER	Lab 06 - Browse and Search API	START	1780467823091
REQUEST		View Detail	1780467822937	1780467823092	OK	 
REQUEST		Search User	1780467822941	1780467823092	OK	 
REQUEST		Search User	1780467822945	1780467823092	OK	 
USER	Lab 06 - Browse and Search API	END	1780467823092
USER	Lab 06 - Browse and Search API	START	1780467823092
REQUEST		List Users	1780467822802	1780467823104	OK	 
REQUEST		View Detail	1780467822945	1780467823109	OK	 
REQUEST		View Detail	1780467822951	1780467823109	OK	 
REQUEST		View Detail	1780467822935	1780467823109	OK	 
USER	Lab 06 - Browse and Search API	END	1780467823109
USER	Lab 06 - Browse and Search API	END	1780467823109
USER	Lab 06 - Browse and Search API	END	1780467823109
USER	Lab 06 - Browse and Search API	START	1780467823109
USER	Lab 06 - Browse and Search API	START	1780467823109
USER	Lab 06 - Browse and Search API	START	1780467823109
REQUEST		View Detail	1780467822996	1780467823112	OK	 
USER	Lab 06 - Browse and Search API	END	1780467823112
USER	Lab 06 - Browse and Search API	START	1780467823112
REQUEST		View Detail	1780467822998	1780467823114	OK	 
REQUEST		View Detail	1780467823009	1780467823114	OK	 
USER	Lab 06 - Browse and Search API	END	1780467823114
USER	Lab 06 - Browse and Search API	END	1780467823115
USER	Lab 06 - Browse and Search API	START	1780467823115
USER	Lab 06 - Browse and Search API	START	1780467823115
REQUEST		Search User	1780467823043	1780467823276	OK	 
REQUEST		List Users	1780467822815	1780467823310	OK	 
REQUEST		Search User	1780467823064	1780467823327	OK	 
REQUEST		View Detail	1780467823016	1780467823344	OK	 
USER	Lab 06 - Browse and Search API	END	1780467823344
USER	Lab 06 - Browse and Search API	START	1780467823344
REQUEST		View Detail	1780467823016	1780467823349	OK	 
USER	Lab 06 - Browse and Search API	END	1780467823349
USER	Lab 06 - Browse and Search API	START	1780467823349
REQUEST		View Detail	1780467823028	1780467823354	OK	 
USER	Lab 06 - Browse and Search API	END	1780467823354
USER	Lab 06 - Browse and Search API	START	1780467823355
REQUEST		Search User	1780467823084	1780467823423	OK	 
REQUEST		View Detail	1780467823095	1780467823443	OK	 
USER	Lab 06 - Browse and Search API	END	1780467823443
USER	Lab 06 - Browse and Search API	START	1780467823443
REQUEST		List Users	1780467822939	1780467823445	OK	 
REQUEST		Search User	1780467823153	1780467823448	OK	 
REQUEST		Search User	1780467823268	1780467823467	OK	 
REQUEST		Search User	1780467823185	1780467823467	OK	 
REQUEST		List Users	1780467822905	1780467823472	OK	 
REQUEST		List Users	1780467822925	1780467823485	OK	 
REQUEST		List Users	1780467822819	1780467823496	OK	 
REQUEST		List Users	1780467822812	1780467823500	OK	 
REQUEST		Search User	1780467823439	1780467823588	OK	 
REQUEST		Search User	1780467823418	1780467823588	OK	 
REQUEST		Search User	1780467823181	1780467823588	OK	 
REQUEST		Search User	1780467823345	1780467823588	OK	 
REQUEST		List Users	1780467822918	1780467823593	OK	 
REQUEST		Search User	1780467823468	1780467823593	OK	 
REQUEST		List Users	1780467822935	1780467823597	OK	 
REQUEST		List Users	1780467822924	1780467823612	OK	 
REQUEST		List Users	1780467822918	1780467823614	OK	 
REQUEST		List Users	1780467822933	1780467823614	OK	 
REQUEST		List Users	1780467822933	1780467823616	OK	 
REQUEST		List Users	1780467822935	1780467823691	OK	 
REQUEST		List Users	1780467823112	1780467823693	OK	 
REQUEST		List Users	1780467823115	1780467823702	OK	 
REQUEST		List Users	1780467823088	1780467823706	OK	 
REQUEST		List Users	1780467823115	1780467823706	OK	 
REQUEST		List Users	1780467823109	1780467823706	OK	 
REQUEST		List Users	1780467823091	1780467823708	OK	 
REQUEST		List Users	1780467823091	1780467823714	OK	 
REQUEST		List Users	1780467823091	1780467823714	OK	 
REQUEST		List Users	1780467823086	1780467823716	OK	 
REQUEST		List Users	1780467823109	1780467823716	OK	 
REQUEST		List Users	1780467822922	1780467823718	OK	 
REQUEST		List Users	1780467823086	1780467823718	OK	 
REQUEST		List Users	1780467823092	1780467823720	OK	 
REQUEST		View Detail	1780467823671	1780467823720	OK	 
USER	Lab 06 - Browse and Search API	END	1780467823720
USER	Lab 06 - Browse and Search API	START	1780467823720
REQUEST		List Users	1780467823354	1780467823737	OK	 
REQUEST		List Users	1780467823349	1780467823740	OK	 
REQUEST		Search User	1780467823792	1780467823842	OK	 
REQUEST		List Users	1780467823344	1780467823846	OK	 
REQUEST		List Users	1780467823443	1780467823857	OK	 
REQUEST		Search User	1780467823143	1780467823857	OK	 
REQUEST		Search User	1780467823808	1780467823868	OK	 
REQUEST		Search User	1780467823183	1780467823878	OK	 
REQUEST		List Users	1780467822808	1780467823882	OK	 
REQUEST		List Users	1780467823720	1780467824030	OK	 
REQUEST		Search User	1780467823939	1780467824030	OK	 
REQUEST		Search User	1780467823950	1780467824032	OK	 
REQUEST		List Users	1780467822920	1780467824066	OK	 
REQUEST		Search User	1780467824055	1780467824106	OK	 
REQUEST		Search User	1780467824066	1780467824114	OK	 
REQUEST		Search User	1780467824068	1780467824118	OK	 
REQUEST		Search User	1780467824075	1780467824127	OK	 
REQUEST		Search User	1780467823683	1780467824127	OK	 
REQUEST		Search User	1780467824078	1780467824133	OK	 
REQUEST		Search User	1780467824105	1780467824154	OK	 
REQUEST		List Users	1780467822905	1780467824157	OK	 
REQUEST		List Users	1780467822935	1780467824178	OK	 
REQUEST		List Users	1780467822925	1780467824277	OK	 
REQUEST		List Users	1780467823109	1780467824323	OK	 
REQUEST		Search User	1780467824271	1780467824338	OK	 
REQUEST		Search User	1780467824372	1780467824435	OK	 
REQUEST		Search User	1780467824494	1780467824540	OK	 
REQUEST		Search User	1780467824492	1780467824542	OK	 
REQUEST		Search User	1780467824503	1780467824552	OK	 
REQUEST		Search User	1780467824512	1780467824585	OK	 
REQUEST		Search User	1780467824514	1780467824591	OK	 
REQUEST		Search User	1780467824184	1780467824604	OK	 
REQUEST		Search User	1780467824184	1780467824645	OK	 
REQUEST		Search User	1780467824184	1780467824661	OK	 
REQUEST		Search User	1780467824624	1780467824671	OK	 
REQUEST		Search User	1780467824630	1780467824684	OK	 
REQUEST		Search User	1780467824634	1780467824701	OK	 
REQUEST		Search User	1780467824732	1780467824781	OK	 
REQUEST		Search User	1780467824733	1780467824797	OK	 
REQUEST		Search User	1780467824799	1780467824844	OK	 
REQUEST		Search User	1780467824807	1780467824862	OK	 
REQUEST		View Detail	1780467824823	1780467824883	OK	 
USER	Lab 06 - Browse and Search API	END	1780467824883
USER	Lab 06 - Browse and Search API	START	1780467824883
REQUEST		View Detail	1780467824823	1780467824888	OK	 
USER	Lab 06 - Browse and Search API	END	1780467824888
USER	Lab 06 - Browse and Search API	START	1780467824888
REQUEST		Search User	1780467824831	1780467824892	OK	 
REQUEST		View Detail	1780467824839	1780467824904	OK	 
USER	Lab 06 - Browse and Search API	END	1780467824904
USER	Lab 06 - Browse and Search API	START	1780467824904
REQUEST		View Detail	1780467824846	1780467824908	OK	 
USER	Lab 06 - Browse and Search API	END	1780467824908
USER	Lab 06 - Browse and Search API	START	1780467824908
REQUEST		View Detail	1780467824846	1780467824918	OK	 
USER	Lab 06 - Browse and Search API	END	1780467824918
USER	Lab 06 - Browse and Search API	START	1780467824918
REQUEST		Search User	1780467824837	1780467824947	OK	 
REQUEST		Search User	1780467824902	1780467824947	OK	 
REQUEST		View Detail	1780467824821	1780467825019	OK	 
USER	Lab 06 - Browse and Search API	END	1780467825019
USER	Lab 06 - Browse and Search API	START	1780467825020
REQUEST		Search User	1780467824809	1780467825060	OK	 
REQUEST		Search User	1780467824813	1780467825067	OK	 
REQUEST		Search User	1780467825060	1780467825151	OK	 
REQUEST		View Detail	1780467825080	1780467825158	OK	 
REQUEST		View Detail	1780467825083	1780467825158	OK	 
REQUEST		Search User	1780467825078	1780467825158	OK	 
USER	Lab 06 - Browse and Search API	END	1780467825158
USER	Lab 06 - Browse and Search API	END	1780467825158
USER	Lab 06 - Browse and Search API	START	1780467825158
USER	Lab 06 - Browse and Search API	START	1780467825158
REQUEST		List Users	1780467824883	1780467825161	OK	 
REQUEST		View Detail	1780467825079	1780467825161	OK	 
USER	Lab 06 - Browse and Search API	END	1780467825161
USER	Lab 06 - Browse and Search API	START	1780467825161
REQUEST		Search User	1780467825084	1780467825163	OK	 
REQUEST		View Detail	1780467825093	1780467825171	OK	 
REQUEST		View Detail	1780467825089	1780467825171	OK	 
USER	Lab 06 - Browse and Search API	END	1780467825171
REQUEST		List Users	1780467824888	1780467825171	OK	 
USER	Lab 06 - Browse and Search API	END	1780467825171
USER	Lab 06 - Browse and Search API	START	1780467825171
USER	Lab 06 - Browse and Search API	START	1780467825171
REQUEST		View Detail	1780467825093	1780467825173	OK	 
REQUEST		Search User	1780467825105	1780467825173	OK	 
USER	Lab 06 - Browse and Search API	END	1780467825173
USER	Lab 06 - Browse and Search API	START	1780467825173
REQUEST		List Users	1780467824908	1780467825209	OK	 
REQUEST		List Users	1780467824904	1780467825224	OK	 
REQUEST		List Users	1780467825019	1780467825224	OK	 
REQUEST		List Users	1780467824918	1780467825226	OK	 
REQUEST		List Users	1780467825171	1780467825332	OK	 
REQUEST		List Users	1780467825161	1780467825332	OK	 
REQUEST		List Users	1780467825158	1780467825332	OK	 
REQUEST		List Users	1780467825171	1780467825332	OK	 
REQUEST		View Detail	1780467825276	1780467825333	OK	 
USER	Lab 06 - Browse and Search API	END	1780467825333
USER	Lab 06 - Browse and Search API	START	1780467825333
REQUEST		Search User	1780467825311	1780467825378	OK	 
REQUEST		Search User	1780467824823	1780467825394	OK	 
REQUEST		View Detail	1780467825328	1780467825394	OK	 
REQUEST		List Users	1780467825173	1780467825394	OK	 
USER	Lab 06 - Browse and Search API	END	1780467825394
USER	Lab 06 - Browse and Search API	START	1780467825394
REQUEST		List Users	1780467825158	1780467825410	OK	 
REQUEST		View Detail	1780467825425	1780467825476	OK	 
USER	Lab 06 - Browse and Search API	END	1780467825477
USER	Lab 06 - Browse and Search API	START	1780467825477
REQUEST		Search User	1780467825446	1780467825496	OK	 
REQUEST		View Detail	1780467825448	1780467825501	OK	 
USER	Lab 06 - Browse and Search API	END	1780467825501
USER	Lab 06 - Browse and Search API	START	1780467825501
REQUEST		List Users	1780467825333	1780467825518	OK	 
REQUEST		View Detail	1780467825469	1780467825526	OK	 
REQUEST		View Detail	1780467825469	1780467825526	OK	 
USER	Lab 06 - Browse and Search API	END	1780467825526
USER	Lab 06 - Browse and Search API	END	1780467825526
USER	Lab 06 - Browse and Search API	START	1780467825526
USER	Lab 06 - Browse and Search API	START	1780467825526
REQUEST		Search User	1780467825486	1780467825549	OK	 
REQUEST		Search User	1780467825496	1780467825556	OK	 
REQUEST		List Users	1780467825394	1780467825559	OK	 
REQUEST		Search User	1780467825501	1780467825559	OK	 
REQUEST		List Users	1780467825477	1780467825614	OK	 
REQUEST		View Detail	1780467825589	1780467825646	OK	 
REQUEST		View Detail	1780467825594	1780467825646	OK	 
USER	Lab 06 - Browse and Search API	END	1780467825646
USER	Lab 06 - Browse and Search API	END	1780467825646
USER	Lab 06 - Browse and Search API	START	1780467825647
USER	Lab 06 - Browse and Search API	START	1780467825647
REQUEST		View Detail	1780467825589	1780467825650	OK	 
USER	Lab 06 - Browse and Search API	END	1780467825650
USER	Lab 06 - Browse and Search API	START	1780467825650
REQUEST		View Detail	1780467825589	1780467825653	OK	 
REQUEST		List Users	1780467825526	1780467825653	OK	 
USER	Lab 06 - Browse and Search API	END	1780467825653
REQUEST		Search User	1780467825594	1780467825653	OK	 
USER	Lab 06 - Browse and Search API	START	1780467825653
REQUEST		View Detail	1780467825589	1780467825656	OK	 
REQUEST		Search User	1780467825597	1780467825656	OK	 
USER	Lab 06 - Browse and Search API	END	1780467825656
USER	Lab 06 - Browse and Search API	START	1780467825656
REQUEST		Search User	1780467825615	1780467825671	OK	 
REQUEST		Search User	1780467825614	1780467825671	OK	 
REQUEST		List Users	1780467825501	1780467825671	OK	 
REQUEST		Search User	1780467825617	1780467825673	OK	 
REQUEST		Search User	1780467825615	1780467825673	OK	 
REQUEST		List Users	1780467825526	1780467825697	OK	 
REQUEST		Search User	1780467825694	1780467825754	OK	 
REQUEST		Search User	1780467825691	1780467825754	OK	 
REQUEST		Search User	1780467825702	1780467825770	OK	 
REQUEST		Search User	1780467825716	1780467825770	OK	 
REQUEST		Search User	1780467825707	1780467825770	OK	 
REQUEST		Search User	1780467825707	1780467825770	OK	 
REQUEST		Search User	1780467825714	1780467825770	OK	 
REQUEST		Search User	1780467825707	1780467825770	OK	 
REQUEST		Search User	1780467825708	1780467825770	OK	 
REQUEST		Search User	1780467825714	1780467825785	OK	 
REQUEST		Search User	1780467825718	1780467825785	OK	 
REQUEST		Search User	1780467825719	1780467825785	OK	 
REQUEST		Search User	1780467825717	1780467825785	OK	 
REQUEST		Search User	1780467825720	1780467825800	OK	 
REQUEST		Search User	1780467825752	1780467825816	OK	 
REQUEST		Search User	1780467825752	1780467825816	OK	 
REQUEST		List Users	1780467825650	1780467825868	OK	 
REQUEST		List Users	1780467825646	1780467825868	OK	 
REQUEST		List Users	1780467825656	1780467825879	OK	 
REQUEST		Search User	1780467825847	1780467825901	OK	 
REQUEST		View Detail	1780467825858	1780467825907	OK	 
USER	Lab 06 - Browse and Search API	END	1780467825907
USER	Lab 06 - Browse and Search API	START	1780467825907
REQUEST		Search User	1780467825857	1780467825931	OK	 
REQUEST		View Detail	1780467825880	1780467825941	OK	 
USER	Lab 06 - Browse and Search API	END	1780467825941
USER	Lab 06 - Browse and Search API	START	1780467825941
REQUEST		View Detail	1780467825869	1780467825948	OK	 
REQUEST		Search User	1780467825884	1780467825948	OK	 
USER	Lab 06 - Browse and Search API	END	1780467825948
USER	Lab 06 - Browse and Search API	START	1780467825948
REQUEST		View Detail	1780467825843	1780467825954	OK	 
USER	Lab 06 - Browse and Search API	END	1780467825954
USER	Lab 06 - Browse and Search API	START	1780467825954
REQUEST		List Users	1780467825653	1780467825975	OK	 
REQUEST		View Detail	1780467826031	1780467826151	OK	 
REQUEST		Search User	1780467826030	1780467826151	OK	 
REQUEST		Search User	1780467826067	1780467826151	OK	 
USER	Lab 06 - Browse and Search API	END	1780467826152
USER	Lab 06 - Browse and Search API	START	1780467826152
REQUEST		View Detail	1780467826107	1780467826159	OK	 
REQUEST		List Users	1780467825907	1780467826159	OK	 
REQUEST		View Detail	1780467826032	1780467826159	OK	 
USER	Lab 06 - Browse and Search API	END	1780467826159
USER	Lab 06 - Browse and Search API	END	1780467826159
USER	Lab 06 - Browse and Search API	START	1780467826159
USER	Lab 06 - Browse and Search API	START	1780467826159
REQUEST		Search User	1780467826158	1780467826213	OK	 
REQUEST		View Detail	1780467826155	1780467826213	OK	 
REQUEST		View Detail	1780467826120	1780467826213	OK	 
REQUEST		View Detail	1780467826129	1780467826213	OK	 
USER	Lab 06 - Browse and Search API	END	1780467826213
REQUEST		View Detail	1780467826128	1780467826213	OK	 
REQUEST		View Detail	1780467826115	1780467826213	OK	 
REQUEST		View Detail	1780467826135	1780467826213	OK	 
USER	Lab 06 - Browse and Search API	END	1780467826213
USER	Lab 06 - Browse and Search API	END	1780467826213
USER	Lab 06 - Browse and Search API	START	1780467826213
USER	Lab 06 - Browse and Search API	START	1780467826213
USER	Lab 06 - Browse and Search API	END	1780467826213
USER	Lab 06 - Browse and Search API	START	1780467826213
USER	Lab 06 - Browse and Search API	END	1780467826213
USER	Lab 06 - Browse and Search API	END	1780467826213
USER	Lab 06 - Browse and Search API	START	1780467826213
USER	Lab 06 - Browse and Search API	START	1780467826214
USER	Lab 06 - Browse and Search API	START	1780467826214
REQUEST		List Users	1780467825954	1780467826220	OK	 
REQUEST		List Users	1780467825948	1780467826222	OK	 
REQUEST		List Users	1780467825941	1780467826226	OK	 
REQUEST		Search User	1780467826179	1780467826226	OK	 
REQUEST		List Users	1780467826159	1780467826310	OK	 
REQUEST		Search User	1780467825472	1780467826344	OK	 
REQUEST		Search User	1780467826278	1780467826443	OK	 
REQUEST		List Users	1780467825647	1780467826448	OK	 
REQUEST		View Detail	1780467826339	1780467826452	OK	 
USER	Lab 06 - Browse and Search API	END	1780467826452
USER	Lab 06 - Browse and Search API	START	1780467826452
REQUEST		List Users	1780467826152	1780467826455	OK	 
REQUEST		List Users	1780467826159	1780467826458	OK	 
REQUEST		Search User	1780467826324	1780467826461	OK	 
REQUEST		List Users	1780467826213	1780467826502	OK	 
REQUEST		List Users	1780467826213	1780467826516	OK	 
REQUEST		List Users	1780467826213	1780467826520	OK	 
REQUEST		List Users	1780467826213	1780467826520	OK	 
REQUEST		View Detail	1780467826436	1780467826526	OK	 
REQUEST		List Users	1780467826213	1780467826526	OK	 
USER	Lab 06 - Browse and Search API	END	1780467826526
USER	Lab 06 - Browse and Search API	START	1780467826526
REQUEST		List Users	1780467826214	1780467826528	OK	 
REQUEST		View Detail	1780467826544	1780467826616	OK	 
REQUEST		View Detail	1780467826542	1780467826616	OK	 
USER	Lab 06 - Browse and Search API	END	1780467826616
USER	Lab 06 - Browse and Search API	END	1780467826616
USER	Lab 06 - Browse and Search API	START	1780467826616
USER	Lab 06 - Browse and Search API	START	1780467826616
REQUEST		View Detail	1780467826553	1780467826619	OK	 
USER	Lab 06 - Browse and Search API	END	1780467826619
USER	Lab 06 - Browse and Search API	START	1780467826619
REQUEST		View Detail	1780467826605	1780467826721	OK	 
USER	Lab 06 - Browse and Search API	END	1780467826721
USER	Lab 06 - Browse and Search API	START	1780467826722
REQUEST		View Detail	1780467826672	1780467826725	OK	 
REQUEST		View Detail	1780467826647	1780467826725	OK	 
REQUEST		View Detail	1780467826663	1780467826725	OK	 
USER	Lab 06 - Browse and Search API	END	1780467826725
USER	Lab 06 - Browse and Search API	END	1780467826725
USER	Lab 06 - Browse and Search API	END	1780467826725
USER	Lab 06 - Browse and Search API	START	1780467826725
USER	Lab 06 - Browse and Search API	START	1780467826726
USER	Lab 06 - Browse and Search API	START	1780467826726
REQUEST		View Detail	1780467826586	1780467826729	OK	 
USER	Lab 06 - Browse and Search API	END	1780467826729
USER	Lab 06 - Browse and Search API	START	1780467826730
REQUEST		View Detail	1780467826592	1780467826738	OK	 
USER	Lab 06 - Browse and Search API	END	1780467826738
USER	Lab 06 - Browse and Search API	START	1780467826738
REQUEST		List Users	1780467826452	1780467826744	OK	 
REQUEST		List Users	1780467826526	1780467826746	OK	 
REQUEST		View Detail	1780467826685	1780467826837	OK	 
USER	Lab 06 - Browse and Search API	END	1780467826837
USER	Lab 06 - Browse and Search API	START	1780467826837
REQUEST		View Detail	1780467826782	1780467826843	OK	 
USER	Lab 06 - Browse and Search API	END	1780467826843
USER	Lab 06 - Browse and Search API	START	1780467826843
REQUEST		View Detail	1780467826702	1780467826846	OK	 
USER	Lab 06 - Browse and Search API	END	1780467826846
USER	Lab 06 - Browse and Search API	START	1780467826846
REQUEST		View Detail	1780467826798	1780467826862	OK	 
USER	Lab 06 - Browse and Search API	END	1780467826862
USER	Lab 06 - Browse and Search API	START	1780467826863
REQUEST		List Users	1780467826616	1780467826878	OK	 
REQUEST		View Detail	1780467826845	1780467826968	OK	 
USER	Lab 06 - Browse and Search API	END	1780467826968
USER	Lab 06 - Browse and Search API	START	1780467826968
REQUEST		View Detail	1780467826863	1780467826971	OK	 
REQUEST		List Users	1780467826726	1780467826971	OK	 
USER	Lab 06 - Browse and Search API	END	1780467826971
USER	Lab 06 - Browse and Search API	START	1780467826971
REQUEST		List Users	1780467826738	1780467826977	OK	 
REQUEST		List Users	1780467826729	1780467826977	OK	 
REQUEST		List Users	1780467826726	1780467826981	OK	 
REQUEST		List Users	1780467826619	1780467826983	OK	 
REQUEST		List Users	1780467826721	1780467826983	OK	 
REQUEST		View Detail	1780467826893	1780467826986	OK	 
USER	Lab 06 - Browse and Search API	END	1780467826986
USER	Lab 06 - Browse and Search API	START	1780467826986
REQUEST		List Users	1780467826616	1780467827029	OK	 
REQUEST		View Detail	1780467826948	1780467827038	OK	 
USER	Lab 06 - Browse and Search API	END	1780467827038
USER	Lab 06 - Browse and Search API	START	1780467827038
REQUEST		View Detail	1780467826948	1780467827040	OK	 
USER	Lab 06 - Browse and Search API	END	1780467827040
USER	Lab 06 - Browse and Search API	START	1780467827040
REQUEST		List Users	1780467826725	1780467827054	OK	 
REQUEST		List Users	1780467826863	1780467827077	OK	 
REQUEST		List Users	1780467826837	1780467827082	OK	 
REQUEST		List Users	1780467826843	1780467827083	OK	 
REQUEST		List Users	1780467826971	1780467827119	OK	 
REQUEST		View Detail	1780467827061	1780467827119	OK	 
USER	Lab 06 - Browse and Search API	END	1780467827119
USER	Lab 06 - Browse and Search API	START	1780467827119
REQUEST		List Users	1780467826986	1780467827123	OK	 
REQUEST		View Detail	1780467827068	1780467827128	OK	 
USER	Lab 06 - Browse and Search API	END	1780467827128
USER	Lab 06 - Browse and Search API	START	1780467827128
REQUEST		List Users	1780467826846	1780467827133	OK	 
REQUEST		View Detail	1780467827153	1780467827200	OK	 
USER	Lab 06 - Browse and Search API	END	1780467827201
USER	Lab 06 - Browse and Search API	START	1780467827201
REQUEST		View Detail	1780467827159	1780467827206	OK	 
REQUEST		Search User	1780467827162	1780467827206	OK	 
USER	Lab 06 - Browse and Search API	END	1780467827206
USER	Lab 06 - Browse and Search API	START	1780467827206
REQUEST		View Detail	1780467827164	1780467827209	OK	 
USER	Lab 06 - Browse and Search API	END	1780467827210
USER	Lab 06 - Browse and Search API	START	1780467827210
REQUEST		List Users	1780467826968	1780467827217	OK	 
REQUEST		View Detail	1780467827174	1780467827230	OK	 
USER	Lab 06 - Browse and Search API	END	1780467827230
REQUEST		Search User	1780467827172	1780467827230	OK	 
USER	Lab 06 - Browse and Search API	START	1780467827230
REQUEST		List Users	1780467827038	1780467827310	OK	 
REQUEST		Search User	1780467827226	1780467827310	OK	 
REQUEST		List Users	1780467827040	1780467827315	OK	 
REQUEST		Search User	1780467827209	1780467827315	OK	 
REQUEST		Search User	1780467827225	1780467827320	OK	 
REQUEST		Search User	1780467827228	1780467827320	OK	 
REQUEST		List Users	1780467827119	1780467827369	OK	 
REQUEST		List Users	1780467827128	1780467827376	OK	 
REQUEST		Search User	1780467827334	1780467827570	OK	 
REQUEST		Search User	1780467827333	1780467827570	OK	 
REQUEST		View Detail	1780467827496	1780467827573	OK	 
REQUEST		Search User	1780467827334	1780467827574	OK	 
REQUEST		Search User	1780467827334	1780467827574	OK	 
USER	Lab 06 - Browse and Search API	END	1780467827574
USER	Lab 06 - Browse and Search API	START	1780467827574
REQUEST		List Users	1780467827201	1780467827579	OK	 
REQUEST		View Detail	1780467827380	1780467827579	OK	 
USER	Lab 06 - Browse and Search API	END	1780467827579
USER	Lab 06 - Browse and Search API	START	1780467827579
REQUEST		List Users	1780467827230	1780467827581	OK	 
REQUEST		List Users	1780467827210	1780467827583	OK	 
REQUEST		Search User	1780467827395	1780467827585	OK	 
REQUEST		Search User	1780467827519	1780467827587	OK	 
REQUEST		List Users	1780467827206	1780467827587	OK	 
REQUEST		Search User	1780467827412	1780467827587	OK	 
REQUEST		View Detail	1780467827395	1780467827599	OK	 
USER	Lab 06 - Browse and Search API	END	1780467827599
USER	Lab 06 - Browse and Search API	START	1780467827599
REQUEST		View Detail	1780467827560	1780467827669	OK	 
REQUEST		Search User	1780467827560	1780467827669	OK	 
REQUEST		Search User	1780467827616	1780467827669	OK	 
USER	Lab 06 - Browse and Search API	END	1780467827669
USER	Lab 06 - Browse and Search API	START	1780467827669
REQUEST		View Detail	1780467827549	1780467827671	OK	 
REQUEST		View Detail	1780467827557	1780467827671	OK	 
USER	Lab 06 - Browse and Search API	END	1780467827671
USER	Lab 06 - Browse and Search API	END	1780467827671
USER	Lab 06 - Browse and Search API	START	1780467827671
USER	Lab 06 - Browse and Search API	START	1780467827671
REQUEST		Search User	1780467827654	1780467827724	OK	 
REQUEST		View Detail	1780467827654	1780467827730	OK	 
USER	Lab 06 - Browse and Search API	END	1780467827730
USER	Lab 06 - Browse and Search API	START	1780467827730
REQUEST		View Detail	1780467827657	1780467827738	OK	 
USER	Lab 06 - Browse and Search API	END	1780467827738
USER	Lab 06 - Browse and Search API	START	1780467827739
REQUEST		Search User	1780467827672	1780467827744	OK	 
REQUEST		View Detail	1780467827675	1780467827744	OK	 
REQUEST		View Detail	1780467827675	1780467827744	OK	 
REQUEST		View Detail	1780467827672	1780467827744	OK	 
USER	Lab 06 - Browse and Search API	END	1780467827744
USER	Lab 06 - Browse and Search API	END	1780467827744
USER	Lab 06 - Browse and Search API	END	1780467827744
USER	Lab 06 - Browse and Search API	START	1780467827744
USER	Lab 06 - Browse and Search API	START	1780467827744
USER	Lab 06 - Browse and Search API	START	1780467827744
REQUEST		View Detail	1780467827672	1780467827747	OK	 
USER	Lab 06 - Browse and Search API	END	1780467827747
USER	Lab 06 - Browse and Search API	START	1780467827747
REQUEST		View Detail	1780467827754	1780467827881	OK	 
REQUEST		View Detail	1780467827818	1780467827881	OK	 
REQUEST		View Detail	1780467827754	1780467827881	OK	 
REQUEST		View Detail	1780467827817	1780467827881	OK	 
USER	Lab 06 - Browse and Search API	END	1780467827881
USER	Lab 06 - Browse and Search API	END	1780467827881
USER	Lab 06 - Browse and Search API	END	1780467827881
USER	Lab 06 - Browse and Search API	END	1780467827881
USER	Lab 06 - Browse and Search API	START	1780467827881
USER	Lab 06 - Browse and Search API	START	1780467827881
USER	Lab 06 - Browse and Search API	START	1780467827881
USER	Lab 06 - Browse and Search API	START	1780467827881
REQUEST		List Users	1780467827579	1780467827883	OK	 
REQUEST		View Detail	1780467827772	1780467827885	OK	 
REQUEST		View Detail	1780467827771	1780467827885	OK	 
REQUEST		View Detail	1780467827772	1780467827885	OK	 
REQUEST		View Detail	1780467827771	1780467827885	OK	 
USER	Lab 06 - Browse and Search API	END	1780467827885
USER	Lab 06 - Browse and Search API	END	1780467827885
USER	Lab 06 - Browse and Search API	END	1780467827885
USER	Lab 06 - Browse and Search API	END	1780467827885
USER	Lab 06 - Browse and Search API	START	1780467827885
USER	Lab 06 - Browse and Search API	START	1780467827885
USER	Lab 06 - Browse and Search API	START	1780467827885
USER	Lab 06 - Browse and Search API	START	1780467827885
REQUEST		View Detail	1780467827785	1780467827888	OK	 
REQUEST		View Detail	1780467827771	1780467827888	OK	 
USER	Lab 06 - Browse and Search API	END	1780467827888
REQUEST		Search User	1780467827698	1780467827888	OK	 
USER	Lab 06 - Browse and Search API	START	1780467827888
USER	Lab 06 - Browse and Search API	END	1780467827888
USER	Lab 06 - Browse and Search API	START	1780467827888
REQUEST		View Detail	1780467827771	1780467827889	OK	 
REQUEST		List Users	1780467827599	1780467827889	OK	 
REQUEST		View Detail	1780467827771	1780467827890	OK	 
USER	Lab 06 - Browse and Search API	END	1780467827890
USER	Lab 06 - Browse and Search API	END	1780467827890
USER	Lab 06 - Browse and Search API	START	1780467827890
USER	Lab 06 - Browse and Search API	START	1780467827890
REQUEST		View Detail	1780467827787	1780467827897	OK	 
REQUEST		View Detail	1780467827801	1780467827897	OK	 
REQUEST		View Detail	1780467827787	1780467827897	OK	 
REQUEST		List Users	1780467827574	1780467827897	OK	 
USER	Lab 06 - Browse and Search API	END	1780467827897
USER	Lab 06 - Browse and Search API	END	1780467827897
USER	Lab 06 - Browse and Search API	END	1780467827897
USER	Lab 06 - Browse and Search API	START	1780467827897
USER	Lab 06 - Browse and Search API	START	1780467827898
USER	Lab 06 - Browse and Search API	START	1780467827898
REQUEST		View Detail	1780467827787	1780467827899	OK	 
USER	Lab 06 - Browse and Search API	END	1780467827899
USER	Lab 06 - Browse and Search API	START	1780467827899
REQUEST		Search User	1780467827869	1780467827946	OK	 
REQUEST		List Users	1780467827671	1780467827953	OK	 
REQUEST		Search User	1780467827869	1780467827953	OK	 
REQUEST		List Users	1780467827671	1780467827954	OK	 
REQUEST		List Users	1780467827669	1780467827956	OK	 
REQUEST		Search User	1780467827881	1780467827956	OK	 
REQUEST		View Detail	1780467827903	1780467827963	OK	 
USER	Lab 06 - Browse and Search API	END	1780467827963
USER	Lab 06 - Browse and Search API	START	1780467827963
REQUEST		View Detail	1780467827931	1780467827992	OK	 
USER	Lab 06 - Browse and Search API	END	1780467827992
USER	Lab 06 - Browse and Search API	START	1780467827992
REQUEST		List Users	1780467827744	1780467827999	OK	 
REQUEST		List Users	1780467827747	1780467828009	OK	 
REQUEST		View Detail	1780467827948	1780467828015	OK	 
REQUEST		List Users	1780467827730	1780467828015	OK	 
USER	Lab 06 - Browse and Search API	END	1780467828015
USER	Lab 06 - Browse and Search API	START	1780467828016
REQUEST		List Users	1780467827744	1780467828019	OK	 
REQUEST		List Users	1780467827744	1780467828019	OK	 
REQUEST		List Users	1780467827738	1780467828032	OK	 
REQUEST		Search User	1780467827976	1780467828040	OK	 
REQUEST		List Users	1780467827885	1780467828141	OK	 
REQUEST		List Users	1780467827897	1780467828145	OK	 
REQUEST		List Users	1780467827885	1780467828147	OK	 
REQUEST		List Users	1780467827897	1780467828147	OK	 
REQUEST		List Users	1780467827888	1780467828155	OK	 
REQUEST		List Users	1780467827881	1780467828155	OK	 
REQUEST		List Users	1780467827881	1780467828157	OK	 
REQUEST		List Users	1780467827881	1780467828159	OK	 
REQUEST		List Users	1780467827888	1780467828159	OK	 
REQUEST		List Users	1780467827885	1780467828167	OK	 
REQUEST		List Users	1780467827899	1780467828168	OK	 
REQUEST		List Users	1780467827881	1780467828179	OK	 
REQUEST		List Users	1780467827885	1780467828185	OK	 
REQUEST		List Users	1780467827890	1780467828185	OK	 
REQUEST		List Users	1780467827890	1780467828199	OK	 
REQUEST		List Users	1780467827897	1780467828202	OK	 
REQUEST		List Users	1780467827963	1780467828256	OK	 
REQUEST		List Users	1780467827992	1780467828258	OK	 
REQUEST		View Detail	1780467828152	1780467828258	OK	 
USER	Lab 06 - Browse and Search API	END	1780467828258
USER	Lab 06 - Browse and Search API	START	1780467828259
REQUEST		Search User	1780467828159	1780467828261	OK	 
REQUEST		View Detail	1780467828152	1780467828266	OK	 
USER	Lab 06 - Browse and Search API	END	1780467828267
USER	Lab 06 - Browse and Search API	START	1780467828267
REQUEST		View Detail	1780467828214	1780467828270	OK	 
USER	Lab 06 - Browse and Search API	END	1780467828270
USER	Lab 06 - Browse and Search API	START	1780467828270
REQUEST		Search User	1780467828223	1780467828272	OK	 
REQUEST		Search User	1780467828221	1780467828280	OK	 
REQUEST		Search User	1780467828228	1780467828297	OK	 
REQUEST		View Detail	1780467828227	1780467828297	OK	 
USER	Lab 06 - Browse and Search API	END	1780467828297
USER	Lab 06 - Browse and Search API	START	1780467828297
REQUEST		List Users	1780467828016	1780467828372	OK	 
REQUEST		Search User	1780467828311	1780467828377	OK	 
REQUEST		View Detail	1780467828345	1780467828422	OK	 
USER	Lab 06 - Browse and Search API	END	1780467828422
USER	Lab 06 - Browse and Search API	START	1780467828422
REQUEST		List Users	1780467828259	1780467828457	OK	 
REQUEST		List Users	1780467828267	1780467828472	OK	 
REQUEST		List Users	1780467828297	1780467828478	OK	 
REQUEST		List Users	1780467828270	1780467828481	OK	 
REQUEST		View Detail	1780467828444	1780467828501	OK	 
USER	Lab 06 - Browse and Search API	END	1780467828501
USER	Lab 06 - Browse and Search API	START	1780467828501
REQUEST		Search User	1780467828502	1780467828578	OK	 
REQUEST		Search User	1780467828521	1780467828580	OK	 
REQUEST		Search User	1780467828459	1780467828580	OK	 
REQUEST		Search User	1780467828449	1780467828583	OK	 
REQUEST		Search User	1780467828456	1780467828583	OK	 
REQUEST		Search User	1780467828526	1780467828585	OK	 
REQUEST		View Detail	1780467828461	1780467828585	OK	 
REQUEST		Search User	1780467828520	1780467828585	OK	 
USER	Lab 06 - Browse and Search API	END	1780467828585
USER	Lab 06 - Browse and Search API	START	1780467828586
REQUEST		Search User	1780467828517	1780467828588	OK	 
REQUEST		Search User	1780467828528	1780467828603	OK	 
REQUEST		List Users	1780467828422	1780467828640	OK	 
REQUEST		List Users	1780467828501	1780467828669	OK	 
REQUEST		List Users	1780467828585	1780467828716	OK	 
REQUEST		Search User	1780467828747	1780467828798	OK	 
REQUEST		Search User	1780467828745	1780467828804	OK	 
REQUEST		Search User	1780467828879	1780467828924	OK	 
REQUEST		Search User	1780467828972	1780467829019	OK	 
REQUEST		Search User	1780467828983	1780467829026	OK	 
REQUEST		Search User	1780467828979	1780467829033	OK	 
REQUEST		Search User	1780467828978	1780467829033	OK	 
REQUEST		Search User	1780467828984	1780467829037	OK	 
REQUEST		Search User	1780467828985	1780467829041	OK	 
REQUEST		Search User	1780467829030	1780467829073	OK	 
REQUEST		Search User	1780467829054	1780467829120	OK	 
REQUEST		Search User	1780467829078	1780467829124	OK	 
REQUEST		Search User	1780467829084	1780467829133	OK	 
REQUEST		Search User	1780467829084	1780467829136	OK	 
REQUEST		Search User	1780467829121	1780467829167	OK	 
REQUEST		Search User	1780467829124	1780467829170	OK	 
REQUEST		Search User	1780467829134	1780467829191	OK	 
REQUEST		View Detail	1780467829207	1780467829257	OK	 
USER	Lab 06 - Browse and Search API	END	1780467829257
USER	Lab 06 - Browse and Search API	START	1780467829257
REQUEST		Search User	1780467829218	1780467829275	OK	 
REQUEST		View Detail	1780467829231	1780467829287	OK	 
USER	Lab 06 - Browse and Search API	END	1780467829287
USER	Lab 06 - Browse and Search API	START	1780467829287
REQUEST		Search User	1780467829311	1780467829355	OK	 
REQUEST		View Detail	1780467829311	1780467829363	OK	 
USER	Lab 06 - Browse and Search API	END	1780467829363
USER	Lab 06 - Browse and Search API	START	1780467829364
REQUEST		View Detail	1780467829317	1780467829368	OK	 
REQUEST		Search User	1780467829317	1780467829368	OK	 
USER	Lab 06 - Browse and Search API	END	1780467829368
USER	Lab 06 - Browse and Search API	START	1780467829368
REQUEST		View Detail	1780467829321	1780467829376	OK	 
USER	Lab 06 - Browse and Search API	END	1780467829376
USER	Lab 06 - Browse and Search API	START	1780467829376
REQUEST		View Detail	1780467829321	1780467829388	OK	 
USER	Lab 06 - Browse and Search API	END	1780467829388
USER	Lab 06 - Browse and Search API	START	1780467829388
REQUEST		List Users	1780467829257	1780467829394	OK	 
REQUEST		Search User	1780467829377	1780467829440	OK	 
REQUEST		Search User	1780467829371	1780467829442	OK	 
REQUEST		List Users	1780467829287	1780467829442	OK	 
REQUEST		List Users	1780467829364	1780467829496	OK	 
REQUEST		List Users	1780467829376	1780467829576	OK	 
REQUEST		List Users	1780467829368	1780467829598	OK	 
REQUEST		List Users	1780467829388	1780467829600	OK	 
REQUEST		View Detail	1780467829570	1780467829613	OK	 
REQUEST		View Detail	1780467829571	1780467829613	OK	 
USER	Lab 06 - Browse and Search API	END	1780467829613
USER	Lab 06 - Browse and Search API	END	1780467829613
USER	Lab 06 - Browse and Search API	START	1780467829614
USER	Lab 06 - Browse and Search API	START	1780467829614
REQUEST		View Detail	1780467829575	1780467829627	OK	 
REQUEST		View Detail	1780467829574	1780467829627	OK	 
USER	Lab 06 - Browse and Search API	END	1780467829627
USER	Lab 06 - Browse and Search API	END	1780467829627
USER	Lab 06 - Browse and Search API	START	1780467829627
USER	Lab 06 - Browse and Search API	START	1780467829627
REQUEST		Search User	1780467829581	1780467829648	OK	 
REQUEST		Search User	1780467829580	1780467829648	OK	 
REQUEST		Search User	1780467829584	1780467829658	OK	 
REQUEST		View Detail	1780467829588	1780467829659	OK	 
REQUEST		View Detail	1780467829586	1780467829659	OK	 
REQUEST		Search User	1780467829588	1780467829659	OK	 
USER	Lab 06 - Browse and Search API	END	1780467829659
USER	Lab 06 - Browse and Search API	END	1780467829659
USER	Lab 06 - Browse and Search API	START	1780467829659
USER	Lab 06 - Browse and Search API	START	1780467829659
REQUEST		View Detail	1780467829588	1780467829665	OK	 
USER	Lab 06 - Browse and Search API	END	1780467829665
USER	Lab 06 - Browse and Search API	START	1780467829666
REQUEST		View Detail	1780467829670	1780467829753	OK	 
REQUEST		View Detail	1780467829670	1780467829753	OK	 
USER	Lab 06 - Browse and Search API	END	1780467829753
USER	Lab 06 - Browse and Search API	END	1780467829753
USER	Lab 06 - Browse and Search API	START	1780467829753
USER	Lab 06 - Browse and Search API	START	1780467829753
REQUEST		View Detail	1780467829726	1780467829773	OK	 
USER	Lab 06 - Browse and Search API	END	1780467829773
USER	Lab 06 - Browse and Search API	START	1780467829773
REQUEST		List Users	1780467829613	1780467829781	OK	 
REQUEST		List Users	1780467829627	1780467829786	OK	 
REQUEST		View Detail	1780467829745	1780467829802	OK	 
USER	Lab 06 - Browse and Search API	END	1780467829802
USER	Lab 06 - Browse and Search API	START	1780467829802
REQUEST		List Users	1780467829659	1780467829884	OK	 
REQUEST		List Users	1780467829665	1780467829884	OK	 
REQUEST		List Users	1780467829659	1780467829887	OK	 
REQUEST		List Users	1780467829627	1780467829895	OK	 
REQUEST		List Users	1780467829613	1780467829897	OK	 
REQUEST		Search User	1780467829890	1780467829990	OK	 
REQUEST		View Detail	1780467829947	1780467829997	OK	 
REQUEST		Search User	1780467829884	1780467829997	OK	 
USER	Lab 06 - Browse and Search API	END	1780467829997
USER	Lab 06 - Browse and Search API	START	1780467829997
REQUEST		View Detail	1780467829889	1780467830001	OK	 
USER	Lab 06 - Browse and Search API	END	1780467830001
REQUEST		Search User	1780467829898	1780467830001	OK	 
USER	Lab 06 - Browse and Search API	START	1780467830001
REQUEST		Search User	1780467829955	1780467830015	OK	 
REQUEST		Search User	1780467829954	1780467830017	OK	 
REQUEST		View Detail	1780467829955	1780467830017	OK	 
USER	Lab 06 - Browse and Search API	END	1780467830017
USER	Lab 06 - Browse and Search API	START	1780467830017
REQUEST		Search User	1780467829956	1780467830020	OK	 
REQUEST		View Detail	1780467829956	1780467830020	OK	 
USER	Lab 06 - Browse and Search API	END	1780467830020
USER	Lab 06 - Browse and Search API	START	1780467830020
REQUEST		Search User	1780467830016	1780467830073	OK	 
REQUEST		Search User	1780467830000	1780467830073	OK	 
REQUEST		Search User	1780467830009	1780467830073	OK	 
REQUEST		Search User	1780467830020	1780467830078	OK	 
REQUEST		Search User	1780467830021	1780467830078	OK	 
REQUEST		List Users	1780467829773	1780467830078	OK	 
REQUEST		List Users	1780467829753	1780467830085	OK	 
REQUEST		List Users	1780467829753	1780467830085	OK	 
REQUEST		List Users	1780467829802	1780467830087	OK	 
REQUEST		Search User	1780467830033	1780467830106	OK	 
REQUEST		View Detail	1780467830041	1780467830110	OK	 
USER	Lab 06 - Browse and Search API	END	1780467830110
USER	Lab 06 - Browse and Search API	START	1780467830111
REQUEST		Search User	1780467830141	1780467830187	OK	 
REQUEST		Search User	1780467830148	1780467830194	OK	 
REQUEST		List Users	1780467830020	1780467830194	OK	 
REQUEST		Search User	1780467830149	1780467830199	OK	 
REQUEST		List Users	1780467830017	1780467830204	OK	 
REQUEST		Search User	1780467830156	1780467830204	OK	 
REQUEST		Search User	1780467830146	1780467830204	OK	 
REQUEST		Search User	1780467830157	1780467830204	OK	 
REQUEST		Search User	1780467830158	1780467830204	OK	 
REQUEST		List Users	1780467830001	1780467830206	OK	 
REQUEST		List Users	1780467829997	1780467830211	OK	 
REQUEST		Search User	1780467830160	1780467830211	OK	 
REQUEST		Search User	1780467830168	1780467830228	OK	 
REQUEST		Search User	1780467830169	1780467830230	OK	 
REQUEST		Search User	1780467830161	1780467830238	OK	 
REQUEST		List Users	1780467830110	1780467830291	OK	 
REQUEST		Search User	1780467830180	1780467830293	OK	 
REQUEST		Search User	1780467830185	1780467830301	OK	 
REQUEST		Search User	1780467830185	1780467830308	OK	 
REQUEST		Search User	1780467830203	1780467830308	OK	 
REQUEST		Search User	1780467830257	1780467830308	OK	 
REQUEST		Search User	1780467830200	1780467830308	OK	 
REQUEST		Search User	1780467830259	1780467830313	OK	 
REQUEST		View Detail	1780467830262	1780467830323	OK	 
USER	Lab 06 - Browse and Search API	END	1780467830324
USER	Lab 06 - Browse and Search API	START	1780467830324
REQUEST		Search User	1780467830374	1780467830428	OK	 
REQUEST		View Detail	1780467830377	1780467830433	OK	 
REQUEST		View Detail	1780467830281	1780467830433	OK	 
REQUEST		View Detail	1780467830273	1780467830433	OK	 
USER	Lab 06 - Browse and Search API	END	1780467830433
USER	Lab 06 - Browse and Search API	END	1780467830433
USER	Lab 06 - Browse and Search API	END	1780467830433
USER	Lab 06 - Browse and Search API	START	1780467830433
USER	Lab 06 - Browse and Search API	START	1780467830433
USER	Lab 06 - Browse and Search API	START	1780467830433
REQUEST		View Detail	1780467830298	1780467830435	OK	 
USER	Lab 06 - Browse and Search API	END	1780467830435
USER	Lab 06 - Browse and Search API	START	1780467830435
REQUEST		Search User	1780467830457	1780467830524	OK	 
REQUEST		Search User	1780467830479	1780467830531	OK	 
REQUEST		Search User	1780467830473	1780467830531	OK	 
REQUEST		List Users	1780467830324	1780467830550	OK	 
REQUEST		Search User	1780467830482	1780467830554	OK	 
REQUEST		List Users	1780467830433	1780467830599	OK	 
REQUEST		List Users	1780467830433	1780467830599	OK	 
REQUEST		List Users	1780467830433	1780467830601	OK	 
REQUEST		List Users	1780467830435	1780467830626	OK	 
REQUEST		View Detail	1780467830578	1780467830628	OK	 
USER	Lab 06 - Browse and Search API	END	1780467830628
USER	Lab 06 - Browse and Search API	START	1780467830628
REQUEST		View Detail	1780467830588	1780467830664	OK	 
REQUEST		View Detail	1780467830581	1780467830664	OK	 
USER	Lab 06 - Browse and Search API	END	1780467830664
USER	Lab 06 - Browse and Search API	END	1780467830664
USER	Lab 06 - Browse and Search API	START	1780467830664
USER	Lab 06 - Browse and Search API	START	1780467830664
REQUEST		View Detail	1780467830586	1780467830668	OK	 
USER	Lab 06 - Browse and Search API	END	1780467830668
USER	Lab 06 - Browse and Search API	START	1780467830669
REQUEST		View Detail	1780467830582	1780467830672	OK	 
USER	Lab 06 - Browse and Search API	END	1780467830672
USER	Lab 06 - Browse and Search API	START	1780467830673
REQUEST		View Detail	1780467830583	1780467830676	OK	 
REQUEST		View Detail	1780467830583	1780467830676	OK	 
USER	Lab 06 - Browse and Search API	END	1780467830676
USER	Lab 06 - Browse and Search API	END	1780467830676
USER	Lab 06 - Browse and Search API	START	1780467830676
USER	Lab 06 - Browse and Search API	START	1780467830676
REQUEST		View Detail	1780467830586	1780467830681	OK	 
USER	Lab 06 - Browse and Search API	END	1780467830681
USER	Lab 06 - Browse and Search API	START	1780467830681
REQUEST		Search User	1780467830642	1780467830707	OK	 
REQUEST		View Detail	1780467830605	1780467830716	OK	 
USER	Lab 06 - Browse and Search API	END	1780467830716
USER	Lab 06 - Browse and Search API	START	1780467830716
REQUEST		Search User	1780467830670	1780467830776	OK	 
REQUEST		Search User	1780467830717	1780467830993	OK	 
REQUEST		List Users	1780467830628	1780467830996	OK	 
REQUEST		View Detail	1780467830798	1780467830998	OK	 
USER	Lab 06 - Browse and Search API	END	1780467830998
USER	Lab 06 - Browse and Search API	START	1780467830998
REQUEST		View Detail	1780467830805	1780467831010	OK	 
USER	Lab 06 - Browse and Search API	END	1780467831010
USER	Lab 06 - Browse and Search API	START	1780467831010
REQUEST		List Users	1780467830668	1780467831118	OK	 
REQUEST		List Users	1780467830664	1780467831118	OK	 
REQUEST		View Detail	1780467830926	1780467831127	OK	 
REQUEST		List Users	1780467830681	1780467831127	OK	 
REQUEST		List Users	1780467830664	1780467831127	OK	 
USER	Lab 06 - Browse and Search API	END	1780467831127
USER	Lab 06 - Browse and Search API	START	1780467831127
REQUEST		List Users	1780467830676	1780467831216	OK	 
REQUEST		List Users	1780467830716	1780467831218	OK	 
REQUEST		View Detail	1780467831027	1780467831220	OK	 
REQUEST		View Detail	1780467831168	1780467831220	OK	 
REQUEST		View Detail	1780467831034	1780467831220	OK	 
USER	Lab 06 - Browse and Search API	END	1780467831220
USER	Lab 06 - Browse and Search API	END	1780467831220
USER	Lab 06 - Browse and Search API	END	1780467831220
USER	Lab 06 - Browse and Search API	START	1780467831220
USER	Lab 06 - Browse and Search API	START	1780467831220
USER	Lab 06 - Browse and Search API	START	1780467831220
REQUEST		View Detail	1780467831034	1780467831226	OK	 
REQUEST		View Detail	1780467831125	1780467831226	OK	 
REQUEST		View Detail	1780467831073	1780467831226	OK	 
USER	Lab 06 - Browse and Search API	END	1780467831226
USER	Lab 06 - Browse and Search API	END	1780467831226
USER	Lab 06 - Browse and Search API	END	1780467831226
USER	Lab 06 - Browse and Search API	START	1780467831226
USER	Lab 06 - Browse and Search API	START	1780467831226
USER	Lab 06 - Browse and Search API	START	1780467831227
REQUEST		View Detail	1780467831019	1780467831228	OK	 
REQUEST		View Detail	1780467831171	1780467831228	OK	 
REQUEST		List Users	1780467830676	1780467831228	OK	 
REQUEST		View Detail	1780467831041	1780467831228	OK	 
REQUEST		View Detail	1780467831136	1780467831228	OK	 
REQUEST		View Detail	1780467831039	1780467831228	OK	 
USER	Lab 06 - Browse and Search API	END	1780467831228
USER	Lab 06 - Browse and Search API	END	1780467831228
USER	Lab 06 - Browse and Search API	END	1780467831228
USER	Lab 06 - Browse and Search API	END	1780467831228
USER	Lab 06 - Browse and Search API	END	1780467831228
USER	Lab 06 - Browse and Search API	START	1780467831228
USER	Lab 06 - Browse and Search API	START	1780467831228
USER	Lab 06 - Browse and Search API	START	1780467831229
USER	Lab 06 - Browse and Search API	START	1780467831229
USER	Lab 06 - Browse and Search API	START	1780467831229
REQUEST		List Users	1780467830673	1780467831230	OK	 
REQUEST		View Detail	1780467831134	1780467831230	OK	 
USER	Lab 06 - Browse and Search API	END	1780467831230
USER	Lab 06 - Browse and Search API	START	1780467831230
REQUEST		View Detail	1780467831121	1780467831237	OK	 
USER	Lab 06 - Browse and Search API	END	1780467831237
USER	Lab 06 - Browse and Search API	START	1780467831237
REQUEST		View Detail	1780467831191	1780467831313	OK	 
USER	Lab 06 - Browse and Search API	END	1780467831314
USER	Lab 06 - Browse and Search API	START	1780467831314
REQUEST		View Detail	1780467831276	1780467831341	OK	 
USER	Lab 06 - Browse and Search API	END	1780467831341
USER	Lab 06 - Browse and Search API	START	1780467831341
REQUEST		List Users	1780467831127	1780467831371	OK	 
REQUEST		List Users	1780467831010	1780467831401	OK	 
REQUEST		List Users	1780467831220	1780467831419	OK	 
REQUEST		List Users	1780467831230	1780467831419	OK	 
REQUEST		List Users	1780467830998	1780467831421	OK	 
REQUEST		List Users	1780467831228	1780467831423	OK	 
REQUEST		List Users	1780467831228	1780467831423	OK	 
REQUEST		View Detail	1780467831356	1780467831425	OK	 
REQUEST		List Users	1780467831228	1780467831425	OK	 
USER	Lab 06 - Browse and Search API	END	1780467831425
USER	Lab 06 - Browse and Search API	START	1780467831426
REQUEST		View Detail	1780467831368	1780467831438	OK	 
USER	Lab 06 - Browse and Search API	END	1780467831438
USER	Lab 06 - Browse and Search API	START	1780467831438
REQUEST		List Users	1780467831226	1780467831440	OK	 
REQUEST		List Users	1780467831228	1780467831440	OK	 
REQUEST		Search User	1780467831395	1780467831449	OK	 
REQUEST		List Users	1780467831226	1780467831456	OK	 
REQUEST		List Users	1780467831237	1780467831457	OK	 
REQUEST		List Users	1780467831226	1780467831523	OK	 
REQUEST		List Users	1780467831220	1780467831523	OK	 
REQUEST		List Users	1780467831228	1780467831523	OK	 
REQUEST		List Users	1780467831341	1780467831525	OK	 
REQUEST		List Users	1780467831314	1780467831527	OK	 
REQUEST		View Detail	1780467831441	1780467831534	OK	 
REQUEST		View Detail	1780467831443	1780467831534	OK	 
REQUEST		Search User	1780467831443	1780467831534	OK	 
USER	Lab 06 - Browse and Search API	END	1780467831534
USER	Lab 06 - Browse and Search API	END	1780467831534
USER	Lab 06 - Browse and Search API	START	1780467831535
USER	Lab 06 - Browse and Search API	START	1780467831535
REQUEST		List Users	1780467831220	1780467831537	OK	 
REQUEST		Search User	1780467831497	1780467831670	OK	 
REQUEST		Search User	1780467831576	1780467831686	OK	 
REQUEST		Search User	1780467831599	1780467831691	OK	 
REQUEST		Search User	1780467831601	1780467831694	OK	 
REQUEST		View Detail	1780467831650	1780467831694	OK	 
USER	Lab 06 - Browse and Search API	END	1780467831694
USER	Lab 06 - Browse and Search API	START	1780467831694
REQUEST		View Detail	1780467831650	1780467831696	OK	 
USER	Lab 06 - Browse and Search API	END	1780467831696
USER	Lab 06 - Browse and Search API	START	1780467831696
REQUEST		View Detail	1780467831659	1780467831706	OK	 
USER	Lab 06 - Browse and Search API	END	1780467831706
USER	Lab 06 - Browse and Search API	START	1780467831706
REQUEST		View Detail	1780467831659	1780467831713	OK	 
USER	Lab 06 - Browse and Search API	END	1780467831713
USER	Lab 06 - Browse and Search API	START	1780467831714
REQUEST		List Users	1780467831426	1780467831745	OK	 
REQUEST		List Users	1780467831438	1780467831747	OK	 
REQUEST		List Users	1780467831535	1780467831792	OK	 
REQUEST		List Users	1780467831535	1780467831792	OK	 
REQUEST		Search User	1780467831783	1780467831844	OK	 
REQUEST		Search User	1780467831787	1780467831844	OK	 
REQUEST		List Users	1780467831696	1780467831889	OK	 
REQUEST		List Users	1780467831706	1780467831892	OK	 
REQUEST		List Users	1780467831694	1780467831900	OK	 
REQUEST		List Users	1780467831713	1780467831909	OK	 
REQUEST		Search User	1780467831884	1780467831928	OK	 
REQUEST		Search User	1780467831884	1780467831932	OK	 
REQUEST		Search User	1780467831888	1780467831948	OK	 
REQUEST		Search User	1780467831898	1780467831959	OK	 
REQUEST		Search User	1780467831895	1780467831962	OK	 
REQUEST		View Detail	1780467832016	1780467832063	OK	 
USER	Lab 06 - Browse and Search API	END	1780467832063
USER	Lab 06 - Browse and Search API	START	1780467832063
REQUEST		View Detail	1780467831998	1780467832067	OK	 
USER	Lab 06 - Browse and Search API	END	1780467832067
USER	Lab 06 - Browse and Search API	START	1780467832068
REQUEST		View Detail	1780467832019	1780467832084	OK	 
REQUEST		View Detail	1780467831990	1780467832085	OK	 
REQUEST		View Detail	1780467832022	1780467832085	OK	 
USER	Lab 06 - Browse and Search API	END	1780467832085
USER	Lab 06 - Browse and Search API	END	1780467832085
USER	Lab 06 - Browse and Search API	END	1780467832085
USER	Lab 06 - Browse and Search API	START	1780467832085
USER	Lab 06 - Browse and Search API	START	1780467832085
USER	Lab 06 - Browse and Search API	START	1780467832085
REQUEST		View Detail	1780467832001	1780467832092	OK	 
USER	Lab 06 - Browse and Search API	END	1780467832092
USER	Lab 06 - Browse and Search API	START	1780467832092
REQUEST		View Detail	1780467832075	1780467832125	OK	 
USER	Lab 06 - Browse and Search API	END	1780467832125
USER	Lab 06 - Browse and Search API	START	1780467832125
REQUEST		View Detail	1780467832075	1780467832127	OK	 
USER	Lab 06 - Browse and Search API	END	1780467832127
USER	Lab 06 - Browse and Search API	START	1780467832127
REQUEST		View Detail	1780467832075	1780467832133	OK	 
REQUEST		Search User	1780467832080	1780467832133	OK	 
USER	Lab 06 - Browse and Search API	END	1780467832133
USER	Lab 06 - Browse and Search API	START	1780467832133
REQUEST		View Detail	1780467832079	1780467832135	OK	 
REQUEST		Search User	1780467832086	1780467832135	OK	 
USER	Lab 06 - Browse and Search API	END	1780467832135
USER	Lab 06 - Browse and Search API	START	1780467832135
REQUEST		View Detail	1780467832079	1780467832137	OK	 
USER	Lab 06 - Browse and Search API	END	1780467832137
USER	Lab 06 - Browse and Search API	START	1780467832137
REQUEST		Search User	1780467832086	1780467832142	OK	 
REQUEST		Search User	1780467832087	1780467832149	OK	 
REQUEST		View Detail	1780467832108	1780467832172	OK	 
USER	Lab 06 - Browse and Search API	END	1780467832172
USER	Lab 06 - Browse and Search API	START	1780467832173
REQUEST		List Users	1780467832068	1780467832254	OK	 
REQUEST		View Detail	1780467832200	1780467832260	OK	 
REQUEST		View Detail	1780467832188	1780467832260	OK	 
REQUEST		View Detail	1780467832206	1780467832260	OK	 
REQUEST		View Detail	1780467832205	1780467832260	OK	 
USER	Lab 06 - Browse and Search API	END	1780467832260
USER	Lab 06 - Browse and Search API	END	1780467832260
USER	Lab 06 - Browse and Search API	END	1780467832260
USER	Lab 06 - Browse and Search API	END	1780467832260
USER	Lab 06 - Browse and Search API	START	1780467832260
USER	Lab 06 - Browse and Search API	START	1780467832260
USER	Lab 06 - Browse and Search API	START	1780467832260
USER	Lab 06 - Browse and Search API	START	1780467832260
REQUEST		View Detail	1780467832205	1780467832271	OK	 
REQUEST		View Detail	1780467832195	1780467832271	OK	 
REQUEST		View Detail	1780467832205	1780467832271	OK	 
REQUEST		Search User	1780467832205	1780467832271	OK	 
REQUEST		Search User	1780467832195	1780467832271	OK	 
USER	Lab 06 - Browse and Search API	END	1780467832271
USER	Lab 06 - Browse and Search API	END	1780467832271
USER	Lab 06 - Browse and Search API	END	1780467832271
USER	Lab 06 - Browse and Search API	START	1780467832271
USER	Lab 06 - Browse and Search API	START	1780467832271
USER	Lab 06 - Browse and Search API	START	1780467832271
REQUEST		List Users	1780467832085	1780467832273	OK	 
REQUEST		List Users	1780467832063	1780467832275	OK	 
REQUEST		Search User	1780467832207	1780467832275	OK	 
REQUEST		List Users	1780467832092	1780467832275	OK	 
REQUEST		List Users	1780467832085	1780467832279	OK	 
REQUEST		List Users	1780467832085	1780467832279	OK	 
REQUEST		List Users	1780467832133	1780467832325	OK	 
REQUEST		View Detail	1780467832212	1780467832337	OK	 
USER	Lab 06 - Browse and Search API	END	1780467832338
USER	Lab 06 - Browse and Search API	START	1780467832338
REQUEST		View Detail	1780467832232	1780467832339	OK	 
REQUEST		View Detail	1780467832239	1780467832339	OK	 
USER	Lab 06 - Browse and Search API	END	1780467832339
USER	Lab 06 - Browse and Search API	END	1780467832339
USER	Lab 06 - Browse and Search API	START	1780467832340
USER	Lab 06 - Browse and Search API	START	1780467832340
REQUEST		View Detail	1780467832229	1780467832342	OK	 
REQUEST		Search User	1780467832212	1780467832342	OK	 
USER	Lab 06 - Browse and Search API	END	1780467832342
USER	Lab 06 - Browse and Search API	START	1780467832342
REQUEST		List Users	1780467832125	1780467832360	OK	 
REQUEST		List Users	1780467832127	1780467832360	OK	 
REQUEST		Search User	1780467832292	1780467832394	OK	 
REQUEST		View Detail	1780467832310	1780467832398	OK	 
USER	Lab 06 - Browse and Search API	END	1780467832398
USER	Lab 06 - Browse and Search API	START	1780467832398
REQUEST		View Detail	1780467832314	1780467832401	OK	 
REQUEST		View Detail	1780467832294	1780467832401	OK	 
USER	Lab 06 - Browse and Search API	END	1780467832401
USER	Lab 06 - Browse and Search API	END	1780467832401
USER	Lab 06 - Browse and Search API	START	1780467832401
USER	Lab 06 - Browse and Search API	START	1780467832401
REQUEST		List Users	1780467832137	1780467832406	OK	 
REQUEST		List Users	1780467832172	1780467832408	OK	 
REQUEST		View Detail	1780467832310	1780467832409	OK	 
REQUEST		View Detail	1780467832309	1780467832409	OK	 
USER	Lab 06 - Browse and Search API	END	1780467832409
USER	Lab 06 - Browse and Search API	END	1780467832409
USER	Lab 06 - Browse and Search API	START	1780467832409
USER	Lab 06 - Browse and Search API	START	1780467832409
REQUEST		View Detail	1780467832301	1780467832413	OK	 
REQUEST		List Users	1780467832135	1780467832413	OK	 
USER	Lab 06 - Browse and Search API	END	1780467832413
USER	Lab 06 - Browse and Search API	START	1780467832413
REQUEST		View Detail	1780467832310	1780467832417	OK	 
USER	Lab 06 - Browse and Search API	END	1780467832417
USER	Lab 06 - Browse and Search API	START	1780467832417
REQUEST		List Users	1780467832260	1780467832441	OK	 
REQUEST		List Users	1780467832260	1780467832444	OK	 
REQUEST		List Users	1780467832260	1780467832457	OK	 
REQUEST		List Users	1780467832271	1780467832476	OK	 
REQUEST		List Users	1780467832260	1780467832476	OK	 
REQUEST		List Users	1780467832340	1780467832484	OK	 
REQUEST		View Detail	1780467832428	1780467832484	OK	 
USER	Lab 06 - Browse and Search API	END	1780467832485
USER	Lab 06 - Browse and Search API	START	1780467832485
REQUEST		List Users	1780467832271	1780467832490	OK	 
REQUEST		List Users	1780467832338	1780467832490	OK	 
REQUEST		List Users	1780467832340	1780467832497	OK	 
REQUEST		List Users	1780467832271	1780467832497	OK	 
REQUEST		List Users	1780467832342	1780467832508	OK	 
REQUEST		List Users	1780467832409	1780467832552	OK	 
REQUEST		List Users	1780467832401	1780467832556	OK	 
REQUEST		List Users	1780467832409	1780467832563	OK	 
REQUEST		List Users	1780467832401	1780467832565	OK	 
REQUEST		List Users	1780467832398	1780467832565	OK	 
REQUEST		List Users	1780467832413	1780467832565	OK	 
REQUEST		View Detail	1780467832524	1780467832569	OK	 
USER	Lab 06 - Browse and Search API	END	1780467832569
USER	Lab 06 - Browse and Search API	START	1780467832569
REQUEST		List Users	1780467832417	1780467832575	OK	 
REQUEST		View Detail	1780467832532	1780467832594	OK	 
USER	Lab 06 - Browse and Search API	END	1780467832594
USER	Lab 06 - Browse and Search API	START	1780467832594
REQUEST		View Detail	1780467832532	1780467832598	OK	 
USER	Lab 06 - Browse and Search API	END	1780467832598
USER	Lab 06 - Browse and Search API	START	1780467832598
REQUEST		Search User	1780467832550	1780467832634	OK	 
REQUEST		View Detail	1780467832556	1780467832645	OK	 
USER	Lab 06 - Browse and Search API	END	1780467832645
USER	Lab 06 - Browse and Search API	START	1780467832646
REQUEST		Search User	1780467832600	1780467832707	OK	 
REQUEST		Search User	1780467832600	1780467832707	OK	 
REQUEST		List Users	1780467832485	1780467832709	OK	 
REQUEST		Search User	1780467832601	1780467832709	OK	 
REQUEST		Search User	1780467832626	1780467832721	OK	 
REQUEST		List Users	1780467832569	1780467832769	OK	 
REQUEST		View Detail	1780467832708	1780467832772	OK	 
USER	Lab 06 - Browse and Search API	END	1780467832772
USER	Lab 06 - Browse and Search API	START	1780467832772
REQUEST		List Users	1780467832598	1780467832907	OK	 
REQUEST		List Users	1780467832645	1780467832909	OK	 
REQUEST		List Users	1780467832594	1780467832912	OK	 
REQUEST		View Detail	1780467832778	1780467832912	OK	 
USER	Lab 06 - Browse and Search API	END	1780467832912
USER	Lab 06 - Browse and Search API	START	1780467832912
REQUEST		List Users	1780467832772	1780467833021	OK	 
REQUEST		View Detail	1780467832995	1780467833040	OK	 
USER	Lab 06 - Browse and Search API	END	1780467833040
USER	Lab 06 - Browse and Search API	START	1780467833040
REQUEST		List Users	1780467832912	1780467833043	OK	 
REQUEST		Search User	1780467832997	1780467833042	OK	 
REQUEST		Search User	1780467833129	1780467833259	OK	 
REQUEST		Search User	1780467833118	1780467833259	OK	 
REQUEST		Search User	1780467833118	1780467833259	OK	 
REQUEST		Search User	1780467833128	1780467833259	OK	 
REQUEST		List Users	1780467833040	1780467833259	OK	 
REQUEST		Search User	1780467833218	1780467833277	OK	 
REQUEST		Search User	1780467833216	1780467833277	OK	 
REQUEST		Search User	1780467833229	1780467833284	OK	 
REQUEST		Search User	1780467833232	1780467833293	OK	 
REQUEST		Search User	1780467833373	1780467833431	OK	 
REQUEST		Search User	1780467833402	1780467833450	OK	 
REQUEST		Search User	1780467833420	1780467833466	OK	 
REQUEST		Search User	1780467833421	1780467833468	OK	 
REQUEST		Search User	1780467833424	1780467833468	OK	 
REQUEST		Search User	1780467833424	1780467833473	OK	 
REQUEST		Search User	1780467833427	1780467833476	OK	 
REQUEST		Search User	1780467833422	1780467833476	OK	 
REQUEST		Search User	1780467833440	1780467833482	OK	 
REQUEST		Search User	1780467833440	1780467833482	OK	 
REQUEST		View Detail	1780467833450	1780467833496	OK	 
USER	Lab 06 - Browse and Search API	END	1780467833496
USER	Lab 06 - Browse and Search API	START	1780467833497
REQUEST		Search User	1780467833457	1780467833500	OK	 
REQUEST		Search User	1780467833458	1780467833518	OK	 
REQUEST		Search User	1780467833528	1780467833570	OK	 
REQUEST		Search User	1780467833526	1780467833570	OK	 
REQUEST		Search User	1780467833525	1780467833578	OK	 
REQUEST		Search User	1780467833523	1780467833580	OK	 
REQUEST		Search User	1780467833523	1780467833585	OK	 
REQUEST		View Detail	1780467833536	1780467833591	OK	 
USER	Lab 06 - Browse and Search API	END	1780467833591
USER	Lab 06 - Browse and Search API	START	1780467833592
REQUEST		Search User	1780467833538	1780467833600	OK	 
REQUEST		List Users	1780467833496	1780467833640	OK	 
REQUEST		View Detail	1780467833670	1780467833723	OK	 
USER	Lab 06 - Browse and Search API	END	1780467833724
USER	Lab 06 - Browse and Search API	START	1780467833724
REQUEST		View Detail	1780467833686	1780467833734	OK	 
USER	Lab 06 - Browse and Search API	END	1780467833734
USER	Lab 06 - Browse and Search API	START	1780467833734
REQUEST		View Detail	1780467833692	1780467833744	OK	 
USER	Lab 06 - Browse and Search API	END	1780467833744
USER	Lab 06 - Browse and Search API	START	1780467833744
REQUEST		View Detail	1780467833694	1780467833759	OK	 
USER	Lab 06 - Browse and Search API	END	1780467833759
USER	Lab 06 - Browse and Search API	START	1780467833759
REQUEST		List Users	1780467833592	1780467833763	OK	 
REQUEST		Search User	1780467833794	1780467833848	OK	 
REQUEST		Search User	1780467833746	1780467833848	OK	 
REQUEST		Search User	1780467833794	1780467833848	OK	 
REQUEST		Search User	1780467833749	1780467833853	OK	 
REQUEST		View Detail	1780467833845	1780467833894	OK	 
REQUEST		View Detail	1780467833845	1780467833894	OK	 
USER	Lab 06 - Browse and Search API	END	1780467833894
USER	Lab 06 - Browse and Search API	END	1780467833894
USER	Lab 06 - Browse and Search API	START	1780467833894
USER	Lab 06 - Browse and Search API	START	1780467833894
REQUEST		Search User	1780467833890	1780467833963	OK	 
REQUEST		Search User	1780467833900	1780467833963	OK	 
REQUEST		List Users	1780467833724	1780467833963	OK	 
REQUEST		Search User	1780467833893	1780467833965	OK	 
REQUEST		List Users	1780467833744	1780467833965	OK	 
REQUEST		List Users	1780467833759	1780467833965	OK	 
REQUEST		List Users	1780467833734	1780467833971	OK	 
REQUEST		Search User	1780467833910	1780467833976	OK	 
REQUEST		View Detail	1780467833929	1780467833976	OK	 
REQUEST		View Detail	1780467833932	1780467833976	OK	 
USER	Lab 06 - Browse and Search API	END	1780467833976
USER	Lab 06 - Browse and Search API	END	1780467833976
USER	Lab 06 - Browse and Search API	START	1780467833976
USER	Lab 06 - Browse and Search API	START	1780467833976
REQUEST		List Users	1780467833976	1780467834032	OK	 
REQUEST		View Detail	1780467833949	1780467834043	OK	 
USER	Lab 06 - Browse and Search API	END	1780467834043
USER	Lab 06 - Browse and Search API	START	1780467834043
REQUEST		View Detail	1780467833962	1780467834056	OK	 
USER	Lab 06 - Browse and Search API	END	1780467834057
USER	Lab 06 - Browse and Search API	START	1780467834057
REQUEST		View Detail	1780467833960	1780467834060	OK	 
USER	Lab 06 - Browse and Search API	END	1780467834060
USER	Lab 06 - Browse and Search API	START	1780467834060
REQUEST		List Users	1780467833894	1780467834092	OK	 
REQUEST		List Users	1780467833894	1780467834114	OK	 
REQUEST		View Detail	1780467834134	1780467834296	OK	 
USER	Lab 06 - Browse and Search API	END	1780467834296
USER	Lab 06 - Browse and Search API	START	1780467834296
REQUEST		View Detail	1780467834136	1780467834302	OK	 
USER	Lab 06 - Browse and Search API	END	1780467834302
USER	Lab 06 - Browse and Search API	START	1780467834302
REQUEST		List Users	1780467833976	1780467834304	OK	 
REQUEST		View Detail	1780467834143	1780467834317	OK	 
REQUEST		View Detail	1780467834150	1780467834317	OK	 
USER	Lab 06 - Browse and Search API	END	1780467834317
USER	Lab 06 - Browse and Search API	END	1780467834317
USER	Lab 06 - Browse and Search API	START	1780467834318
USER	Lab 06 - Browse and Search API	START	1780467834318
REQUEST		View Detail	1780467834272	1780467834332	OK	 
REQUEST		View Detail	1780467834273	1780467834332	OK	 
REQUEST		Search User	1780467834255	1780467834332	OK	 
USER	Lab 06 - Browse and Search API	END	1780467834332
USER	Lab 06 - Browse and Search API	END	1780467834332
USER	Lab 06 - Browse and Search API	START	1780467834333
USER	Lab 06 - Browse and Search API	START	1780467834333
REQUEST		Search User	1780467834277	1780467834363	OK	 
REQUEST		List Users	1780467834043	1780467834363	OK	 
REQUEST		Search User	1780467834280	1780467834363	OK	 
REQUEST		View Detail	1780467834276	1780467834363	OK	 
REQUEST		Search User	1780467834276	1780467834363	OK	 
REQUEST		Search User	1780467834275	1780467834363	OK	 
REQUEST		Search User	1780467834280	1780467834363	OK	 
USER	Lab 06 - Browse and Search API	END	1780467834363
USER	Lab 06 - Browse and Search API	START	1780467834363
REQUEST		List Users	1780467834057	1780467834378	OK	 
REQUEST		Search User	1780467834326	1780467834378	OK	 
REQUEST		View Detail	1780467834343	1780467834414	OK	 
USER	Lab 06 - Browse and Search API	END	1780467834414
USER	Lab 06 - Browse and Search API	START	1780467834415
REQUEST		View Detail	1780467834395	1780467834467	OK	 
REQUEST		Search User	1780467834361	1780467834467	OK	 
USER	Lab 06 - Browse and Search API	END	1780467834467
USER	Lab 06 - Browse and Search API	START	1780467834467
REQUEST		Search User	1780467834410	1780467834469	OK	 
REQUEST		Search User	1780467834361	1780467834469	OK	 
REQUEST		Search User	1780467834407	1780467834476	OK	 
REQUEST		List Users	1780467834060	1780467834483	OK	 
REQUEST		Search User	1780467834415	1780467834483	OK	 
REQUEST		Search User	1780467834441	1780467834499	OK	 
REQUEST		Search User	1780467834444	1780467834503	OK	 
REQUEST		List Users	1780467834302	1780467834506	OK	 
REQUEST		Search User	1780467834458	1780467834508	OK	 
REQUEST		List Users	1780467834332	1780467834513	OK	 
REQUEST		List Users	1780467834332	1780467834518	OK	 
REQUEST		List Users	1780467834296	1780467834520	OK	 
REQUEST		Search User	1780467834478	1780467834522	OK	 
REQUEST		Search User	1780467834490	1780467834538	OK	 
REQUEST		List Users	1780467834317	1780467834543	OK	 
REQUEST		Search User	1780467834490	1780467834543	OK	 
REQUEST		List Users	1780467834317	1780467834546	OK	 
REQUEST		Search User	1780467834477	1780467834546	OK	 
REQUEST		Search User	1780467834485	1780467834553	OK	 
REQUEST		Search User	1780467834498	1780467834555	OK	 
REQUEST		Search User	1780467834499	1780467834557	OK	 
REQUEST		List Users	1780467834363	1780467834566	OK	 
REQUEST		Search User	1780467834554	1780467834598	OK	 
REQUEST		List Users	1780467834414	1780467834600	OK	 
REQUEST		Search User	1780467834509	1780467834608	OK	 
REQUEST		Search User	1780467834564	1780467834816	OK	 
REQUEST		Search User	1780467834557	1780467834816	OK	 
REQUEST		Search User	1780467834567	1780467834820	OK	 
REQUEST		View Detail	1780467834634	1780467834822	OK	 
REQUEST		Search User	1780467834566	1780467834822	OK	 
USER	Lab 06 - Browse and Search API	END	1780467834822
USER	Lab 06 - Browse and Search API	START	1780467834823
REQUEST		View Detail	1780467834709	1780467834826	OK	 
REQUEST		Search User	1780467834710	1780467834826	OK	 
REQUEST		Search User	1780467834567	1780467834826	OK	 
REQUEST		View Detail	1780467834708	1780467834826	OK	 
USER	Lab 06 - Browse and Search API	END	1780467834826
USER	Lab 06 - Browse and Search API	END	1780467834826
USER	Lab 06 - Browse and Search API	START	1780467834826
USER	Lab 06 - Browse and Search API	START	1780467834826
REQUEST		View Detail	1780467834710	1780467834830	OK	 
USER	Lab 06 - Browse and Search API	END	1780467834830
USER	Lab 06 - Browse and Search API	START	1780467834830
REQUEST		Search User	1780467834770	1780467834834	OK	 
REQUEST		Search User	1780467834575	1780467834834	OK	 
REQUEST		View Detail	1780467834722	1780467834837	OK	 
USER	Lab 06 - Browse and Search API	END	1780467834837
USER	Lab 06 - Browse and Search API	START	1780467834838
REQUEST		List Users	1780467834467	1780467834843	OK	 
REQUEST		Search User	1780467834908	1780467834988	OK	 
REQUEST		Search User	1780467834910	1780467834988	OK	 
REQUEST		Search User	1780467834913	1780467834988	OK	 
REQUEST		List Users	1780467834826	1780467835043	OK	 
REQUEST		List Users	1780467834823	1780467835049	OK	 
REQUEST		List Users	1780467834826	1780467835054	OK	 
REQUEST		List Users	1780467834830	1780467835059	OK	 
REQUEST		Search User	1780467835022	1780467835084	OK	 
REQUEST		View Detail	1780467835043	1780467835129	OK	 
REQUEST		Search User	1780467835044	1780467835129	OK	 
USER	Lab 06 - Browse and Search API	END	1780467835129
USER	Lab 06 - Browse and Search API	START	1780467835129
REQUEST		List Users	1780467834837	1780467835133	OK	 
REQUEST		View Detail	1780467835260	1780467835307	OK	 
REQUEST		View Detail	1780467835260	1780467835307	OK	 
REQUEST		View Detail	1780467835259	1780467835307	OK	 
REQUEST		List Users	1780467835129	1780467835307	OK	 
USER	Lab 06 - Browse and Search API	END	1780467835307
USER	Lab 06 - Browse and Search API	END	1780467835307
USER	Lab 06 - Browse and Search API	END	1780467835307
USER	Lab 06 - Browse and Search API	START	1780467835308
USER	Lab 06 - Browse and Search API	START	1780467835308
USER	Lab 06 - Browse and Search API	START	1780467835308
REQUEST		Search User	1780467835260	1780467835310	OK	 
REQUEST		View Detail	1780467835259	1780467835313	OK	 
USER	Lab 06 - Browse and Search API	END	1780467835313
USER	Lab 06 - Browse and Search API	START	1780467835313
REQUEST		View Detail	1780467835277	1780467835323	OK	 
REQUEST		View Detail	1780467835277	1780467835323	OK	 
USER	Lab 06 - Browse and Search API	END	1780467835323
USER	Lab 06 - Browse and Search API	END	1780467835323
USER	Lab 06 - Browse and Search API	START	1780467835323
USER	Lab 06 - Browse and Search API	START	1780467835323
REQUEST		View Detail	1780467835284	1780467835333	OK	 
USER	Lab 06 - Browse and Search API	END	1780467835334
USER	Lab 06 - Browse and Search API	START	1780467835334
REQUEST		View Detail	1780467835293	1780467835356	OK	 
USER	Lab 06 - Browse and Search API	END	1780467835356
USER	Lab 06 - Browse and Search API	START	1780467835356
REQUEST		View Detail	1780467835432	1780467835486	OK	 
USER	Lab 06 - Browse and Search API	END	1780467835486
USER	Lab 06 - Browse and Search API	START	1780467835486
REQUEST		View Detail	1780467835450	1780467835504	OK	 
USER	Lab 06 - Browse and Search API	END	1780467835505
USER	Lab 06 - Browse and Search API	START	1780467835505
REQUEST		View Detail	1780467835467	1780467835516	OK	 
REQUEST		List Users	1780467835307	1780467835516	OK	 
REQUEST		View Detail	1780467835469	1780467835516	OK	 
USER	Lab 06 - Browse and Search API	END	1780467835516
USER	Lab 06 - Browse and Search API	END	1780467835516
USER	Lab 06 - Browse and Search API	START	1780467835516
USER	Lab 06 - Browse and Search API	START	1780467835517
REQUEST		View Detail	1780467835469	1780467835527	OK	 
USER	Lab 06 - Browse and Search API	END	1780467835527
USER	Lab 06 - Browse and Search API	START	1780467835527
REQUEST		View Detail	1780467835483	1780467835560	OK	 
REQUEST		View Detail	1780467835474	1780467835560	OK	 
USER	Lab 06 - Browse and Search API	END	1780467835560
USER	Lab 06 - Browse and Search API	END	1780467835560
USER	Lab 06 - Browse and Search API	START	1780467835561
USER	Lab 06 - Browse and Search API	START	1780467835561
REQUEST		View Detail	1780467835476	1780467835568	OK	 
REQUEST		View Detail	1780467835483	1780467835568	OK	 
USER	Lab 06 - Browse and Search API	END	1780467835568
REQUEST		List Users	1780467835313	1780467835568	OK	 
USER	Lab 06 - Browse and Search API	END	1780467835568
USER	Lab 06 - Browse and Search API	START	1780467835568
USER	Lab 06 - Browse and Search API	START	1780467835568
REQUEST		View Detail	1780467835477	1780467835570	OK	 
USER	Lab 06 - Browse and Search API	END	1780467835570
USER	Lab 06 - Browse and Search API	START	1780467835570
REQUEST		View Detail	1780467835501	1780467835575	OK	 
USER	Lab 06 - Browse and Search API	END	1780467835576
USER	Lab 06 - Browse and Search API	START	1780467835576
REQUEST		List Users	1780467835334	1780467835577	OK	 
REQUEST		View Detail	1780467835519	1780467835579	OK	 
USER	Lab 06 - Browse and Search API	END	1780467835580
USER	Lab 06 - Browse and Search API	START	1780467835580
REQUEST		List Users	1780467835323	1780467835582	OK	 
REQUEST		List Users	1780467835323	1780467835595	OK	 
REQUEST		List Users	1780467835307	1780467835595	OK	 
REQUEST		List Users	1780467835307	1780467835597	OK	 
REQUEST		View Detail	1780467835570	1780467835656	OK	 
USER	Lab 06 - Browse and Search API	END	1780467835656
USER	Lab 06 - Browse and Search API	START	1780467835656
REQUEST		View Detail	1780467835571	1780467835664	OK	 
USER	Lab 06 - Browse and Search API	END	1780467835665
USER	Lab 06 - Browse and Search API	START	1780467835665
REQUEST		List Users	1780467835486	1780467835669	OK	 
REQUEST		List Users	1780467835356	1780467835673	OK	 
REQUEST		View Detail	1780467835586	1780467835677	OK	 
USER	Lab 06 - Browse and Search API	END	1780467835677
USER	Lab 06 - Browse and Search API	START	1780467835677
REQUEST		View Detail	1780467835601	1780467835679	OK	 
REQUEST		View Detail	1780467835581	1780467835679	OK	 
REQUEST		View Detail	1780467835578	1780467835679	OK	 
USER	Lab 06 - Browse and Search API	END	1780467835679
USER	Lab 06 - Browse and Search API	END	1780467835679
USER	Lab 06 - Browse and Search API	END	1780467835679
USER	Lab 06 - Browse and Search API	START	1780467835679
USER	Lab 06 - Browse and Search API	START	1780467835680
USER	Lab 06 - Browse and Search API	START	1780467835680
REQUEST		Search User	1780467835640	1780467835687	OK	 
REQUEST		List Users	1780467835516	1780467835700	OK	 
REQUEST		List Users	1780467835505	1780467835714	OK	 
REQUEST		List Users	1780467835527	1780467835725	OK	 
REQUEST		List Users	1780467835516	1780467835736	OK	 
REQUEST		List Users	1780467835568	1780467835828	OK	 
REQUEST		List Users	1780467835560	1780467835838	OK	 
REQUEST		List Users	1780467835576	1780467835842	OK	 
REQUEST		List Users	1780467835568	1780467835842	OK	 
REQUEST		List Users	1780467835560	1780467835848	OK	 
REQUEST		Search User	1780467835764	1780467835850	OK	 
REQUEST		List Users	1780467835570	1780467835852	OK	 
REQUEST		List Users	1780467835580	1780467835852	OK	 
REQUEST		List Users	1780467835665	1780467835879	OK	 
REQUEST		View Detail	1780467835849	1780467835956	OK	 
REQUEST		View Detail	1780467835849	1780467835956	OK	 
REQUEST		List Users	1780467835656	1780467835956	OK	 
USER	Lab 06 - Browse and Search API	END	1780467835956
USER	Lab 06 - Browse and Search API	END	1780467835956
USER	Lab 06 - Browse and Search API	START	1780467835956
USER	Lab 06 - Browse and Search API	START	1780467835956
REQUEST		View Detail	1780467835849	1780467835961	OK	 
USER	Lab 06 - Browse and Search API	END	1780467835962
USER	Lab 06 - Browse and Search API	START	1780467835962
REQUEST		List Users	1780467835677	1780467835964	OK	 
REQUEST		List Users	1780467835679	1780467835984	OK	 
REQUEST		List Users	1780467835679	1780467835986	OK	 
REQUEST		View Detail	1780467835853	1780467835990	OK	 
USER	Lab 06 - Browse and Search API	END	1780467835990
USER	Lab 06 - Browse and Search API	START	1780467835990
REQUEST		View Detail	1780467835964	1780467836016	OK	 
USER	Lab 06 - Browse and Search API	END	1780467836017
USER	Lab 06 - Browse and Search API	START	1780467836017
REQUEST		Search User	1780467835964	1780467836020	OK	 
REQUEST		Search User	1780467835966	1780467836024	OK	 
REQUEST		View Detail	1780467835966	1780467836024	OK	 
REQUEST		Search User	1780467835973	1780467836024	OK	 
USER	Lab 06 - Browse and Search API	END	1780467836024
USER	Lab 06 - Browse and Search API	START	1780467836024
REQUEST		View Detail	1780467835964	1780467836026	OK	 
USER	Lab 06 - Browse and Search API	END	1780467836026
USER	Lab 06 - Browse and Search API	START	1780467836027
REQUEST		List Users	1780467835679	1780467836040	OK	 
REQUEST		Search User	1780467835966	1780467836040	OK	 
REQUEST		Search User	1780467836033	1780467836065	OK	 
REQUEST		View Detail	1780467835977	1780467836105	OK	 
USER	Lab 06 - Browse and Search API	END	1780467836106
USER	Lab 06 - Browse and Search API	START	1780467836106
REQUEST		List Users	1780467835956	1780467836153	OK	 
REQUEST		List Users	1780467835956	1780467836156	OK	 
REQUEST		Search User	1780467836092	1780467836242	OK	 
REQUEST		List Users	1780467836017	1780467836244	OK	 
REQUEST		List Users	1780467836027	1780467836247	OK	 
REQUEST		List Users	1780467835990	1780467836249	OK	 
REQUEST		List Users	1780467835962	1780467836257	OK	 
REQUEST		Search User	1780467836114	1780467836257	OK	 
REQUEST		List Users	1780467836024	1780467836345	OK	 
REQUEST		Search User	1780467836306	1780467836356	OK	 
REQUEST		View Detail	1780467836333	1780467836395	OK	 
USER	Lab 06 - Browse and Search API	END	1780467836396
USER	Lab 06 - Browse and Search API	START	1780467836396
REQUEST		List Users	1780467836106	1780467836407	OK	 
REQUEST		Search User	1780467836365	1780467836425	OK	 
REQUEST		View Detail	1780467836364	1780467836429	OK	 
USER	Lab 06 - Browse and Search API	END	1780467836429
USER	Lab 06 - Browse and Search API	START	1780467836429
REQUEST		View Detail	1780467836379	1780467836434	OK	 
USER	Lab 06 - Browse and Search API	END	1780467836434
USER	Lab 06 - Browse and Search API	START	1780467836434
REQUEST		View Detail	1780467836364	1780467836437	OK	 
REQUEST		View Detail	1780467836364	1780467836437	OK	 
REQUEST		Search User	1780467836378	1780467836437	OK	 
USER	Lab 06 - Browse and Search API	END	1780467836437
USER	Lab 06 - Browse and Search API	END	1780467836437
USER	Lab 06 - Browse and Search API	START	1780467836437
USER	Lab 06 - Browse and Search API	START	1780467836438
REQUEST		View Detail	1780467836364	1780467836439	OK	 
REQUEST		View Detail	1780467836364	1780467836439	OK	 
USER	Lab 06 - Browse and Search API	END	1780467836439
USER	Lab 06 - Browse and Search API	END	1780467836439
USER	Lab 06 - Browse and Search API	START	1780467836439
USER	Lab 06 - Browse and Search API	START	1780467836440
REQUEST		View Detail	1780467836467	1780467836518	OK	 
USER	Lab 06 - Browse and Search API	END	1780467836518
USER	Lab 06 - Browse and Search API	START	1780467836518
REQUEST		View Detail	1780467836504	1780467836555	OK	 
REQUEST		Search User	1780467836508	1780467836555	OK	 
USER	Lab 06 - Browse and Search API	END	1780467836555
USER	Lab 06 - Browse and Search API	START	1780467836555
REQUEST		Search User	1780467836484	1780467836557	OK	 
REQUEST		View Detail	1780467836500	1780467836557	OK	 
USER	Lab 06 - Browse and Search API	END	1780467836558
USER	Lab 06 - Browse and Search API	START	1780467836558
REQUEST		View Detail	1780467836469	1780467836560	OK	 
USER	Lab 06 - Browse and Search API	END	1780467836560
USER	Lab 06 - Browse and Search API	START	1780467836560
REQUEST		View Detail	1780467836509	1780467836562	OK	 
USER	Lab 06 - Browse and Search API	END	1780467836562
USER	Lab 06 - Browse and Search API	START	1780467836562
REQUEST		Search User	1780467836514	1780467836566	OK	 
REQUEST		View Detail	1780467836484	1780467836570	OK	 
REQUEST		View Detail	1780467836478	1780467836570	OK	 
USER	Lab 06 - Browse and Search API	END	1780467836570
USER	Lab 06 - Browse and Search API	END	1780467836570
USER	Lab 06 - Browse and Search API	START	1780467836570
USER	Lab 06 - Browse and Search API	START	1780467836570
REQUEST		View Detail	1780467836470	1780467836572	OK	 
REQUEST		View Detail	1780467836523	1780467836572	OK	 
USER	Lab 06 - Browse and Search API	END	1780467836572
USER	Lab 06 - Browse and Search API	END	1780467836572
USER	Lab 06 - Browse and Search API	START	1780467836572
USER	Lab 06 - Browse and Search API	START	1780467836572
REQUEST		Search User	1780467836521	1780467836574	OK	 
REQUEST		Search User	1780467836518	1780467836574	OK	 
REQUEST		List Users	1780467836558	1780467836629	OK	 
REQUEST		View Detail	1780467836554	1780467836640	OK	 
REQUEST		View Detail	1780467836538	1780467836640	OK	 
REQUEST		View Detail	1780467836544	1780467836640	OK	 
USER	Lab 06 - Browse and Search API	END	1780467836640
USER	Lab 06 - Browse and Search API	END	1780467836640
USER	Lab 06 - Browse and Search API	END	1780467836640
USER	Lab 06 - Browse and Search API	START	1780467836640
USER	Lab 06 - Browse and Search API	START	1780467836640
USER	Lab 06 - Browse and Search API	START	1780467836640
REQUEST		List Users	1780467836437	1780467836642	OK	 
REQUEST		List Users	1780467836396	1780467836644	OK	 
REQUEST		View Detail	1780467836556	1780467836644	OK	 
REQUEST		List Users	1780467836434	1780467836644	OK	 
USER	Lab 06 - Browse and Search API	END	1780467836644
REQUEST		View Detail	1780467836558	1780467836644	OK	 
REQUEST		View Detail	1780467836598	1780467836644	OK	 
REQUEST		Search User	1780467836544	1780467836644	OK	 
USER	Lab 06 - Browse and Search API	END	1780467836644
USER	Lab 06 - Browse and Search API	START	1780467836644
USER	Lab 06 - Browse and Search API	END	1780467836644
USER	Lab 06 - Browse and Search API	START	1780467836644
USER	Lab 06 - Browse and Search API	START	1780467836644
REQUEST		Search User	1780467836568	1780467836651	OK	 
REQUEST		List Users	1780467836439	1780467836653	OK	 
REQUEST		Search User	1780467836601	1780467836653	OK	 
REQUEST		List Users	1780467836429	1780467836655	OK	 
REQUEST		List Users	1780467836439	1780467836657	OK	 
REQUEST		View Detail	1780467836548	1780467836657	OK	 
USER	Lab 06 - Browse and Search API	END	1780467836658
USER	Lab 06 - Browse and Search API	START	1780467836658
REQUEST		View Detail	1780467836609	1780467836661	OK	 
REQUEST		List Users	1780467836437	1780467836661	OK	 
REQUEST		Search User	1780467836548	1780467836661	OK	 
USER	Lab 06 - Browse and Search API	END	1780467836661
USER	Lab 06 - Browse and Search API	START	1780467836662
REQUEST		List Users	1780467836518	1780467836679	OK	 
REQUEST		List Users	1780467836570	1780467836757	OK	 
REQUEST		List Users	1780467836572	1780467836763	OK	 
REQUEST		List Users	1780467836555	1780467836763	OK	 
REQUEST		List Users	1780467836562	1780467836776	OK	 
REQUEST		List Users	1780467836572	1780467836780	OK	 
REQUEST		List Users	1780467836570	1780467836789	OK	 
REQUEST		List Users	1780467836560	1780467836789	OK	 
REQUEST		List Users	1780467836661	1780467836838	OK	 
REQUEST		List Users	1780467836644	1780467836843	OK	 
REQUEST		List Users	1780467836640	1780467836845	OK	 
REQUEST		List Users	1780467836640	1780467836845	OK	 
REQUEST		List Users	1780467836644	1780467836850	OK	 
REQUEST		List Users	1780467836658	1780467836850	OK	 
REQUEST		List Users	1780467836644	1780467836859	OK	 
REQUEST		View Detail	1780467836817	1780467836859	OK	 
USER	Lab 06 - Browse and Search API	END	1780467836859
USER	Lab 06 - Browse and Search API	START	1780467836860
REQUEST		List Users	1780467836640	1780467836867	OK	 
REQUEST		View Detail	1780467836818	1780467836867	OK	 
USER	Lab 06 - Browse and Search API	END	1780467836867
USER	Lab 06 - Browse and Search API	START	1780467836867
REQUEST		View Detail	1780467836821	1780467836870	OK	 
USER	Lab 06 - Browse and Search API	END	1780467836871
USER	Lab 06 - Browse and Search API	START	1780467836871
REQUEST		View Detail	1780467836824	1780467836876	OK	 
USER	Lab 06 - Browse and Search API	END	1780467836876
USER	Lab 06 - Browse and Search API	START	1780467836876
REQUEST		View Detail	1780467836826	1780467836879	OK	 
USER	Lab 06 - Browse and Search API	END	1780467836880
USER	Lab 06 - Browse and Search API	START	1780467836880
REQUEST		View Detail	1780467836827	1780467836887	OK	 
USER	Lab 06 - Browse and Search API	END	1780467836887
USER	Lab 06 - Browse and Search API	START	1780467836887
REQUEST		View Detail	1780467836834	1780467836894	OK	 
USER	Lab 06 - Browse and Search API	END	1780467836894
USER	Lab 06 - Browse and Search API	START	1780467836895
REQUEST		View Detail	1780467836835	1780467836898	OK	 
USER	Lab 06 - Browse and Search API	END	1780467836898
USER	Lab 06 - Browse and Search API	START	1780467836898
REQUEST		Search User	1780467836845	1780467836906	OK	 
REQUEST		List Users	1780467836880	1780467837008	OK	 
REQUEST		List Users	1780467836871	1780467837012	OK	 
REQUEST		List Users	1780467836867	1780467837014	OK	 
REQUEST		List Users	1780467836859	1780467837014	OK	 
REQUEST		View Detail	1780467836988	1780467837150	OK	 
REQUEST		List Users	1780467836887	1780467837150	OK	 
USER	Lab 06 - Browse and Search API	END	1780467837151
USER	Lab 06 - Browse and Search API	START	1780467837151
REQUEST		View Detail	1780467836990	1780467837153	OK	 
REQUEST		Search User	1780467837043	1780467837153	OK	 
USER	Lab 06 - Browse and Search API	END	1780467837153
USER	Lab 06 - Browse and Search API	START	1780467837153
REQUEST		List Users	1780467836894	1780467837157	OK	 
REQUEST		Search User	1780467837049	1780467837157	OK	 
REQUEST		View Detail	1780467836989	1780467837161	OK	 
USER	Lab 06 - Browse and Search API	END	1780467837161
USER	Lab 06 - Browse and Search API	START	1780467837161
REQUEST		View Detail	1780467837085	1780467837165	OK	 
USER	Lab 06 - Browse and Search API	END	1780467837166
USER	Lab 06 - Browse and Search API	START	1780467837166
REQUEST		Search User	1780467837060	1780467837167	OK	 
REQUEST		Search User	1780467837055	1780467837169	OK	 
REQUEST		List Users	1780467836898	1780467837182	OK	 
REQUEST		List Users	1780467836876	1780467837182	OK	 
REQUEST		View Detail	1780467837129	1780467837200	OK	 
USER	Lab 06 - Browse and Search API	END	1780467837200
USER	Lab 06 - Browse and Search API	START	1780467837200
REQUEST		Search User	1780467837133	1780467837206	OK	 
REQUEST		List Users	1780467837151	1780467837293	OK	 
REQUEST		List Users	1780467837161	1780467837355	OK	 
REQUEST		List Users	1780467837166	1780467837357	OK	 
REQUEST		List Users	1780467837153	1780467837362	OK	 
REQUEST		List Users	1780467837200	1780467837380	OK	 
REQUEST		View Detail	1780467837311	1780467837380	OK	 
USER	Lab 06 - Browse and Search API	END	1780467837380
USER	Lab 06 - Browse and Search API	START	1780467837380
REQUEST		Search User	1780467837308	1780467837386	OK	 
REQUEST		List Users	1780467837380	1780467837517	OK	 
REQUEST		Search User	1780467837517	1780467837587	OK	 
REQUEST		Search User	1780467837569	1780467837621	OK	 
REQUEST		Search User	1780467837578	1780467837627	OK	 
REQUEST		Search User	1780467837583	1780467837633	OK	 
REQUEST		Search User	1780467837596	1780467837651	OK	 
REQUEST		Search User	1780467837598	1780467837651	OK	 
REQUEST		Search User	1780467837596	1780467837651	OK	 
REQUEST		Search User	1780467837670	1780467837719	OK	 
REQUEST		Search User	1780467837674	1780467837730	OK	 
REQUEST		View Detail	1780467837688	1780467837739	OK	 
USER	Lab 06 - Browse and Search API	END	1780467837739
USER	Lab 06 - Browse and Search API	START	1780467837740
REQUEST		Search User	1780467837701	1780467837760	OK	 
REQUEST		Search User	1780467837715	1780467837795	OK	 
REQUEST		Search User	1780467837738	1780467837806	OK	 
REQUEST		Search User	1780467837726	1780467837806	OK	 
REQUEST		List Users	1780467837739	1780467837870	OK	 
REQUEST		Search User	1780467837879	1780467838026	OK	 
REQUEST		Search User	1780467837830	1780467838026	OK	 
REQUEST		Search User	1780467837849	1780467838029	OK	 
REQUEST		Search User	1780467837839	1780467838029	OK	 
REQUEST		Search User	1780467837843	1780467838029	OK	 
REQUEST		Search User	1780467837985	1780467838032	OK	 
REQUEST		Search User	1780467837987	1780467838032	OK	 
REQUEST		Search User	1780467837844	1780467838032	OK	 
REQUEST		Search User	1780467837956	1780467838037	OK	 
REQUEST		Search User	1780467837965	1780467838040	OK	 
REQUEST		Search User	1780467837854	1780467838043	OK	 
REQUEST		View Detail	1780467837851	1780467838045	OK	 
USER	Lab 06 - Browse and Search API	END	1780467838045
USER	Lab 06 - Browse and Search API	START	1780467838045
REQUEST		Search User	1780467837854	1780467838048	OK	 
REQUEST		View Detail	1780467838021	1780467838065	OK	 
USER	Lab 06 - Browse and Search API	END	1780467838065
USER	Lab 06 - Browse and Search API	START	1780467838066
REQUEST		View Detail	1780467838025	1780467838076	OK	 
USER	Lab 06 - Browse and Search API	END	1780467838076
USER	Lab 06 - Browse and Search API	START	1780467838076
REQUEST		View Detail	1780467838026	1780467838080	OK	 
USER	Lab 06 - Browse and Search API	END	1780467838080
USER	Lab 06 - Browse and Search API	START	1780467838080
REQUEST		View Detail	1780467838065	1780467838088	OK	 
USER	Lab 06 - Browse and Search API	END	1780467838089
USER	Lab 06 - Browse and Search API	START	1780467838089
REQUEST		View Detail	1780467838042	1780467838115	OK	 
USER	Lab 06 - Browse and Search API	END	1780467838115
USER	Lab 06 - Browse and Search API	START	1780467838115
REQUEST		Search User	1780467838041	1780467838126	OK	 
REQUEST		Search User	1780467838154	1780467838197	OK	 
REQUEST		Search User	1780467838158	1780467838252	OK	 
REQUEST		List Users	1780467838089	1780467838255	OK	 
REQUEST		List Users	1780467838080	1780467838261	OK	 
REQUEST		List Users	1780467838045	1780467838267	OK	 
REQUEST		List Users	1780467838065	1780467838269	OK	 
REQUEST		List Users	1780467838076	1780467838277	OK	 
REQUEST		Search User	1780467838245	1780467838302	OK	 
REQUEST		View Detail	1780467838243	1780467838302	OK	 
REQUEST		List Users	1780467838115	1780467838302	OK	 
USER	Lab 06 - Browse and Search API	END	1780467838302
USER	Lab 06 - Browse and Search API	START	1780467838302
REQUEST		Search User	1780467838250	1780467838307	OK	 
REQUEST		View Detail	1780467838258	1780467838318	OK	 
USER	Lab 06 - Browse and Search API	END	1780467838319
USER	Lab 06 - Browse and Search API	START	1780467838319
REQUEST		Search User	1780467838258	1780467838320	OK	 
REQUEST		Search User	1780467838248	1780467838326	OK	 
REQUEST		View Detail	1780467838357	1780467838434	OK	 
USER	Lab 06 - Browse and Search API	END	1780467838434
USER	Lab 06 - Browse and Search API	START	1780467838434
REQUEST		Search User	1780467838346	1780467838446	OK	 
REQUEST		Search User	1780467838408	1780467838465	OK	 
REQUEST		View Detail	1780467838427	1780467838485	OK	 
USER	Lab 06 - Browse and Search API	END	1780467838485
USER	Lab 06 - Browse and Search API	START	1780467838485
REQUEST		View Detail	1780467838438	1780467838496	OK	 
USER	Lab 06 - Browse and Search API	END	1780467838496
USER	Lab 06 - Browse and Search API	START	1780467838496
REQUEST		List Users	1780467838302	1780467838538	OK	 
REQUEST		List Users	1780467838319	1780467838546	OK	 
REQUEST		View Detail	1780467838555	1780467838666	OK	 
REQUEST		View Detail	1780467838574	1780467838666	OK	 
REQUEST		View Detail	1780467838567	1780467838666	OK	 
USER	Lab 06 - Browse and Search API	END	1780467838666
USER	Lab 06 - Browse and Search API	END	1780467838666
USER	Lab 06 - Browse and Search API	END	1780467838666
USER	Lab 06 - Browse and Search API	START	1780467838666
USER	Lab 06 - Browse and Search API	START	1780467838666
USER	Lab 06 - Browse and Search API	START	1780467838666
REQUEST		List Users	1780467838434	1780467838668	OK	 
REQUEST		View Detail	1780467838558	1780467838671	OK	 
REQUEST		View Detail	1780467838575	1780467838671	OK	 
USER	Lab 06 - Browse and Search API	END	1780467838671
USER	Lab 06 - Browse and Search API	END	1780467838671
USER	Lab 06 - Browse and Search API	START	1780467838671
USER	Lab 06 - Browse and Search API	START	1780467838671
REQUEST		Search User	1780467838631	1780467838676	OK	 
REQUEST		List Users	1780467838485	1780467838706	OK	 
REQUEST		Search User	1780467838642	1780467838706	OK	 
REQUEST		Search User	1780467838657	1780467838706	OK	 
REQUEST		Search User	1780467838645	1780467838706	OK	 
REQUEST		Search User	1780467838644	1780467838707	OK	 
REQUEST		View Detail	1780467838655	1780467838710	OK	 
USER	Lab 06 - Browse and Search API	END	1780467838710
USER	Lab 06 - Browse and Search API	START	1780467838710
REQUEST		Search User	1780467838655	1780467838712	OK	 
REQUEST		Search User	1780467838659	1780467838716	OK	 
REQUEST		View Detail	1780467838653	1780467838716	OK	 
REQUEST		View Detail	1780467838645	1780467838716	OK	 
USER	Lab 06 - Browse and Search API	END	1780467838716
USER	Lab 06 - Browse and Search API	END	1780467838716
USER	Lab 06 - Browse and Search API	START	1780467838716
USER	Lab 06 - Browse and Search API	START	1780467838716
REQUEST		List Users	1780467838496	1780467838725	OK	 
REQUEST		Search User	1780467838679	1780467838725	OK	 
REQUEST		Search User	1780467838662	1780467838725	OK	 
REQUEST		View Detail	1780467838663	1780467838727	OK	 
USER	Lab 06 - Browse and Search API	END	1780467838727
USER	Lab 06 - Browse and Search API	START	1780467838727
REQUEST		List Users	1780467838666	1780467838817	OK	 
REQUEST		Search User	1780467838759	1780467838820	OK	 
REQUEST		Search User	1780467838765	1780467838820	OK	 
REQUEST		List Users	1780467838671	1780467838822	OK	 
REQUEST		List Users	1780467838666	1780467838826	OK	 
REQUEST		Search User	1780467838764	1780467838826	OK	 
REQUEST		List Users	1780467838671	1780467838828	OK	 
REQUEST		List Users	1780467838666	1780467838830	OK	 
REQUEST		Search User	1780467838777	1780467838839	OK	 
REQUEST		Search User	1780467838781	1780467838846	OK	 
REQUEST		Search User	1780467838790	1780467838846	OK	 
REQUEST		Search User	1780467838790	1780467838846	OK	 
REQUEST		Search User	1780467838844	1780467838953	OK	 
REQUEST		Search User	1780467838840	1780467838953	OK	 
REQUEST		Search User	1780467838851	1780467838953	OK	 
REQUEST		Search User	1780467838846	1780467838956	OK	 
REQUEST		Search User	1780467838846	1780467838961	OK	 
REQUEST		List Users	1780467838716	1780467838963	OK	 
REQUEST		List Users	1780467838727	1780467838968	OK	 
REQUEST		Search User	1780467838851	1780467838968	OK	 
REQUEST		Search User	1780467838860	1780467838968	OK	 
REQUEST		View Detail	1780467838907	1780467838968	OK	 
USER	Lab 06 - Browse and Search API	END	1780467838969
USER	Lab 06 - Browse and Search API	START	1780467838969
REQUEST		Search User	1780467838868	1780467838970	OK	 
REQUEST		List Users	1780467838710	1780467838970	OK	 
REQUEST		List Users	1780467838716	1780467838973	OK	 
REQUEST		Search User	1780467839015	1780467839154	OK	 
REQUEST		Search User	1780467839015	1780467839154	OK	 
REQUEST		Search User	1780467839008	1780467839158	OK	 
REQUEST		Search User	1780467839013	1780467839158	OK	 
REQUEST		View Detail	1780467839154	1780467839202	OK	 
USER	Lab 06 - Browse and Search API	END	1780467839202
USER	Lab 06 - Browse and Search API	START	1780467839203
REQUEST		Search User	1780467839158	1780467839205	OK	 
REQUEST		Search User	1780467839151	1780467839211	OK	 
REQUEST		View Detail	1780467839158	1780467839211	OK	 
USER	Lab 06 - Browse and Search API	END	1780467839211
USER	Lab 06 - Browse and Search API	START	1780467839211
REQUEST		View Detail	1780467839168	1780467839223	OK	 
USER	Lab 06 - Browse and Search API	END	1780467839223
USER	Lab 06 - Browse and Search API	START	1780467839223
REQUEST		View Detail	1780467839207	1780467839283	OK	 
USER	Lab 06 - Browse and Search API	END	1780467839283
USER	Lab 06 - Browse and Search API	START	1780467839283
REQUEST		View Detail	1780467839171	1780467839386	OK	 
REQUEST		Search User	1780467839182	1780467839386	OK	 
REQUEST		Search User	1780467839183	1780467839386	OK	 
REQUEST		Search User	1780467839295	1780467839386	OK	 
REQUEST		List Users	1780467838969	1780467839386	OK	 
USER	Lab 06 - Browse and Search API	END	1780467839386
USER	Lab 06 - Browse and Search API	START	1780467839386
REQUEST		List Users	1780467839211	1780467839404	OK	 
REQUEST		Search User	1780467839359	1780467839422	OK	 
REQUEST		Search User	1780467839357	1780467839452	OK	 
REQUEST		Search User	1780467839381	1780467839488	OK	 
REQUEST		List Users	1780467839283	1780467839490	OK	 
REQUEST		List Users	1780467839202	1780467839499	OK	 
REQUEST		View Detail	1780467839387	1780467839501	OK	 
REQUEST		List Users	1780467839223	1780467839501	OK	 
REQUEST		Search User	1780467839364	1780467839501	OK	 
USER	Lab 06 - Browse and Search API	END	1780467839501
USER	Lab 06 - Browse and Search API	START	1780467839501
REQUEST		Search User	1780467839517	1780467839564	OK	 
REQUEST		List Users	1780467839386	1780467839625	OK	 
REQUEST		View Detail	1780467839587	1780467839628	OK	 
USER	Lab 06 - Browse and Search API	END	1780467839629
USER	Lab 06 - Browse and Search API	START	1780467839629
REQUEST		List Users	1780467839501	1780467839632	OK	 
REQUEST		View Detail	1780467839621	1780467839669	OK	 
USER	Lab 06 - Browse and Search API	END	1780467839669
USER	Lab 06 - Browse and Search API	START	1780467839669
REQUEST		View Detail	1780467839628	1780467839680	OK	 
USER	Lab 06 - Browse and Search API	END	1780467839681
USER	Lab 06 - Browse and Search API	START	1780467839681
REQUEST		View Detail	1780467839635	1780467839693	OK	 
USER	Lab 06 - Browse and Search API	END	1780467839693
USER	Lab 06 - Browse and Search API	START	1780467839694
REQUEST		View Detail	1780467839720	1780467839769	OK	 
REQUEST		View Detail	1780467839653	1780467839769	OK	 
USER	Lab 06 - Browse and Search API	END	1780467839769
USER	Lab 06 - Browse and Search API	END	1780467839769
USER	Lab 06 - Browse and Search API	START	1780467839770
USER	Lab 06 - Browse and Search API	START	1780467839770
REQUEST		View Detail	1780467839652	1780467839775	OK	 
REQUEST		View Detail	1780467839652	1780467839775	OK	 
USER	Lab 06 - Browse and Search API	END	1780467839775
USER	Lab 06 - Browse and Search API	END	1780467839776
USER	Lab 06 - Browse and Search API	START	1780467839776
USER	Lab 06 - Browse and Search API	START	1780467839776
REQUEST		View Detail	1780467839732	1780467839792	OK	 
USER	Lab 06 - Browse and Search API	END	1780467839792
USER	Lab 06 - Browse and Search API	START	1780467839793
REQUEST		List Users	1780467839629	1780467839816	OK	 
REQUEST		View Detail	1780467839761	1780467839818	OK	 
USER	Lab 06 - Browse and Search API	END	1780467839818
USER	Lab 06 - Browse and Search API	START	1780467839818
REQUEST		List Users	1780467839669	1780467839975	OK	 
REQUEST		Search User	1780467839871	1780467840180	OK	 
REQUEST		View Detail	1780467840027	1780467840187	OK	 
REQUEST		View Detail	1780467840033	1780467840187	OK	 
REQUEST		View Detail	1780467839796	1780467840187	OK	 
USER	Lab 06 - Browse and Search API	END	1780467840187
USER	Lab 06 - Browse and Search API	END	1780467840187
USER	Lab 06 - Browse and Search API	END	1780467840187
USER	Lab 06 - Browse and Search API	START	1780467840187
USER	Lab 06 - Browse and Search API	START	1780467840187
USER	Lab 06 - Browse and Search API	START	1780467840187
REQUEST		View Detail	1780467840027	1780467840194	OK	 
REQUEST		View Detail	1780467840033	1780467840194	OK	 
REQUEST		View Detail	1780467840030	1780467840194	OK	 
USER	Lab 06 - Browse and Search API	END	1780467840194
USER	Lab 06 - Browse and Search API	END	1780467840194
REQUEST		View Detail	1780467840033	1780467840194	OK	 
REQUEST		View Detail	1780467840030	1780467840194	OK	 
USER	Lab 06 - Browse and Search API	END	1780467840194
USER	Lab 06 - Browse and Search API	START	1780467840194
USER	Lab 06 - Browse and Search API	START	1780467840194
USER	Lab 06 - Browse and Search API	START	1780467840194
USER	Lab 06 - Browse and Search API	END	1780467840194
USER	Lab 06 - Browse and Search API	END	1780467840194
USER	Lab 06 - Browse and Search API	START	1780467840194
USER	Lab 06 - Browse and Search API	START	1780467840194
REQUEST		View Detail	1780467839807	1780467840196	OK	 
REQUEST		List Users	1780467839693	1780467840196	OK	 
USER	Lab 06 - Browse and Search API	END	1780467840196
USER	Lab 06 - Browse and Search API	START	1780467840196
REQUEST		View Detail	1780467840128	1780467840198	OK	 
REQUEST		View Detail	1780467840030	1780467840198	OK	 
REQUEST		View Detail	1780467840049	1780467840198	OK	 
REQUEST		List Users	1780467839681	1780467840198	OK	 
USER	Lab 06 - Browse and Search API	END	1780467840198
USER	Lab 06 - Browse and Search API	END	1780467840198
USER	Lab 06 - Browse and Search API	END	1780467840198
USER	Lab 06 - Browse and Search API	START	1780467840198
USER	Lab 06 - Browse and Search API	START	1780467840198
USER	Lab 06 - Browse and Search API	START	1780467840198
REQUEST		View Detail	1780467840038	1780467840206	OK	 
REQUEST		View Detail	1780467840041	1780467840206	OK	 
USER	Lab 06 - Browse and Search API	END	1780467840206
USER	Lab 06 - Browse and Search API	END	1780467840206
USER	Lab 06 - Browse and Search API	START	1780467840206
USER	Lab 06 - Browse and Search API	START	1780467840206
REQUEST		View Detail	1780467840043	1780467840211	OK	 
USER	Lab 06 - Browse and Search API	END	1780467840211
USER	Lab 06 - Browse and Search API	START	1780467840211
REQUEST		View Detail	1780467839807	1780467840229	OK	 
USER	Lab 06 - Browse and Search API	END	1780467840229
USER	Lab 06 - Browse and Search API	START	1780467840229
REQUEST		List Users	1780467839769	1780467840340	OK	 
REQUEST		View Detail	1780467840199	1780467840342	OK	 
USER	Lab 06 - Browse and Search API	END	1780467840342
REQUEST		List Users	1780467839769	1780467840342	OK	 
USER	Lab 06 - Browse and Search API	START	1780467840342
REQUEST		View Detail	1780467840303	1780467840345	OK	 
REQUEST		Search User	1780467840257	1780467840345	OK	 
USER	Lab 06 - Browse and Search API	END	1780467840345
USER	Lab 06 - Browse and Search API	START	1780467840345
REQUEST		Search User	1780467840278	1780467840355	OK	 
REQUEST		List Users	1780467839776	1780467840367	OK	 
REQUEST		View Detail	1780467840254	1780467840368	OK	 
REQUEST		Search User	1780467840269	1780467840368	OK	 
REQUEST		Search User	1780467840267	1780467840368	OK	 
REQUEST		List Users	1780467839776	1780467840368	OK	 
REQUEST		Search User	1780467840261	1780467840368	OK	 
USER	Lab 06 - Browse and Search API	END	1780467840368
USER	Lab 06 - Browse and Search API	START	1780467840368
REQUEST		View Detail	1780467840308	1780467840369	OK	 
REQUEST		Search User	1780467840302	1780467840369	OK	 
USER	Lab 06 - Browse and Search API	END	1780467840370
USER	Lab 06 - Browse and Search API	START	1780467840370
REQUEST		List Users	1780467839818	1780467840442	OK	 
REQUEST		View Detail	1780467840321	1780467840446	OK	 
USER	Lab 06 - Browse and Search API	END	1780467840446
USER	Lab 06 - Browse and Search API	START	1780467840446
REQUEST		View Detail	1780467840327	1780467840454	OK	 
USER	Lab 06 - Browse and Search API	END	1780467840454
USER	Lab 06 - Browse and Search API	START	1780467840454
REQUEST		List Users	1780467840194	1780467840510	OK	 
REQUEST		List Users	1780467840229	1780467840512	OK	 
REQUEST		List Users	1780467840211	1780467840520	OK	 
REQUEST		List Users	1780467840198	1780467840524	OK	 
REQUEST		List Users	1780467840187	1780467840524	OK	 
REQUEST		List Users	1780467840194	1780467840611	OK	 
REQUEST		List Users	1780467840187	1780467840621	OK	 
REQUEST		View Detail	1780467840677	1780467840718	OK	 
USER	Lab 06 - Browse and Search API	END	1780467840718
USER	Lab 06 - Browse and Search API	START	1780467840718
REQUEST		List Users	1780467840342	1780467840734	OK	 
REQUEST		Search User	1780467840546	1780467840734	OK	 
REQUEST		Search User	1780467840539	1780467840737	OK	 
REQUEST		List Users	1780467840198	1780467840737	OK	 
REQUEST		List Users	1780467840198	1780467840739	OK	 
REQUEST		Search User	1780467840669	1780467840739	OK	 
REQUEST		List Users	1780467840187	1780467840749	OK	 
REQUEST		View Detail	1780467840447	1780467840752	OK	 
USER	Lab 06 - Browse and Search API	END	1780467840752
USER	Lab 06 - Browse and Search API	START	1780467840752
REQUEST		List Users	1780467840206	1780467840758	OK	 
REQUEST		List Users	1780467840196	1780467840760	OK	 
REQUEST		List Users	1780467840194	1780467840760	OK	 
REQUEST		List Users	1780467840194	1780467840765	OK	 
REQUEST		View Detail	1780467840466	1780467840765	OK	 
USER	Lab 06 - Browse and Search API	END	1780467840765
USER	Lab 06 - Browse and Search API	START	1780467840765
REQUEST		List Users	1780467840194	1780467840767	OK	 
REQUEST		View Detail	1780467840709	1780467840767	OK	 
REQUEST		Search User	1780467840707	1780467840767	OK	 
USER	Lab 06 - Browse and Search API	END	1780467840767
REQUEST		View Detail	1780467840706	1780467840767	OK	 
USER	Lab 06 - Browse and Search API	START	1780467840767
REQUEST		View Detail	1780467840707	1780467840767	OK	 
USER	Lab 06 - Browse and Search API	END	1780467840767
REQUEST		View Detail	1780467840712	1780467840767	OK	 
USER	Lab 06 - Browse and Search API	END	1780467840767
USER	Lab 06 - Browse and Search API	START	1780467840767
USER	Lab 06 - Browse and Search API	START	1780467840768
USER	Lab 06 - Browse and Search API	END	1780467840768
USER	Lab 06 - Browse and Search API	START	1780467840768
REQUEST		View Detail	1780467840706	1780467840776	OK	 
USER	Lab 06 - Browse and Search API	END	1780467840776
USER	Lab 06 - Browse and Search API	START	1780467840776
REQUEST		View Detail	1780467840726	1780467840825	OK	 
REQUEST		List Users	1780467840345	1780467840825	OK	 
USER	Lab 06 - Browse and Search API	END	1780467840825
REQUEST		List Users	1780467840370	1780467840825	OK	 
USER	Lab 06 - Browse and Search API	START	1780467840826
REQUEST		List Users	1780467840368	1780467840827	OK	 
REQUEST		Search User	1780467840725	1780467840827	OK	 
REQUEST		View Detail	1780467840717	1780467840831	OK	 
USER	Lab 06 - Browse and Search API	END	1780467840831
USER	Lab 06 - Browse and Search API	START	1780467840831
REQUEST		View Detail	1780467840725	1780467840841	OK	 
USER	Lab 06 - Browse and Search API	END	1780467840841
USER	Lab 06 - Browse and Search API	START	1780467840842
REQUEST		View Detail	1780467840821	1780467840918	OK	 
REQUEST		Search User	1780467840823	1780467840918	OK	 
USER	Lab 06 - Browse and Search API	END	1780467840919
USER	Lab 06 - Browse and Search API	START	1780467840919
REQUEST		View Detail	1780467840822	1780467840921	OK	 
REQUEST		Search User	1780467840826	1780467840922	OK	 
USER	Lab 06 - Browse and Search API	END	1780467840922
REQUEST		Search User	1780467840818	1780467840922	OK	 
USER	Lab 06 - Browse and Search API	START	1780467840922
REQUEST		Search User	1780467840830	1780467840924	OK	 
REQUEST		List Users	1780467840206	1780467840926	OK	 
REQUEST		List Users	1780467840446	1780467840926	OK	 
REQUEST		View Detail	1780467840840	1780467840928	OK	 
REQUEST		Search User	1780467840828	1780467840928	OK	 
REQUEST		View Detail	1780467840827	1780467840928	OK	 
USER	Lab 06 - Browse and Search API	END	1780467840928
USER	Lab 06 - Browse and Search API	START	1780467840928
USER	Lab 06 - Browse and Search API	END	1780467840928
USER	Lab 06 - Browse and Search API	START	1780467840928
REQUEST		List Users	1780467840454	1780467840930	OK	 
REQUEST		View Detail	1780467840847	1780467840930	OK	 
USER	Lab 06 - Browse and Search API	END	1780467840930
USER	Lab 06 - Browse and Search API	START	1780467840930
REQUEST		View Detail	1780467840847	1780467840932	OK	 
USER	Lab 06 - Browse and Search API	END	1780467840933
USER	Lab 06 - Browse and Search API	START	1780467840933
REQUEST		View Detail	1780467840847	1780467840939	OK	 
USER	Lab 06 - Browse and Search API	END	1780467840939
USER	Lab 06 - Browse and Search API	START	1780467840939
REQUEST		View Detail	1780467840954	1780467841058	OK	 
REQUEST		View Detail	1780467840954	1780467841058	OK	 
REQUEST		View Detail	1780467840969	1780467841058	OK	 
REQUEST		View Detail	1780467840955	1780467841058	OK	 
USER	Lab 06 - Browse and Search API	END	1780467841058
USER	Lab 06 - Browse and Search API	END	1780467841058
USER	Lab 06 - Browse and Search API	END	1780467841058
USER	Lab 06 - Browse and Search API	END	1780467841058
REQUEST		Search User	1780467840964	1780467841058	OK	 
USER	Lab 06 - Browse and Search API	START	1780467841058
USER	Lab 06 - Browse and Search API	START	1780467841058
USER	Lab 06 - Browse and Search API	START	1780467841058
USER	Lab 06 - Browse and Search API	START	1780467841058
REQUEST		List Users	1780467840752	1780467841060	OK	 
REQUEST		View Detail	1780467840957	1780467841060	OK	 
REQUEST		View Detail	1780467840969	1780467841060	OK	 
REQUEST		View Detail	1780467840962	1780467841060	OK	 
USER	Lab 06 - Browse and Search API	END	1780467841060
USER	Lab 06 - Browse and Search API	START	1780467841060
USER	Lab 06 - Browse and Search API	END	1780467841060
USER	Lab 06 - Browse and Search API	END	1780467841060
USER	Lab 06 - Browse and Search API	START	1780467841060
USER	Lab 06 - Browse and Search API	START	1780467841060
REQUEST		List Users	1780467840718	1780467841069	OK	 
REQUEST		List Users	1780467840825	1780467841123	OK	 
REQUEST		List Users	1780467840776	1780467841123	OK	 
REQUEST		List Users	1780467840831	1780467841126	OK	 
REQUEST		Search User	1780467840970	1780467841126	OK	 
REQUEST		List Users	1780467840767	1780467841128	OK	 
REQUEST		List Users	1780467840767	1780467841130	OK	 
REQUEST		Search User	1780467840974	1780467841130	OK	 
REQUEST		List Users	1780467839792	1780467841130	OK	 
REQUEST		View Detail	1780467840971	1780467841135	OK	 
REQUEST		List Users	1780467840842	1780467841135	OK	 
USER	Lab 06 - Browse and Search API	END	1780467841135
USER	Lab 06 - Browse and Search API	START	1780467841135
REQUEST		List Users	1780467840768	1780467841136	OK	 
REQUEST		List Users	1780467840765	1780467841139	OK	 
REQUEST		List Users	1780467840767	1780467841144	OK	 
REQUEST		Search User	1780467840971	1780467841144	OK	 
REQUEST		List Users	1780467840933	1780467841163	OK	 
REQUEST		List Users	1780467840922	1780467841165	OK	 
REQUEST		List Users	1780467840928	1780467841168	OK	 
REQUEST		List Users	1780467840930	1780467841170	OK	 
REQUEST		List Users	1780467840939	1780467841201	OK	 
REQUEST		List Users	1780467840928	1780467841206	OK	 
REQUEST		List Users	1780467840919	1780467841216	OK	 
REQUEST		List Users	1780467841060	1780467841228	OK	 
REQUEST		List Users	1780467841058	1780467841230	OK	 
REQUEST		View Detail	1780467841159	1780467841230	OK	 
USER	Lab 06 - Browse and Search API	END	1780467841230
USER	Lab 06 - Browse and Search API	START	1780467841230
REQUEST		List Users	1780467841060	1780467841232	OK	 
REQUEST		View Detail	1780467841155	1780467841232	OK	 
REQUEST		List Users	1780467841058	1780467841232	OK	 
USER	Lab 06 - Browse and Search API	END	1780467841232
USER	Lab 06 - Browse and Search API	START	1780467841232
REQUEST		View Detail	1780467841155	1780467841234	OK	 
REQUEST		List Users	1780467841058	1780467841234	OK	 
USER	Lab 06 - Browse and Search API	END	1780467841234
USER	Lab 06 - Browse and Search API	START	1780467841234
REQUEST		View Detail	1780467841159	1780467841238	OK	 
USER	Lab 06 - Browse and Search API	END	1780467841238
USER	Lab 06 - Browse and Search API	START	1780467841238
REQUEST		View Detail	1780467841212	1780467841333	OK	 
REQUEST		View Detail	1780467841207	1780467841333	OK	 
USER	Lab 06 - Browse and Search API	END	1780467841333
USER	Lab 06 - Browse and Search API	END	1780467841333
USER	Lab 06 - Browse and Search API	START	1780467841333
USER	Lab 06 - Browse and Search API	START	1780467841333
REQUEST		List Users	1780467841060	1780467841336	OK	 
REQUEST		List Users	1780467841058	1780467841342	OK	 
REQUEST		List Users	1780467841135	1780467841385	OK	 
REQUEST		List Users	1780467841230	1780467841417	OK	 
REQUEST		List Users	1780467841232	1780467841426	OK	 
REQUEST		View Detail	1780467841386	1780467841436	OK	 
USER	Lab 06 - Browse and Search API	END	1780467841436
USER	Lab 06 - Browse and Search API	START	1780467841436
REQUEST		List Users	1780467841238	1780467841451	OK	 
REQUEST		List Users	1780467841234	1780467841451	OK	 
REQUEST		View Detail	1780467841386	1780467841454	OK	 
USER	Lab 06 - Browse and Search API	END	1780467841454
USER	Lab 06 - Browse and Search API	START	1780467841454
REQUEST		View Detail	1780467841386	1780467841459	OK	 
USER	Lab 06 - Browse and Search API	END	1780467841459
USER	Lab 06 - Browse and Search API	START	1780467841460
REQUEST		Search User	1780467841388	1780467841468	OK	 
REQUEST		List Users	1780467841333	1780467841513	OK	 
REQUEST		Search User	1780467841405	1780467841513	OK	 
REQUEST		List Users	1780467841333	1780467841519	OK	 
REQUEST		View Detail	1780467841422	1780467841527	OK	 
REQUEST		View Detail	1780467841454	1780467841527	OK	 
USER	Lab 06 - Browse and Search API	END	1780467841527
USER	Lab 06 - Browse and Search API	END	1780467841527
USER	Lab 06 - Browse and Search API	START	1780467841528
USER	Lab 06 - Browse and Search API	START	1780467841528
REQUEST		View Detail	1780467841489	1780467841534	OK	 
USER	Lab 06 - Browse and Search API	END	1780467841534
USER	Lab 06 - Browse and Search API	START	1780467841534
REQUEST		Search User	1780467841490	1780467841538	OK	 
REQUEST		View Detail	1780467841566	1780467841671	OK	 
REQUEST		Search User	1780467841499	1780467841671	OK	 
REQUEST		Search User	1780467841501	1780467841671	OK	 
USER	Lab 06 - Browse and Search API	END	1780467841671
USER	Lab 06 - Browse and Search API	START	1780467841671
REQUEST		View Detail	1780467841502	1780467841674	OK	 
USER	Lab 06 - Browse and Search API	END	1780467841674
USER	Lab 06 - Browse and Search API	START	1780467841674
REQUEST		Search User	1780467841633	1780467841687	OK	 
REQUEST		Search User	1780467841626	1780467841705	OK	 
REQUEST		List Users	1780467841460	1780467841760	OK	 
REQUEST		List Users	1780467841436	1780467841765	OK	 
REQUEST		List Users	1780467841454	1780467841780	OK	 
REQUEST		List Users	1780467841527	1780467841866	OK	 
REQUEST		Search User	1780467841817	1780467841870	OK	 
REQUEST		List Users	1780467841527	1780467841877	OK	 
REQUEST		List Users	1780467841534	1780467841880	OK	 
REQUEST		List Users	1780467841671	1780467841956	OK	 
REQUEST		List Users	1780467841674	1780467841957	OK	 
REQUEST		Search User	1780467841976	1780467842025	OK	 
REQUEST		View Detail	1780467842181	1780467842264	OK	 
USER	Lab 06 - Browse and Search API	END	1780467842264
USER	Lab 06 - Browse and Search API	START	1780467842264
REQUEST		Search User	1780467842199	1780467842271	OK	 
REQUEST		Search User	1780467842196	1780467842271	OK	 
REQUEST		Search User	1780467842341	1780467842392	OK	 
REQUEST		Search User	1780467842344	1780467842398	OK	 
REQUEST		Search User	1780467842368	1780467842423	OK	 
REQUEST		View Detail	1780467842371	1780467842427	OK	 
REQUEST		View Detail	1780467842346	1780467842427	OK	 
REQUEST		Search User	1780467842369	1780467842427	OK	 
REQUEST		View Detail	1780467842369	1780467842427	OK	 
USER	Lab 06 - Browse and Search API	END	1780467842427
USER	Lab 06 - Browse and Search API	END	1780467842427
USER	Lab 06 - Browse and Search API	END	1780467842427
USER	Lab 06 - Browse and Search API	START	1780467842427
USER	Lab 06 - Browse and Search API	START	1780467842427
USER	Lab 06 - Browse and Search API	START	1780467842427
REQUEST		View Detail	1780467842357	1780467842433	OK	 
REQUEST		View Detail	1780467842369	1780467842433	OK	 
USER	Lab 06 - Browse and Search API	END	1780467842433
USER	Lab 06 - Browse and Search API	END	1780467842433
USER	Lab 06 - Browse and Search API	START	1780467842433
USER	Lab 06 - Browse and Search API	START	1780467842433
REQUEST		View Detail	1780467842369	1780467842437	OK	 
REQUEST		List Users	1780467842264	1780467842437	OK	 
USER	Lab 06 - Browse and Search API	END	1780467842437
USER	Lab 06 - Browse and Search API	START	1780467842437
REQUEST		Search User	1780467842443	1780467842493	OK	 
REQUEST		Search User	1780467842513	1780467842578	OK	 
REQUEST		Search User	1780467842521	1780467842580	OK	 
REQUEST		Search User	1780467842510	1780467842580	OK	 
REQUEST		List Users	1780467842433	1780467842591	OK	 
REQUEST		List Users	1780467842427	1780467842593	OK	 
REQUEST		Search User	1780467842525	1780467842593	OK	 
REQUEST		Search User	1780467842526	1780467842595	OK	 
REQUEST		List Users	1780467842437	1780467842599	OK	 
REQUEST		List Users	1780467842433	1780467842614	OK	 
REQUEST		List Users	1780467842427	1780467842623	OK	 
REQUEST		List Users	1780467842427	1780467842650	OK	 
REQUEST		Search User	1780467842735	1780467842793	OK	 
REQUEST		View Detail	1780467842738	1780467842797	OK	 
REQUEST		Search User	1780467842612	1780467842797	OK	 
USER	Lab 06 - Browse and Search API	END	1780467842797
USER	Lab 06 - Browse and Search API	START	1780467842797
REQUEST		View Detail	1780467842735	1780467842799	OK	 
USER	Lab 06 - Browse and Search API	END	1780467842799
USER	Lab 06 - Browse and Search API	START	1780467842799
REQUEST		Search User	1780467842737	1780467842804	OK	 
REQUEST		Search User	1780467842621	1780467842804	OK	 
REQUEST		View Detail	1780467842740	1780467842804	OK	 
REQUEST		Search User	1780467842740	1780467842804	OK	 
USER	Lab 06 - Browse and Search API	END	1780467842804
USER	Lab 06 - Browse and Search API	START	1780467842804
REQUEST		Search User	1780467842749	1780467842806	OK	 
REQUEST		Search User	1780467842826	1780467842881	OK	 
REQUEST		Search User	1780467842827	1780467842886	OK	 
REQUEST		View Detail	1780467842767	1780467842886	OK	 
REQUEST		Search User	1780467842828	1780467842886	OK	 
REQUEST		View Detail	1780467842828	1780467842886	OK	 
USER	Lab 06 - Browse and Search API	END	1780467842886
USER	Lab 06 - Browse and Search API	END	1780467842886
USER	Lab 06 - Browse and Search API	START	1780467842886
USER	Lab 06 - Browse and Search API	START	1780467842886
REQUEST		Search User	1780467842759	1780467842890	OK	 
REQUEST		Search User	1780467842761	1780467842890	OK	 
REQUEST		Search User	1780467842768	1780467842898	OK	 
REQUEST		Search User	1780467842761	1780467842898	OK	 
REQUEST		Search User	1780467842766	1780467842900	OK	 
REQUEST		View Detail	1780467842922	1780467843067	OK	 
USER	Lab 06 - Browse and Search API	END	1780467843067
USER	Lab 06 - Browse and Search API	START	1780467843067
REQUEST		Search User	1780467842927	1780467843069	OK	 
REQUEST		Search User	1780467842928	1780467843072	OK	 
REQUEST		View Detail	1780467842919	1780467843075	OK	 
USER	Lab 06 - Browse and Search API	END	1780467843075
USER	Lab 06 - Browse and Search API	START	1780467843075
REQUEST		Search User	1780467842931	1780467843077	OK	 
REQUEST		View Detail	1780467842929	1780467843077	OK	 
REQUEST		View Detail	1780467842922	1780467843077	OK	 
USER	Lab 06 - Browse and Search API	END	1780467843077
USER	Lab 06 - Browse and Search API	END	1780467843077
USER	Lab 06 - Browse and Search API	START	1780467843078
USER	Lab 06 - Browse and Search API	START	1780467843078
REQUEST		View Detail	1780467842924	1780467843079	OK	 
USER	Lab 06 - Browse and Search API	END	1780467843079
USER	Lab 06 - Browse and Search API	START	1780467843079
REQUEST		View Detail	1780467843059	1780467843118	OK	 
USER	Lab 06 - Browse and Search API	END	1780467843118
USER	Lab 06 - Browse and Search API	START	1780467843118
REQUEST		List Users	1780467842799	1780467843135	OK	 
REQUEST		List Users	1780467842804	1780467843135	OK	 
REQUEST		Search User	1780467843060	1780467843137	OK	 
REQUEST		Search User	1780467843071	1780467843141	OK	 
REQUEST		List Users	1780467842797	1780467843148	OK	 
REQUEST		Search User	1780467843124	1780467843173	OK	 
REQUEST		View Detail	1780467843126	1780467843175	OK	 
USER	Lab 06 - Browse and Search API	END	1780467843175
USER	Lab 06 - Browse and Search API	START	1780467843175
REQUEST		List Users	1780467842886	1780467843177	OK	 
REQUEST		Search User	1780467843124	1780467843181	OK	 
REQUEST		Search User	1780467843128	1780467843181	OK	 
REQUEST		Search User	1780467843131	1780467843185	OK	 
REQUEST		Search User	1780467843130	1780467843192	OK	 
REQUEST		Search User	1780467843127	1780467843192	OK	 
REQUEST		List Users	1780467842886	1780467843196	OK	 
REQUEST		View Detail	1780467843130	1780467843196	OK	 
USER	Lab 06 - Browse and Search API	END	1780467843196
REQUEST		Search User	1780467843136	1780467843196	OK	 
USER	Lab 06 - Browse and Search API	START	1780467843197
REQUEST		List Users	1780467843067	1780467843229	OK	 
REQUEST		Search User	1780467843168	1780467843231	OK	 
REQUEST		Search User	1780467843170	1780467843231	OK	 
REQUEST		Search User	1780467843166	1780467843234	OK	 
REQUEST		List Users	1780467843078	1780467843234	OK	 
REQUEST		List Users	1780467843078	1780467843237	OK	 
REQUEST		List Users	1780467843079	1780467843237	OK	 
REQUEST		Search User	1780467843137	1780467843242	OK	 
REQUEST		View Detail	1780467843146	1780467843242	OK	 
REQUEST		Search User	1780467843146	1780467843243	OK	 
USER	Lab 06 - Browse and Search API	END	1780467843243
USER	Lab 06 - Browse and Search API	START	1780467843243
REQUEST		Search User	1780467843141	1780467843247	OK	 
REQUEST		Search User	1780467843202	1780467843254	OK	 
REQUEST		Search User	1780467843207	1780467843266	OK	 
REQUEST		Search User	1780467843229	1780467843274	OK	 
REQUEST		Search User	1780467843217	1780467843279	OK	 
REQUEST		Search User	1780467843164	1780467843279	OK	 
REQUEST		Search User	1780467843233	1780467843287	OK	 
REQUEST		Search User	1780467843234	1780467843290	OK	 
REQUEST		Search User	1780467843231	1780467843290	OK	 
REQUEST		Search User	1780467843235	1780467843290	OK	 
REQUEST		List Users	1780467843118	1780467843299	OK	 
REQUEST		List Users	1780467843175	1780467843322	OK	 
REQUEST		List Users	1780467843075	1780467843350	OK	 
REQUEST		List Users	1780467843196	1780467843367	OK	 
REQUEST		Search User	1780467843337	1780467843388	OK	 
REQUEST		List Users	1780467843243	1780467843399	OK	 
REQUEST		Search User	1780467843343	1780467843412	OK	 
REQUEST		Search User	1780467843386	1780467843431	OK	 
REQUEST		Search User	1780467843514	1780467843577	OK	 
REQUEST		View Detail	1780467843514	1780467843581	OK	 
USER	Lab 06 - Browse and Search API	END	1780467843581
REQUEST		Search User	1780467843427	1780467843581	OK	 
USER	Lab 06 - Browse and Search API	START	1780467843581
REQUEST		Search User	1780467843520	1780467843583	OK	 
REQUEST		Search User	1780467843418	1780467843585	OK	 
REQUEST		View Detail	1780467843539	1780467843585	OK	 
USER	Lab 06 - Browse and Search API	END	1780467843585
USER	Lab 06 - Browse and Search API	START	1780467843586
REQUEST		Search User	1780467843452	1780467843589	OK	 
REQUEST		View Detail	1780467843468	1780467843593	OK	 
USER	Lab 06 - Browse and Search API	END	1780467843593
USER	Lab 06 - Browse and Search API	START	1780467843594
REQUEST		Search User	1780467843453	1780467843598	OK	 
REQUEST		View Detail	1780467843672	1780467843729	OK	 
USER	Lab 06 - Browse and Search API	END	1780467843729
USER	Lab 06 - Browse and Search API	START	1780467843729
REQUEST		View Detail	1780467843672	1780467843732	OK	 
USER	Lab 06 - Browse and Search API	END	1780467843732
USER	Lab 06 - Browse and Search API	START	1780467843732
REQUEST		View Detail	1780467843688	1780467843738	OK	 
USER	Lab 06 - Browse and Search API	END	1780467843738
USER	Lab 06 - Browse and Search API	START	1780467843739
REQUEST		List Users	1780467843581	1780467843766	OK	 
REQUEST		List Users	1780467843586	1780467843769	OK	 
REQUEST		View Detail	1780467843706	1780467843773	OK	 
USER	Lab 06 - Browse and Search API	END	1780467843773
USER	Lab 06 - Browse and Search API	START	1780467843774
REQUEST		List Users	1780467843594	1780467843830	OK	 
REQUEST		Search User	1780467843760	1780467843962	OK	 
REQUEST		Search User	1780467843767	1780467843977	OK	 
REQUEST		Search User	1780467843780	1780467843977	OK	 
REQUEST		List Users	1780467843732	1780467844088	OK	 
REQUEST		Search User	1780467843867	1780467844090	OK	 
REQUEST		View Detail	1780467844027	1780467844093	OK	 
USER	Lab 06 - Browse and Search API	END	1780467844093
USER	Lab 06 - Browse and Search API	START	1780467844093
REQUEST		Search User	1780467843957	1780467844095	OK	 
REQUEST		Search User	1780467843959	1780467844095	OK	 
REQUEST		View Detail	1780467843872	1780467844095	OK	 
USER	Lab 06 - Browse and Search API	END	1780467844095
USER	Lab 06 - Browse and Search API	START	1780467844095
REQUEST		List Users	1780467843739	1780467844097	OK	 
REQUEST		Search User	1780467843877	1780467844097	OK	 
REQUEST		Search User	1780467843881	1780467844099	OK	 
REQUEST		List Users	1780467843729	1780467844105	OK	 
REQUEST		List Users	1780467843774	1780467844130	OK	 
REQUEST		View Detail	1780467844272	1780467844326	OK	 
USER	Lab 06 - Browse and Search API	END	1780467844326
USER	Lab 06 - Browse and Search API	START	1780467844326
REQUEST		View Detail	1780467844272	1780467844336	OK	 
USER	Lab 06 - Browse and Search API	END	1780467844336
USER	Lab 06 - Browse and Search API	START	1780467844336
REQUEST		List Users	1780467844095	1780467844351	OK	 
REQUEST		List Users	1780467844093	1780467844351	OK	 
REQUEST		View Detail	1780467844392	1780467844443	OK	 
USER	Lab 06 - Browse and Search API	END	1780467844443
USER	Lab 06 - Browse and Search API	START	1780467844443
REQUEST		View Detail	1780467844399	1780467844454	OK	 
USER	Lab 06 - Browse and Search API	END	1780467844454
USER	Lab 06 - Browse and Search API	START	1780467844454
REQUEST		View Detail	1780467844424	1780467844480	OK	 
USER	Lab 06 - Browse and Search API	END	1780467844480
USER	Lab 06 - Browse and Search API	START	1780467844480
REQUEST		View Detail	1780467844428	1780467844488	OK	 
USER	Lab 06 - Browse and Search API	END	1780467844488
USER	Lab 06 - Browse and Search API	START	1780467844488
REQUEST		Search User	1780467844438	1780467844497	OK	 
REQUEST		List Users	1780467844336	1780467844533	OK	 
REQUEST		Search User	1780467844592	1780467844699	OK	 
REQUEST		View Detail	1780467844579	1780467844699	OK	 
REQUEST		View Detail	1780467844581	1780467844700	OK	 
REQUEST		View Detail	1780467844581	1780467844700	OK	 
USER	Lab 06 - Browse and Search API	END	1780467844700
USER	Lab 06 - Browse and Search API	END	1780467844700
USER	Lab 06 - Browse and Search API	END	1780467844700
USER	Lab 06 - Browse and Search API	START	1780467844700
USER	Lab 06 - Browse and Search API	START	1780467844700
USER	Lab 06 - Browse and Search API	START	1780467844700
REQUEST		Search User	1780467844594	1780467844704	OK	 
REQUEST		View Detail	1780467844596	1780467844705	OK	 
USER	Lab 06 - Browse and Search API	END	1780467844705
USER	Lab 06 - Browse and Search API	START	1780467844705
REQUEST		Search User	1780467844600	1780467844707	OK	 
REQUEST		View Detail	1780467844493	1780467844710	OK	 
USER	Lab 06 - Browse and Search API	END	1780467844710
USER	Lab 06 - Browse and Search API	START	1780467844710
REQUEST		Search User	1780467844615	1780467844713	OK	 
REQUEST		Search User	1780467844624	1780467844715	OK	 
REQUEST		View Detail	1780467844593	1780467844720	OK	 
REQUEST		Search User	1780467844650	1780467844719	OK	 
USER	Lab 06 - Browse and Search API	END	1780467844720
USER	Lab 06 - Browse and Search API	START	1780467844720
REQUEST		List Users	1780467844443	1780467844742	OK	 
REQUEST		List Users	1780467844480	1780467844753	OK	 
REQUEST		List Users	1780467844488	1780467844824	OK	 
REQUEST		View Detail	1780467844795	1780467844839	OK	 
USER	Lab 06 - Browse and Search API	END	1780467844839
USER	Lab 06 - Browse and Search API	START	1780467844839
REQUEST		View Detail	1780467844798	1780467844871	OK	 
REQUEST		View Detail	1780467844805	1780467844871	OK	 
REQUEST		View Detail	1780467844805	1780467844871	OK	 
USER	Lab 06 - Browse and Search API	END	1780467844871
USER	Lab 06 - Browse and Search API	END	1780467844871
USER	Lab 06 - Browse and Search API	END	1780467844871
USER	Lab 06 - Browse and Search API	START	1780467844871
USER	Lab 06 - Browse and Search API	START	1780467844871
USER	Lab 06 - Browse and Search API	START	1780467844871
REQUEST		List Users	1780467844700	1780467844935	OK	 
REQUEST		List Users	1780467844710	1780467844937	OK	 
REQUEST		View Detail	1780467844805	1780467844941	OK	 
REQUEST		List Users	1780467844720	1780467844941	OK	 
REQUEST		View Detail	1780467844887	1780467844941	OK	 
USER	Lab 06 - Browse and Search API	END	1780467844941
USER	Lab 06 - Browse and Search API	END	1780467844941
USER	Lab 06 - Browse and Search API	START	1780467844941
USER	Lab 06 - Browse and Search API	START	1780467844941
REQUEST		List Users	1780467844700	1780467844948	OK	 
REQUEST		View Detail	1780467844882	1780467844948	OK	 
USER	Lab 06 - Browse and Search API	END	1780467844949
USER	Lab 06 - Browse and Search API	START	1780467844949
REQUEST		List Users	1780467844705	1780467844951	OK	 
REQUEST		View Detail	1780467844887	1780467844951	OK	 
USER	Lab 06 - Browse and Search API	END	1780467844951
USER	Lab 06 - Browse and Search API	START	1780467844951
REQUEST		View Detail	1780467844892	1780467844953	OK	 
REQUEST		List Users	1780467844700	1780467844953	OK	 
USER	Lab 06 - Browse and Search API	END	1780467844953
USER	Lab 06 - Browse and Search API	START	1780467844953
REQUEST		View Detail	1780467844892	1780467844955	OK	 
REQUEST		View Detail	1780467844807	1780467844955	OK	 
USER	Lab 06 - Browse and Search API	END	1780467844955
USER	Lab 06 - Browse and Search API	END	1780467844955
USER	Lab 06 - Browse and Search API	START	1780467844955
USER	Lab 06 - Browse and Search API	START	1780467844955
REQUEST		View Detail	1780467844899	1780467845015	OK	 
REQUEST		View Detail	1780467844900	1780467845015	OK	 
USER	Lab 06 - Browse and Search API	END	1780467845015
USER	Lab 06 - Browse and Search API	END	1780467845015
USER	Lab 06 - Browse and Search API	START	1780467845015
USER	Lab 06 - Browse and Search API	START	1780467845015
REQUEST		List Users	1780467844454	1780467845018	OK	 
REQUEST		View Detail	1780467844901	1780467845027	OK	 
USER	Lab 06 - Browse and Search API	END	1780467845027
USER	Lab 06 - Browse and Search API	START	1780467845027
REQUEST		List Users	1780467844871	1780467845063	OK	 
REQUEST		List Users	1780467844871	1780467845065	OK	 
REQUEST		List Users	1780467844839	1780467845078	OK	 
REQUEST		List Users	1780467844871	1780467845093	OK	 
REQUEST		List Users	1780467844941	1780467845218	OK	 
REQUEST		List Users	1780467844326	1780467845335	OK	 
REQUEST		View Detail	1780467845182	1780467845355	OK	 
REQUEST		View Detail	1780467845183	1780467845356	OK	 
USER	Lab 06 - Browse and Search API	END	1780467845356
USER	Lab 06 - Browse and Search API	END	1780467845356
USER	Lab 06 - Browse and Search API	START	1780467845356
USER	Lab 06 - Browse and Search API	START	1780467845356
REQUEST		List Users	1780467844953	1780467845358	OK	 
REQUEST		View Detail	1780467845173	1780467845367	OK	 
REQUEST		View Detail	1780467845070	1780467845368	OK	 
REQUEST		Search User	1780467845136	1780467845368	OK	 
REQUEST		Search User	1780467845135	1780467845368	OK	 
USER	Lab 06 - Browse and Search API	END	1780467845368
USER	Lab 06 - Browse and Search API	END	1780467845368
USER	Lab 06 - Browse and Search API	START	1780467845368
USER	Lab 06 - Browse and Search API	START	1780467845368
REQUEST		Search User	1780467845197	1780467845370	OK	 
REQUEST		View Detail	1780467845187	1780467845370	OK	 
USER	Lab 06 - Browse and Search API	END	1780467845370
USER	Lab 06 - Browse and Search API	START	1780467845370
REQUEST		View Detail	1780467845193	1780467845372	OK	 
REQUEST		Search User	1780467845177	1780467845372	OK	 
REQUEST		List Users	1780467844955	1780467845372	OK	 
USER	Lab 06 - Browse and Search API	END	1780467845372
USER	Lab 06 - Browse and Search API	START	1780467845372
REQUEST		View Detail	1780467845074	1780467845374	OK	 
USER	Lab 06 - Browse and Search API	END	1780467845374
USER	Lab 06 - Browse and Search API	START	1780467845374
REQUEST		View Detail	1780467845079	1780467845381	OK	 
REQUEST		View Detail	1780467845193	1780467845381	OK	 
REQUEST		View Detail	1780467845198	1780467845381	OK	 
REQUEST		List Users	1780467844949	1780467845381	OK	 
USER	Lab 06 - Browse and Search API	END	1780467845381
USER	Lab 06 - Browse and Search API	END	1780467845381
USER	Lab 06 - Browse and Search API	END	1780467845381
USER	Lab 06 - Browse and Search API	START	1780467845381
USER	Lab 06 - Browse and Search API	START	1780467845381
USER	Lab 06 - Browse and Search API	START	1780467845381
REQUEST		View Detail	1780467845143	1780467845383	OK	 
USER	Lab 06 - Browse and Search API	END	1780467845383
USER	Lab 06 - Browse and Search API	START	1780467845383
REQUEST		List Users	1780467844941	1780467845385	OK	 
REQUEST		List Users	1780467844955	1780467845385	OK	 
REQUEST		View Detail	1780467845138	1780467845385	OK	 
REQUEST		Search User	1780467845148	1780467845385	OK	 
USER	Lab 06 - Browse and Search API	END	1780467845385
USER	Lab 06 - Browse and Search API	START	1780467845385
REQUEST		View Detail	1780467845291	1780467845445	OK	 
REQUEST		View Detail	1780467845292	1780467845445	OK	 
REQUEST		View Detail	1780467845275	1780467845445	OK	 
REQUEST		View Detail	1780467845292	1780467845445	OK	 
REQUEST		Search User	1780467845234	1780467845445	OK	 
USER	Lab 06 - Browse and Search API	END	1780467845445
USER	Lab 06 - Browse and Search API	END	1780467845445
USER	Lab 06 - Browse and Search API	END	1780467845445
USER	Lab 06 - Browse and Search API	END	1780467845445
USER	Lab 06 - Browse and Search API	START	1780467845445
USER	Lab 06 - Browse and Search API	START	1780467845445
USER	Lab 06 - Browse and Search API	START	1780467845445
USER	Lab 06 - Browse and Search API	START	1780467845445
REQUEST		Search User	1780467845229	1780467845447	OK	 
REQUEST		Search User	1780467845239	1780467845447	OK	 
REQUEST		List Users	1780467845015	1780467845449	OK	 
REQUEST		View Detail	1780467845289	1780467845449	OK	 
REQUEST		View Detail	1780467845231	1780467845449	OK	 
REQUEST		View Detail	1780467845254	1780467845449	OK	 
REQUEST		Search User	1780467845238	1780467845449	OK	 
USER	Lab 06 - Browse and Search API	END	1780467845449
USER	Lab 06 - Browse and Search API	END	1780467845449
USER	Lab 06 - Browse and Search API	END	1780467845450
USER	Lab 06 - Browse and Search API	START	1780467845450
USER	Lab 06 - Browse and Search API	START	1780467845450
USER	Lab 06 - Browse and Search API	START	1780467845450
REQUEST		View Detail	1780467845280	1780467845452	OK	 
REQUEST		View Detail	1780467845234	1780467845452	OK	 
USER	Lab 06 - Browse and Search API	END	1780467845452
USER	Lab 06 - Browse and Search API	END	1780467845452
REQUEST		Search User	1780467845352	1780467845452	OK	 
USER	Lab 06 - Browse and Search API	START	1780467845452
USER	Lab 06 - Browse and Search API	START	1780467845453
REQUEST		View Detail	1780467845231	1780467845454	OK	 
USER	Lab 06 - Browse and Search API	END	1780467845454
USER	Lab 06 - Browse and Search API	START	1780467845454
REQUEST		Search User	1780467845323	1780467845458	OK	 
REQUEST		List Users	1780467845015	1780467845461	OK	 
REQUEST		View Detail	1780467845266	1780467845463	OK	 
REQUEST		Search User	1780467845299	1780467845463	OK	 
REQUEST		List Users	1780467844951	1780467845463	OK	 
USER	Lab 06 - Browse and Search API	END	1780467845463
USER	Lab 06 - Browse and Search API	START	1780467845463
REQUEST		View Detail	1780467845248	1780467845465	OK	 
USER	Lab 06 - Browse and Search API	END	1780467845465
USER	Lab 06 - Browse and Search API	START	1780467845465
REQUEST		View Detail	1780467845243	1780467845467	OK	 
REQUEST		View Detail	1780467845243	1780467845467	OK	 
USER	Lab 06 - Browse and Search API	END	1780467845467
USER	Lab 06 - Browse and Search API	END	1780467845467
USER	Lab 06 - Browse and Search API	START	1780467845467
USER	Lab 06 - Browse and Search API	START	1780467845467
REQUEST		View Detail	1780467845279	1780467845474	OK	 
REQUEST		Search User	1780467845368	1780467845474	OK	 
USER	Lab 06 - Browse and Search API	END	1780467845474
REQUEST		List Users	1780467845027	1780467845474	OK	 
USER	Lab 06 - Browse and Search API	START	1780467845474
REQUEST		Search User	1780467845401	1780467845542	OK	 
REQUEST		View Detail	1780467845432	1780467845547	OK	 
USER	Lab 06 - Browse and Search API	END	1780467845547
USER	Lab 06 - Browse and Search API	START	1780467845548
REQUEST		View Detail	1780467845389	1780467845550	OK	 
USER	Lab 06 - Browse and Search API	END	1780467845550
USER	Lab 06 - Browse and Search API	START	1780467845550
REQUEST		View Detail	1780467845413	1780467845562	OK	 
USER	Lab 06 - Browse and Search API	END	1780467845562
USER	Lab 06 - Browse and Search API	START	1780467845562
REQUEST		List Users	1780467845445	1780467845917	OK	 
REQUEST		List Users	1780467845385	1780467845919	OK	 
REQUEST		List Users	1780467845368	1780467845926	OK	 
REQUEST		View Detail	1780467845578	1780467845926	OK	 
REQUEST		View Detail	1780467845586	1780467845926	OK	 
REQUEST		Search User	1780467845766	1780467845926	OK	 
USER	Lab 06 - Browse and Search API	END	1780467845926
USER	Lab 06 - Browse and Search API	END	1780467845926
USER	Lab 06 - Browse and Search API	START	1780467845927
USER	Lab 06 - Browse and Search API	START	1780467845927
REQUEST		List Users	1780467845381	1780467845931	OK	 
REQUEST		List Users	1780467845374	1780467845932	OK	 
REQUEST		List Users	1780467845445	1780467845939	OK	 
REQUEST		Search User	1780467845771	1780467845941	OK	 
REQUEST		View Detail	1780467845583	1780467845941	OK	 
REQUEST		List Users	1780467845381	1780467845941	OK	 
USER	Lab 06 - Browse and Search API	END	1780467845941
USER	Lab 06 - Browse and Search API	START	1780467845941
REQUEST		View Detail	1780467845582	1780467845943	OK	 
USER	Lab 06 - Browse and Search API	END	1780467845943
USER	Lab 06 - Browse and Search API	START	1780467845943
REQUEST		List Users	1780467845356	1780467845951	OK	 
REQUEST		List Users	1780467845383	1780467845962	OK	 
REQUEST		View Detail	1780467845598	1780467845962	OK	 
REQUEST		View Detail	1780467845590	1780467845962	OK	 
USER	Lab 06 - Browse and Search API	END	1780467845962
USER	Lab 06 - Browse and Search API	END	1780467845962
USER	Lab 06 - Browse and Search API	START	1780467845962
USER	Lab 06 - Browse and Search API	START	1780467845962
REQUEST		List Users	1780467845370	1780467845978	OK	 
REQUEST		List Users	1780467845356	1780467845978	OK	 
REQUEST		List Users	1780467845372	1780467845980	OK	 
REQUEST		Search User	1780467845831	1780467845980	OK	 
REQUEST		List Users	1780467845368	1780467845982	OK	 
REQUEST		List Users	1780467845467	1780467846083	OK	 
REQUEST		List Users	1780467845452	1780467846090	OK	 
REQUEST		List Users	1780467845449	1780467846092	OK	 
REQUEST		View Detail	1780467845963	1780467846094	OK	 
REQUEST		List Users	1780467845381	1780467846094	OK	 
USER	Lab 06 - Browse and Search API	END	1780467846094
USER	Lab 06 - Browse and Search API	START	1780467846095
REQUEST		List Users	1780467845452	1780467846097	OK	 
REQUEST		List Users	1780467845445	1780467846097	OK	 
REQUEST		List Users	1780467845454	1780467846098	OK	 
REQUEST		List Users	1780467845445	1780467846100	OK	 
REQUEST		List Users	1780467845450	1780467846108	OK	 
REQUEST		List Users	1780467845465	1780467846108	OK	 
REQUEST		List Users	1780467845467	1780467846113	OK	 
REQUEST		List Users	1780467845474	1780467846118	OK	 
REQUEST		View Detail	1780467845978	1780467846118	OK	 
USER	Lab 06 - Browse and Search API	END	1780467846118
USER	Lab 06 - Browse and Search API	START	1780467846118
REQUEST		List Users	1780467845463	1780467846120	OK	 
REQUEST		View Detail	1780467845978	1780467846120	OK	 
USER	Lab 06 - Browse and Search API	END	1780467846120
USER	Lab 06 - Browse and Search API	START	1780467846120
REQUEST		List Users	1780467845450	1780467846125	OK	 
REQUEST		Search User	1780467846090	1780467846284	OK	 
REQUEST		View Detail	1780467846092	1780467846288	OK	 
USER	Lab 06 - Browse and Search API	END	1780467846288
REQUEST		View Detail	1780467846096	1780467846288	OK	 
USER	Lab 06 - Browse and Search API	START	1780467846288
USER	Lab 06 - Browse and Search API	END	1780467846288
USER	Lab 06 - Browse and Search API	START	1780467846288
REQUEST		List Users	1780467845547	1780467846291	OK	 
REQUEST		List Users	1780467845550	1780467846293	OK	 
REQUEST		View Detail	1780467846096	1780467846293	OK	 
REQUEST		List Users	1780467845562	1780467846293	OK	 
REQUEST		Search User	1780467846131	1780467846293	OK	 
USER	Lab 06 - Browse and Search API	END	1780467846293
USER	Lab 06 - Browse and Search API	START	1780467846293
REQUEST		Search User	1780467846098	1780467846295	OK	 
REQUEST		View Detail	1780467846099	1780467846295	OK	 
REQUEST		View Detail	1780467846100	1780467846295	OK	 
USER	Lab 06 - Browse and Search API	END	1780467846295
USER	Lab 06 - Browse and Search API	END	1780467846295
USER	Lab 06 - Browse and Search API	START	1780467846295
USER	Lab 06 - Browse and Search API	START	1780467846295
REQUEST		Search User	1780467846105	1780467846299	OK	 
REQUEST		List Users	1780467845962	1780467846323	OK	 
REQUEST		List Users	1780467845943	1780467846347	OK	 
REQUEST		List Users	1780467845962	1780467846349	OK	 
REQUEST		List Users	1780467845926	1780467846351	OK	 
REQUEST		List Users	1780467845926	1780467846353	OK	 
REQUEST		List Users	1780467845941	1780467846368	OK	 
REQUEST		List Users	1780467846095	1780467846369	OK	 
REQUEST		List Users	1780467846120	1780467846406	OK	 
REQUEST		Search User	1780467846351	1780467846415	OK	 
REQUEST		Search User	1780467846352	1780467846415	OK	 
REQUEST		List Users	1780467846118	1780467846446	OK	 
REQUEST		List Users	1780467846288	1780467846571	OK	 
REQUEST		List Users	1780467846288	1780467846574	OK	 
REQUEST		List Users	1780467846295	1780467846578	OK	 
REQUEST		List Users	1780467846293	1780467846587	OK	 
REQUEST		List Users	1780467846295	1780467846587	OK	 
REQUEST		Search User	1780467846533	1780467846591	OK	 
REQUEST		View Detail	1780467846498	1780467846601	OK	 
USER	Lab 06 - Browse and Search API	END	1780467846601
USER	Lab 06 - Browse and Search API	START	1780467846601
REQUEST		View Detail	1780467846700	1780467846758	OK	 
USER	Lab 06 - Browse and Search API	END	1780467846759
USER	Lab 06 - Browse and Search API	START	1780467846759
REQUEST		View Detail	1780467846708	1780467846765	OK	 
REQUEST		View Detail	1780467846705	1780467846765	OK	 
USER	Lab 06 - Browse and Search API	END	1780467846765
USER	Lab 06 - Browse and Search API	END	1780467846765
USER	Lab 06 - Browse and Search API	START	1780467846766
USER	Lab 06 - Browse and Search API	START	1780467846766
REQUEST		View Detail	1780467846714	1780467846768	OK	 
USER	Lab 06 - Browse and Search API	END	1780467846768
USER	Lab 06 - Browse and Search API	START	1780467846768
REQUEST		View Detail	1780467846720	1780467846778	OK	 
USER	Lab 06 - Browse and Search API	END	1780467846778
USER	Lab 06 - Browse and Search API	START	1780467846778
REQUEST		View Detail	1780467846717	1780467846782	OK	 
USER	Lab 06 - Browse and Search API	END	1780467846782
USER	Lab 06 - Browse and Search API	START	1780467846782
REQUEST		List Users	1780467846601	1780467846795	OK	 
REQUEST		Search User	1780467846743	1780467846844	OK	 
REQUEST		Search User	1780467846754	1780467846849	OK	 
REQUEST		Search User	1780467846825	1780467846873	OK	 
REQUEST		List Users	1780467846766	1780467846944	OK	 
REQUEST		List Users	1780467846766	1780467846949	OK	 
REQUEST		List Users	1780467846782	1780467846949	OK	 
REQUEST		List Users	1780467846759	1780467846952	OK	 
REQUEST		List Users	1780467846768	1780467846971	OK	 
REQUEST		List Users	1780467846778	1780467846981	OK	 
REQUEST		Search User	1780467846936	1780467846986	OK	 
REQUEST		Search User	1780467846937	1780467846990	OK	 
REQUEST		Search User	1780467846949	1780467847037	OK	 
REQUEST		Search User	1780467846942	1780467847037	OK	 
REQUEST		Search User	1780467846952	1780467847037	OK	 
REQUEST		Search User	1780467846954	1780467847053	OK	 
REQUEST		Search User	1780467847018	1780467847075	OK	 
REQUEST		Search User	1780467847065	1780467847115	OK	 
REQUEST		Search User	1780467847067	1780467847146	OK	 
REQUEST		Search User	1780467847094	1780467847155	OK	 
REQUEST		Search User	1780467847079	1780467847175	OK	 
REQUEST		Search User	1780467847219	1780467847267	OK	 
REQUEST		Search User	1780467847336	1780467847393	OK	 
REQUEST		Search User	1780467847359	1780467847418	OK	 
REQUEST		Search User	1780467847373	1780467847423	OK	 
REQUEST		View Detail	1780467847369	1780467847425	OK	 
REQUEST		View Detail	1780467847373	1780467847425	OK	 
REQUEST		View Detail	1780467847368	1780467847425	OK	 
USER	Lab 06 - Browse and Search API	END	1780467847425
USER	Lab 06 - Browse and Search API	END	1780467847425
USER	Lab 06 - Browse and Search API	END	1780467847425
USER	Lab 06 - Browse and Search API	START	1780467847425
USER	Lab 06 - Browse and Search API	START	1780467847425
USER	Lab 06 - Browse and Search API	START	1780467847425
REQUEST		View Detail	1780467847371	1780467847427	OK	 
USER	Lab 06 - Browse and Search API	END	1780467847427
USER	Lab 06 - Browse and Search API	START	1780467847428
REQUEST		Search User	1780467847386	1780467847433	OK	 
REQUEST		Search User	1780467847382	1780467847439	OK	 
REQUEST		View Detail	1780467847387	1780467847446	OK	 
REQUEST		Search User	1780467847386	1780467847446	OK	 
USER	Lab 06 - Browse and Search API	END	1780467847446
USER	Lab 06 - Browse and Search API	START	1780467847446
REQUEST		View Detail	1780467847447	1780467847589	OK	 
USER	Lab 06 - Browse and Search API	END	1780467847589
USER	Lab 06 - Browse and Search API	START	1780467847590
REQUEST		View Detail	1780467847453	1780467847596	OK	 
REQUEST		View Detail	1780467847446	1780467847596	OK	 
USER	Lab 06 - Browse and Search API	END	1780467847596
REQUEST		View Detail	1780467847447	1780467847596	OK	 
REQUEST		View Detail	1780467847460	1780467847596	OK	 
USER	Lab 06 - Browse and Search API	END	1780467847596
REQUEST		Search User	1780467847451	1780467847596	OK	 
USER	Lab 06 - Browse and Search API	START	1780467847596
USER	Lab 06 - Browse and Search API	END	1780467847596
USER	Lab 06 - Browse and Search API	END	1780467847596
USER	Lab 06 - Browse and Search API	START	1780467847596
USER	Lab 06 - Browse and Search API	START	1780467847596
USER	Lab 06 - Browse and Search API	START	1780467847596
REQUEST		Search User	1780467847464	1780467847598	OK	 
REQUEST		View Detail	1780467847543	1780467847598	OK	 
REQUEST		View Detail	1780467847450	1780467847598	OK	 
REQUEST		View Detail	1780467847475	1780467847598	OK	 
REQUEST		View Detail	1780467847463	1780467847598	OK	 
REQUEST		Search User	1780467847475	1780467847598	OK	 
USER	Lab 06 - Browse and Search API	END	1780467847598
USER	Lab 06 - Browse and Search API	END	1780467847598
USER	Lab 06 - Browse and Search API	END	1780467847598
USER	Lab 06 - Browse and Search API	END	1780467847598
USER	Lab 06 - Browse and Search API	START	1780467847598
USER	Lab 06 - Browse and Search API	START	1780467847598
USER	Lab 06 - Browse and Search API	START	1780467847598
USER	Lab 06 - Browse and Search API	START	1780467847598
REQUEST		Search User	1780467847461	1780467847600	OK	 
REQUEST		List Users	1780467847425	1780467847653	OK	 
REQUEST		List Users	1780467847425	1780467847662	OK	 
REQUEST		List Users	1780467847425	1780467847664	OK	 
REQUEST		List Users	1780467847428	1780467847670	OK	 
REQUEST		List Users	1780467847446	1780467847705	OK	 
REQUEST		List Users	1780467847596	1780467847789	OK	 
REQUEST		List Users	1780467847598	1780467847791	OK	 
REQUEST		List Users	1780467847596	1780467847793	OK	 
REQUEST		List Users	1780467847598	1780467847809	OK	 
REQUEST		List Users	1780467847596	1780467847813	OK	 
REQUEST		List Users	1780467847598	1780467847815	OK	 
REQUEST		List Users	1780467847598	1780467847817	OK	 
REQUEST		List Users	1780467847596	1780467847823	OK	 
REQUEST		List Users	1780467847589	1780467847823	OK	 
REQUEST		Search User	1780467847921	1780467847978	OK	 
REQUEST		Search User	1780467847918	1780467847978	OK	 
REQUEST		Search User	1780467847927	1780467847978	OK	 
REQUEST		Search User	1780467847933	1780467847979	OK	 
REQUEST		Search User	1780467847932	1780467847983	OK	 
REQUEST		View Detail	1780467847928	1780467847983	OK	 
USER	Lab 06 - Browse and Search API	END	1780467847983
USER	Lab 06 - Browse and Search API	START	1780467847983
REQUEST		Search User	1780467847942	1780467847989	OK	 
REQUEST		View Detail	1780467847942	1780467847989	OK	 
USER	Lab 06 - Browse and Search API	END	1780467847989
USER	Lab 06 - Browse and Search API	START	1780467847989
REQUEST		Search User	1780467847940	1780467847999	OK	 
REQUEST		Search User	1780467847952	1780467848005	OK	 
REQUEST		Search User	1780467847963	1780467848010	OK	 
REQUEST		View Detail	1780467847982	1780467848037	OK	 
REQUEST		Search User	1780467847980	1780467848037	OK	 
REQUEST		Search User	1780467847978	1780467848037	OK	 
USER	Lab 06 - Browse and Search API	END	1780467848037
USER	Lab 06 - Browse and Search API	START	1780467848037
REQUEST		Search User	1780467847984	1780467848042	OK	 
REQUEST		Search User	1780467847982	1780467848044	OK	 
REQUEST		List Users	1780467847983	1780467848111	OK	 
REQUEST		Search User	1780467848084	1780467848126	OK	 
REQUEST		Search User	1780467848095	1780467848137	OK	 
REQUEST		Search User	1780467848094	1780467848142	OK	 
REQUEST		Search User	1780467848091	1780467848142	OK	 
REQUEST		Search User	1780467848099	1780467848142	OK	 
REQUEST		Search User	1780467848098	1780467848142	OK	 
REQUEST		Search User	1780467848099	1780467848146	OK	 
REQUEST		List Users	1780467847989	1780467848147	OK	 
REQUEST		Search User	1780467848110	1780467848154	OK	 
REQUEST		Search User	1780467848110	1780467848162	OK	 
REQUEST		Search User	1780467848102	1780467848162	OK	 
REQUEST		Search User	1780467848114	1780467848247	OK	 
REQUEST		Search User	1780467848119	1780467848247	OK	 
REQUEST		Search User	1780467848121	1780467848260	OK	 
REQUEST		List Users	1780467848037	1780467848264	OK	 
REQUEST		Search User	1780467848126	1780467848264	OK	 
REQUEST		View Detail	1780467848285	1780467848381	OK	 
REQUEST		Search User	1780467848294	1780467848381	OK	 
REQUEST		Search User	1780467848291	1780467848381	OK	 
REQUEST		View Detail	1780467848296	1780467848381	OK	 
REQUEST		Search User	1780467848293	1780467848381	OK	 
REQUEST		View Detail	1780467848294	1780467848381	OK	 
REQUEST		View Detail	1780467848300	1780467848381	OK	 
USER	Lab 06 - Browse and Search API	END	1780467848381
USER	Lab 06 - Browse and Search API	END	1780467848381
USER	Lab 06 - Browse and Search API	END	1780467848381
USER	Lab 06 - Browse and Search API	END	1780467848381
REQUEST		Search User	1780467848324	1780467848381	OK	 
USER	Lab 06 - Browse and Search API	START	1780467848381
USER	Lab 06 - Browse and Search API	START	1780467848381
USER	Lab 06 - Browse and Search API	START	1780467848382
USER	Lab 06 - Browse and Search API	START	1780467848382
REQUEST		Search User	1780467848348	1780467848417	OK	 
REQUEST		Search User	1780467848369	1780467848427	OK	 
REQUEST		Search User	1780467848350	1780467848427	OK	 
REQUEST		Search User	1780467848351	1780467848445	OK	 
REQUEST		Search User	1780467848353	1780467848446	OK	 
REQUEST		Search User	1780467848369	1780467848446	OK	 
REQUEST		Search User	1780467848407	1780467848459	OK	 
REQUEST		View Detail	1780467848416	1780467848469	OK	 
REQUEST		View Detail	1780467848416	1780467848470	OK	 
USER	Lab 06 - Browse and Search API	END	1780467848470
USER	Lab 06 - Browse and Search API	END	1780467848470
USER	Lab 06 - Browse and Search API	START	1780467848470
USER	Lab 06 - Browse and Search API	START	1780467848470
REQUEST		Search User	1780467848447	1780467848557	OK	 
REQUEST		List Users	1780467848381	1780467848609	OK	 
REQUEST		List Users	1780467848381	1780467848612	OK	 
REQUEST		List Users	1780467848381	1780467848620	OK	 
REQUEST		Search User	1780467848573	1780467848620	OK	 
REQUEST		List Users	1780467848381	1780467848622	OK	 
REQUEST		Search User	1780467848575	1780467848622	OK	 
REQUEST		List Users	1780467848470	1780467848635	OK	 
REQUEST		Search User	1780467848579	1780467848639	OK	 
REQUEST		List Users	1780467848470	1780467848639	OK	 
REQUEST		Search User	1780467848589	1780467848641	OK	 
REQUEST		Search User	1780467848589	1780467848644	OK	 
REQUEST		View Detail	1780467848593	1780467848646	OK	 
USER	Lab 06 - Browse and Search API	END	1780467848647
USER	Lab 06 - Browse and Search API	START	1780467848647
REQUEST		List Users	1780467848647	1780467848800	OK	 
REQUEST		Search User	1780467848796	1780467848850	OK	 
REQUEST		View Detail	1780467848845	1780467848895	OK	 
USER	Lab 06 - Browse and Search API	END	1780467848895
USER	Lab 06 - Browse and Search API	START	1780467848895
REQUEST		View Detail	1780467848851	1780467848900	OK	 
USER	Lab 06 - Browse and Search API	END	1780467848900
USER	Lab 06 - Browse and Search API	START	1780467848900
REQUEST		View Detail	1780467848874	1780467848942	OK	 
USER	Lab 06 - Browse and Search API	END	1780467848942
USER	Lab 06 - Browse and Search API	START	1780467848943
REQUEST		Search User	1780467848946	1780467849003	OK	 
REQUEST		Search User	1780467848951	1780467849008	OK	 
REQUEST		Search User	1780467848950	1780467849011	OK	 
REQUEST		Search User	1780467848953	1780467849011	OK	 
REQUEST		View Detail	1780467848987	1780467849044	OK	 
REQUEST		View Detail	1780467848991	1780467849044	OK	 
USER	Lab 06 - Browse and Search API	END	1780467849045
USER	Lab 06 - Browse and Search API	END	1780467849045
USER	Lab 06 - Browse and Search API	START	1780467849045
USER	Lab 06 - Browse and Search API	START	1780467849045
REQUEST		List Users	1780467848895	1780467849047	OK	 
REQUEST		Search User	1780467848982	1780467849054	OK	 
REQUEST		Search User	1780467848973	1780467849054	OK	 
REQUEST		List Users	1780467848900	1780467849079	OK	 
REQUEST		View Detail	1780467849038	1780467849088	OK	 
USER	Lab 06 - Browse and Search API	END	1780467849088
USER	Lab 06 - Browse and Search API	START	1780467849089
REQUEST		List Users	1780467848942	1780467849092	OK	 
REQUEST		View Detail	1780467849039	1780467849094	OK	 
USER	Lab 06 - Browse and Search API	END	1780467849094
USER	Lab 06 - Browse and Search API	START	1780467849094
REQUEST		View Detail	1780467849038	1780467849097	OK	 
USER	Lab 06 - Browse and Search API	END	1780467849097
USER	Lab 06 - Browse and Search API	START	1780467849097
REQUEST		View Detail	1780467849053	1780467849120	OK	 
USER	Lab 06 - Browse and Search API	END	1780467849120
USER	Lab 06 - Browse and Search API	START	1780467849120
REQUEST		View Detail	1780467849116	1780467849170	OK	 
USER	Lab 06 - Browse and Search API	END	1780467849170
USER	Lab 06 - Browse and Search API	START	1780467849170
REQUEST		View Detail	1780467849077	1780467849186	OK	 
USER	Lab 06 - Browse and Search API	END	1780467849186
USER	Lab 06 - Browse and Search API	START	1780467849187
REQUEST		View Detail	1780467849147	1780467849201	OK	 
USER	Lab 06 - Browse and Search API	END	1780467849201
USER	Lab 06 - Browse and Search API	START	1780467849202
REQUEST		List Users	1780467849045	1780467849240	OK	 
REQUEST		View Detail	1780467849156	1780467849248	OK	 
REQUEST		View Detail	1780467849176	1780467849249	OK	 
USER	Lab 06 - Browse and Search API	END	1780467849249
USER	Lab 06 - Browse and Search API	END	1780467849249
USER	Lab 06 - Browse and Search API	START	1780467849249
USER	Lab 06 - Browse and Search API	START	1780467849249
REQUEST		List Users	1780467849045	1780467849251	OK	 
REQUEST		List Users	1780467849097	1780467849284	OK	 
REQUEST		List Users	1780467849094	1780467849288	OK	 
REQUEST		List Users	1780467849120	1780467849300	OK	 
REQUEST		List Users	1780467849089	1780467849302	OK	 
REQUEST		View Detail	1780467849267	1780467849328	OK	 
USER	Lab 06 - Browse and Search API	END	1780467849328
USER	Lab 06 - Browse and Search API	START	1780467849328
REQUEST		List Users	1780467849170	1780467849353	OK	 
REQUEST		List Users	1780467849201	1780467849368	OK	 
REQUEST		List Users	1780467849186	1780467849406	OK	 
REQUEST		List Users	1780467849249	1780467849597	OK	 
REQUEST		View Detail	1780467849419	1780467849766	OK	 
REQUEST		View Detail	1780467849597	1780467849766	OK	 
REQUEST		View Detail	1780467849433	1780467849766	OK	 
REQUEST		Search User	1780467849663	1780467849766	OK	 
REQUEST		View Detail	1780467849601	1780467849766	OK	 
REQUEST		View Detail	1780467849599	1780467849766	OK	 
USER	Lab 06 - Browse and Search API	END	1780467849766
USER	Lab 06 - Browse and Search API	END	1780467849766
USER	Lab 06 - Browse and Search API	END	1780467849766
USER	Lab 06 - Browse and Search API	END	1780467849766
USER	Lab 06 - Browse and Search API	END	1780467849766
USER	Lab 06 - Browse and Search API	START	1780467849766
USER	Lab 06 - Browse and Search API	START	1780467849766
USER	Lab 06 - Browse and Search API	START	1780467849766
USER	Lab 06 - Browse and Search API	START	1780467849766
USER	Lab 06 - Browse and Search API	START	1780467849766
REQUEST		View Detail	1780467849424	1780467849768	OK	 
REQUEST		View Detail	1780467849440	1780467849768	OK	 
REQUEST		View Detail	1780467849395	1780467849768	OK	 
USER	Lab 06 - Browse and Search API	END	1780467849768
REQUEST		View Detail	1780467849599	1780467849768	OK	 
USER	Lab 06 - Browse and Search API	END	1780467849768
REQUEST		Search User	1780467849706	1780467849768	OK	 
REQUEST		Search User	1780467849664	1780467849768	OK	 
REQUEST		Search User	1780467849671	1780467849768	OK	 
REQUEST		View Detail	1780467849447	1780467849768	OK	 
USER	Lab 06 - Browse and Search API	END	1780467849768
USER	Lab 06 - Browse and Search API	START	1780467849768
USER	Lab 06 - Browse and Search API	END	1780467849768
USER	Lab 06 - Browse and Search API	END	1780467849768
USER	Lab 06 - Browse and Search API	START	1780467849768
USER	Lab 06 - Browse and Search API	START	1780467849768
USER	Lab 06 - Browse and Search API	START	1780467849768
USER	Lab 06 - Browse and Search API	START	1780467849768
REQUEST		List Users	1780467849249	1780467849773	OK	 
REQUEST		Search User	1780467849654	1780467849773	OK	 
REQUEST		List Users	1780467849328	1780467849835	OK	 
REQUEST		Search User	1780467849790	1780467849910	OK	 
REQUEST		Search User	1780467849792	1780467849910	OK	 
REQUEST		Search User	1780467849794	1780467849919	OK	 
REQUEST		Search User	1780467849809	1780467849920	OK	 
REQUEST		Search User	1780467849815	1780467849920	OK	 
REQUEST		Search User	1780467849816	1780467849920	OK	 
REQUEST		Search User	1780467849819	1780467849950	OK	 
REQUEST		Search User	1780467849824	1780467849953	OK	 
REQUEST		Search User	1780467849824	1780467849963	OK	 
REQUEST		List Users	1780467849768	1780467849980	OK	 
REQUEST		List Users	1780467849766	1780467849985	OK	 
REQUEST		List Users	1780467849768	1780467849985	OK	 
REQUEST		List Users	1780467849766	1780467850008	OK	 
REQUEST		List Users	1780467849766	1780467850010	OK	 
REQUEST		List Users	1780467849766	1780467850017	OK	 
REQUEST		List Users	1780467849768	1780467850019	OK	 
REQUEST		View Detail	1780467849978	1780467850027	OK	 
REQUEST		View Detail	1780467849979	1780467850027	OK	 
USER	Lab 06 - Browse and Search API	END	1780467850027
USER	Lab 06 - Browse and Search API	END	1780467850027
USER	Lab 06 - Browse and Search API	START	1780467850027
USER	Lab 06 - Browse and Search API	START	1780467850027
REQUEST		View Detail	1780467849980	1780467850033	OK	 
REQUEST		View Detail	1780467849984	1780467850033	OK	 
USER	Lab 06 - Browse and Search API	END	1780467850033
USER	Lab 06 - Browse and Search API	END	1780467850033
USER	Lab 06 - Browse and Search API	START	1780467850033
USER	Lab 06 - Browse and Search API	START	1780467850033
REQUEST		List Users	1780467849766	1780467850035	OK	 
REQUEST		View Detail	1780467849979	1780467850043	OK	 
USER	Lab 06 - Browse and Search API	END	1780467850043
USER	Lab 06 - Browse and Search API	START	1780467850043
REQUEST		List Users	1780467849768	1780467850045	OK	 
REQUEST		List Users	1780467849768	1780467850045	OK	 
REQUEST		View Detail	1780467849990	1780467850081	OK	 
REQUEST		View Detail	1780467850011	1780467850081	OK	 
USER	Lab 06 - Browse and Search API	END	1780467850081
USER	Lab 06 - Browse and Search API	END	1780467850081
USER	Lab 06 - Browse and Search API	START	1780467850081
USER	Lab 06 - Browse and Search API	START	1780467850081
REQUEST		View Detail	1780467850005	1780467850084	OK	 
REQUEST		View Detail	1780467849999	1780467850084	OK	 
USER	Lab 06 - Browse and Search API	END	1780467850085
USER	Lab 06 - Browse and Search API	END	1780467850085
USER	Lab 06 - Browse and Search API	START	1780467850085
USER	Lab 06 - Browse and Search API	START	1780467850085
REQUEST		View Detail	1780467850038	1780467850106	OK	 
REQUEST		View Detail	1780467850039	1780467850106	OK	 
USER	Lab 06 - Browse and Search API	END	1780467850107
USER	Lab 06 - Browse and Search API	END	1780467850107
USER	Lab 06 - Browse and Search API	START	1780467850107
USER	Lab 06 - Browse and Search API	START	1780467850107
REQUEST		View Detail	1780467850045	1780467850109	OK	 
USER	Lab 06 - Browse and Search API	END	1780467850109
USER	Lab 06 - Browse and Search API	START	1780467850109
REQUEST		View Detail	1780467850044	1780467850112	OK	 
USER	Lab 06 - Browse and Search API	END	1780467850112
USER	Lab 06 - Browse and Search API	START	1780467850112
REQUEST		Search User	1780467850112	1780467850159	OK	 
REQUEST		List Users	1780467850027	1780467850174	OK	 
REQUEST		View Detail	1780467850128	1780467850334	OK	 
REQUEST		View Detail	1780467850139	1780467850334	OK	 
REQUEST		View Detail	1780467850143	1780467850334	OK	 
REQUEST		View Detail	1780467850144	1780467850334	OK	 
USER	Lab 06 - Browse and Search API	END	1780467850334
USER	Lab 06 - Browse and Search API	END	1780467850334
USER	Lab 06 - Browse and Search API	END	1780467850334
USER	Lab 06 - Browse and Search API	END	1780467850334
USER	Lab 06 - Browse and Search API	START	1780467850334
USER	Lab 06 - Browse and Search API	START	1780467850334
USER	Lab 06 - Browse and Search API	START	1780467850334
USER	Lab 06 - Browse and Search API	START	1780467850334
REQUEST		View Detail	1780467850144	1780467850339	OK	 
USER	Lab 06 - Browse and Search API	END	1780467850339
USER	Lab 06 - Browse and Search API	START	1780467850339
REQUEST		List Users	1780467850033	1780467850342	OK	 
REQUEST		List Users	1780467850033	1780467850350	OK	 
REQUEST		List Users	1780467850027	1780467850350	OK	 
REQUEST		View Detail	1780467850143	1780467850379	OK	 
USER	Lab 06 - Browse and Search API	END	1780467850379
USER	Lab 06 - Browse and Search API	START	1780467850380
REQUEST		View Detail	1780467850147	1780467850440	OK	 
USER	Lab 06 - Browse and Search API	END	1780467850441
USER	Lab 06 - Browse and Search API	START	1780467850441
REQUEST		List Users	1780467850085	1780467850463	OK	 
REQUEST		List Users	1780467850085	1780467850465	OK	 
REQUEST		Search User	1780467850149	1780467850477	OK	 
REQUEST		View Detail	1780467850155	1780467850477	OK	 
USER	Lab 06 - Browse and Search API	END	1780467850477
USER	Lab 06 - Browse and Search API	START	1780467850477
REQUEST		List Users	1780467850043	1780467850481	OK	 
REQUEST		View Detail	1780467850164	1780467850490	OK	 
USER	Lab 06 - Browse and Search API	END	1780467850490
USER	Lab 06 - Browse and Search API	START	1780467850491
REQUEST		View Detail	1780467850164	1780467850496	OK	 
USER	Lab 06 - Browse and Search API	END	1780467850496
USER	Lab 06 - Browse and Search API	START	1780467850496
REQUEST		List Users	1780467850081	1780467850513	OK	 
REQUEST		View Detail	1780467850249	1780467850524	OK	 
REQUEST		View Detail	1780467850248	1780467850524	OK	 
REQUEST		View Detail	1780467850262	1780467850524	OK	 
REQUEST		List Users	1780467850081	1780467850524	OK	 
USER	Lab 06 - Browse and Search API	END	1780467850524
REQUEST		Search User	1780467850265	1780467850524	OK	 
USER	Lab 06 - Browse and Search API	END	1780467850524
USER	Lab 06 - Browse and Search API	END	1780467850525
USER	Lab 06 - Browse and Search API	START	1780467850525
USER	Lab 06 - Browse and Search API	START	1780467850525
USER	Lab 06 - Browse and Search API	START	1780467850525
REQUEST		View Detail	1780467850265	1780467850537	OK	 
REQUEST		View Detail	1780467850417	1780467850537	OK	 
REQUEST		View Detail	1780467850382	1780467850537	OK	 
REQUEST		View Detail	1780467850382	1780467850537	OK	 
USER	Lab 06 - Browse and Search API	END	1780467850537
REQUEST		View Detail	1780467850428	1780467850537	OK	 
REQUEST		View Detail	1780467850428	1780467850537	OK	 
USER	Lab 06 - Browse and Search API	END	1780467850538
USER	Lab 06 - Browse and Search API	END	1780467850538
REQUEST		View Detail	1780467850382	1780467850538	OK	 
USER	Lab 06 - Browse and Search API	END	1780467850538
USER	Lab 06 - Browse and Search API	END	1780467850538
USER	Lab 06 - Browse and Search API	END	1780467850538
USER	Lab 06 - Browse and Search API	START	1780467850538
USER	Lab 06 - Browse and Search API	START	1780467850538
USER	Lab 06 - Browse and Search API	END	1780467850538
USER	Lab 06 - Browse and Search API	START	1780467850538
USER	Lab 06 - Browse and Search API	START	1780467850538
USER	Lab 06 - Browse and Search API	START	1780467850538
USER	Lab 06 - Browse and Search API	START	1780467850538
USER	Lab 06 - Browse and Search API	START	1780467850538
REQUEST		View Detail	1780467850382	1780467850540	OK	 
USER	Lab 06 - Browse and Search API	END	1780467850540
REQUEST		List Users	1780467850109	1780467850540	OK	 
USER	Lab 06 - Browse and Search API	START	1780467850540
REQUEST		View Detail	1780467850460	1780467850546	OK	 
REQUEST		List Users	1780467850107	1780467850546	OK	 
REQUEST		View Detail	1780467850446	1780467850546	OK	 
USER	Lab 06 - Browse and Search API	END	1780467850547
USER	Lab 06 - Browse and Search API	END	1780467850547
USER	Lab 06 - Browse and Search API	START	1780467850547
USER	Lab 06 - Browse and Search API	START	1780467850547
REQUEST		View Detail	1780467850446	1780467850549	OK	 
USER	Lab 06 - Browse and Search API	END	1780467850549
USER	Lab 06 - Browse and Search API	START	1780467850549
REQUEST		View Detail	1780467850447	1780467850551	OK	 
REQUEST		List Users	1780467850107	1780467850551	OK	 
USER	Lab 06 - Browse and Search API	END	1780467850552
USER	Lab 06 - Browse and Search API	START	1780467850552
REQUEST		List Users	1780467850112	1780467850565	OK	 
REQUEST		List Users	1780467850334	1780467850614	OK	 
REQUEST		View Detail	1780467850558	1780467850623	OK	 
REQUEST		List Users	1780467850334	1780467850623	OK	 
USER	Lab 06 - Browse and Search API	END	1780467850623
USER	Lab 06 - Browse and Search API	START	1780467850624
REQUEST		List Users	1780467850380	1780467850649	OK	 
REQUEST		List Users	1780467850334	1780467850652	OK	 
REQUEST		List Users	1780467850441	1780467850652	OK	 
REQUEST		List Users	1780467850496	1780467850669	OK	 
REQUEST		List Users	1780467850490	1780467850671	OK	 
REQUEST		List Users	1780467850339	1780467850675	OK	 
REQUEST		List Users	1780467850334	1780467850677	OK	 
REQUEST		View Detail	1780467850620	1780467850757	OK	 
REQUEST		List Users	1780467850538	1780467850757	OK	 
USER	Lab 06 - Browse and Search API	END	1780467850757
REQUEST		Search User	1780467850635	1780467850757	OK	 
USER	Lab 06 - Browse and Search API	START	1780467850757
REQUEST		View Detail	1780467850623	1780467850759	OK	 
REQUEST		Search User	1780467850639	1780467850759	OK	 
USER	Lab 06 - Browse and Search API	END	1780467850759
USER	Lab 06 - Browse and Search API	START	1780467850759
REQUEST		List Users	1780467850524	1780467850763	OK	 
REQUEST		View Detail	1780467850639	1780467850763	OK	 
REQUEST		Search User	1780467850610	1780467850763	OK	 
USER	Lab 06 - Browse and Search API	END	1780467850763
USER	Lab 06 - Browse and Search API	START	1780467850764
REQUEST		View Detail	1780467850641	1780467850766	OK	 
USER	Lab 06 - Browse and Search API	END	1780467850766
USER	Lab 06 - Browse and Search API	START	1780467850766
REQUEST		List Users	1780467850547	1780467850770	OK	 
REQUEST		List Users	1780467850547	1780467850772	OK	 
REQUEST		List Users	1780467850538	1780467850774	OK	 
REQUEST		Search User	1780467850613	1780467850774	OK	 
REQUEST		List Users	1780467850538	1780467850787	OK	 
REQUEST		List Users	1780467850477	1780467850789	OK	 
REQUEST		List Users	1780467850524	1780467850791	OK	 
REQUEST		View Detail	1780467850645	1780467850793	OK	 
REQUEST		Search User	1780467850623	1780467850793	OK	 
USER	Lab 06 - Browse and Search API	END	1780467850793
USER	Lab 06 - Browse and Search API	START	1780467850793
REQUEST		List Users	1780467850525	1780467850795	OK	 
REQUEST		Search User	1780467850622	1780467850795	OK	 
REQUEST		List Users	1780467850538	1780467850797	OK	 
REQUEST		List Users	1780467850540	1780467850799	OK	 
REQUEST		List Users	1780467850538	1780467850801	OK	 
REQUEST		List Users	1780467850538	1780467850803	OK	 
REQUEST		List Users	1780467850552	1780467850862	OK	 
REQUEST		Search User	1780467850800	1780467850866	OK	 
REQUEST		List Users	1780467850538	1780467850866	OK	 
REQUEST		List Users	1780467850549	1780467850875	OK	 
REQUEST		View Detail	1780467850850	1780467850898	OK	 
USER	Lab 06 - Browse and Search API	END	1780467850898
USER	Lab 06 - Browse and Search API	START	1780467850898
REQUEST		List Users	1780467850624	1780467850905	OK	 
REQUEST		List Users	1780467850766	1780467850993	OK	 
REQUEST		List Users	1780467850793	1780467850998	OK	 
REQUEST		List Users	1780467850764	1780467851000	OK	 
REQUEST		List Users	1780467850757	1780467851019	OK	 
REQUEST		View Detail	1780467851009	1780467851077	OK	 
REQUEST		View Detail	1780467851005	1780467851077	OK	 
REQUEST		View Detail	1780467851012	1780467851077	OK	 
REQUEST		View Detail	1780467851013	1780467851077	OK	 
USER	Lab 06 - Browse and Search API	END	1780467851077
USER	Lab 06 - Browse and Search API	END	1780467851077
USER	Lab 06 - Browse and Search API	END	1780467851077
USER	Lab 06 - Browse and Search API	END	1780467851077
USER	Lab 06 - Browse and Search API	START	1780467851077
USER	Lab 06 - Browse and Search API	START	1780467851077
USER	Lab 06 - Browse and Search API	START	1780467851077
USER	Lab 06 - Browse and Search API	START	1780467851077
REQUEST		List Users	1780467850759	1780467851082	OK	 
REQUEST		List Users	1780467850898	1780467851111	OK	 
REQUEST		Search User	1780467851048	1780467851119	OK	 
REQUEST		View Detail	1780467851055	1780467851119	OK	 
USER	Lab 06 - Browse and Search API	END	1780467851120
USER	Lab 06 - Browse and Search API	START	1780467851120
REQUEST		View Detail	1780467851055	1780467851127	OK	 
USER	Lab 06 - Browse and Search API	END	1780467851127
USER	Lab 06 - Browse and Search API	START	1780467851127
REQUEST		Search User	1780467851093	1780467851147	OK	 
REQUEST		Search User	1780467851080	1780467851157	OK	 
REQUEST		List Users	1780467851077	1780467851243	OK	 
REQUEST		List Users	1780467851077	1780467851243	OK	 
REQUEST		List Users	1780467851077	1780467851245	OK	 
REQUEST		List Users	1780467851077	1780467851250	OK	 
REQUEST		List Users	1780467851120	1780467851253	OK	 
REQUEST		List Users	1780467851127	1780467851257	OK	 
REQUEST		Search User	1780467851242	1780467851294	OK	 
REQUEST		Search User	1780467851290	1780467851345	OK	 
REQUEST		Search User	1780467851301	1780467851348	OK	 
REQUEST		Search User	1780467851286	1780467851348	OK	 
REQUEST		Search User	1780467851303	1780467851357	OK	 
REQUEST		Search User	1780467851252	1780467851369	OK	 
REQUEST		Search User	1780467851353	1780467851402	OK	 
REQUEST		Search User	1780467851368	1780467851427	OK	 
REQUEST		Search User	1780467851407	1780467851479	OK	 
REQUEST		Search User	1780467851599	1780467851648	OK	 
REQUEST		View Detail	1780467851766	1780467851822	OK	 
REQUEST		View Detail	1780467851768	1780467851822	OK	 
USER	Lab 06 - Browse and Search API	END	1780467851822
USER	Lab 06 - Browse and Search API	END	1780467851822
USER	Lab 06 - Browse and Search API	START	1780467851822
USER	Lab 06 - Browse and Search API	START	1780467851822
REQUEST		View Detail	1780467851774	1780467851825	OK	 
USER	Lab 06 - Browse and Search API	END	1780467851825
USER	Lab 06 - Browse and Search API	START	1780467851825
REQUEST		View Detail	1780467851769	1780467851839	OK	 
REQUEST		View Detail	1780467851769	1780467851839	OK	 
REQUEST		Search User	1780467851773	1780467851839	OK	 
USER	Lab 06 - Browse and Search API	END	1780467851839
USER	Lab 06 - Browse and Search API	END	1780467851839
USER	Lab 06 - Browse and Search API	START	1780467851839
USER	Lab 06 - Browse and Search API	START	1780467851839
REQUEST		Search User	1780467851836	1780467851892	OK	 
REQUEST		List Users	1780467851822	1780467851960	OK	 
REQUEST		View Detail	1780467851911	1780467851962	OK	 
USER	Lab 06 - Browse and Search API	END	1780467851962
USER	Lab 06 - Browse and Search API	START	1780467851962
REQUEST		View Detail	1780467851911	1780467851965	OK	 
USER	Lab 06 - Browse and Search API	END	1780467851966
USER	Lab 06 - Browse and Search API	START	1780467851966
REQUEST		View Detail	1780467851921	1780467851969	OK	 
REQUEST		View Detail	1780467851921	1780467851969	OK	 
USER	Lab 06 - Browse and Search API	END	1780467851969
USER	Lab 06 - Browse and Search API	END	1780467851969
USER	Lab 06 - Browse and Search API	START	1780467851969
USER	Lab 06 - Browse and Search API	START	1780467851969
REQUEST		View Detail	1780467851920	1780467851973	OK	 
REQUEST		View Detail	1780467851921	1780467851973	OK	 
REQUEST		List Users	1780467851822	1780467851973	OK	 
USER	Lab 06 - Browse and Search API	END	1780467851973
USER	Lab 06 - Browse and Search API	END	1780467851973
USER	Lab 06 - Browse and Search API	START	1780467851973
USER	Lab 06 - Browse and Search API	START	1780467851973
REQUEST		List Users	1780467851839	1780467851989	OK	 
REQUEST		List Users	1780467851839	1780467851992	OK	 
REQUEST		View Detail	1780467851955	1780467852016	OK	 
REQUEST		View Detail	1780467851952	1780467852016	OK	 
USER	Lab 06 - Browse and Search API	END	1780467852016
REQUEST		List Users	1780467851825	1780467852016	OK	 
USER	Lab 06 - Browse and Search API	END	1780467852016
USER	Lab 06 - Browse and Search API	START	1780467852016
USER	Lab 06 - Browse and Search API	START	1780467852016
REQUEST		View Detail	1780467851964	1780467852030	OK	 
REQUEST		Search User	1780467851981	1780467852030	OK	 
USER	Lab 06 - Browse and Search API	END	1780467852030
REQUEST		Search User	1780467851986	1780467852030	OK	 
USER	Lab 06 - Browse and Search API	START	1780467852030
REQUEST		Search User	1780467851985	1780467852032	OK	 
REQUEST		Search User	1780467852009	1780467852095	OK	 
REQUEST		Search User	1780467852018	1780467852095	OK	 
REQUEST		Search User	1780467852020	1780467852101	OK	 
REQUEST		Search User	1780467852011	1780467852106	OK	 
REQUEST		Search User	1780467852046	1780467852109	OK	 
REQUEST		Search User	1780467852036	1780467852109	OK	 
REQUEST		Search User	1780467852045	1780467852115	OK	 
REQUEST		List Users	1780467851973	1780467852185	OK	 
REQUEST		List Users	1780467851969	1780467852191	OK	 
REQUEST		List Users	1780467851966	1780467852193	OK	 
REQUEST		List Users	1780467851969	1780467852197	OK	 
REQUEST		List Users	1780467851973	1780467852197	OK	 
REQUEST		List Users	1780467851962	1780467852206	OK	 
REQUEST		View Detail	1780467852160	1780467852206	OK	 
USER	Lab 06 - Browse and Search API	END	1780467852207
USER	Lab 06 - Browse and Search API	START	1780467852207
REQUEST		Search User	1780467852175	1780467852308	OK	 
REQUEST		List Users	1780467852016	1780467852308	OK	 
REQUEST		List Users	1780467852016	1780467852310	OK	 
REQUEST		List Users	1780467852030	1780467852313	OK	 
REQUEST		Search User	1780467852343	1780467852423	OK	 
REQUEST		Search User	1780467852351	1780467852438	OK	 
REQUEST		Search User	1780467852350	1780467852438	OK	 
REQUEST		List Users	1780467852207	1780467852492	OK	 
REQUEST		Search User	1780467852466	1780467852518	OK	 
REQUEST		Search User	1780467852464	1780467852523	OK	 
REQUEST		Search User	1780467852483	1780467852543	OK	 
REQUEST		View Detail	1780467852478	1780467852543	OK	 
USER	Lab 06 - Browse and Search API	END	1780467852544
USER	Lab 06 - Browse and Search API	START	1780467852544
REQUEST		Search User	1780467852514	1780467852579	OK	 
REQUEST		Search User	1780467852540	1780467852608	OK	 
REQUEST		Search User	1780467852548	1780467852613	OK	 
REQUEST		Search User	1780467852525	1780467852619	OK	 
REQUEST		View Detail	1780467852525	1780467852621	OK	 
USER	Lab 06 - Browse and Search API	END	1780467852621
USER	Lab 06 - Browse and Search API	START	1780467852621
REQUEST		Search User	1780467852552	1780467852624	OK	 
REQUEST		Search User	1780467852566	1780467852630	OK	 
REQUEST		Search User	1780467852615	1780467852672	OK	 
REQUEST		Search User	1780467852625	1780467852675	OK	 
REQUEST		Search User	1780467852652	1780467852696	OK	 
REQUEST		Search User	1780467852650	1780467852696	OK	 
REQUEST		Search User	1780467852652	1780467852701	OK	 
REQUEST		List Users	1780467852544	1780467852741	OK	 
REQUEST		Search User	1780467852672	1780467852747	OK	 
REQUEST		Search User	1780467852676	1780467852754	OK	 
REQUEST		Search User	1780467852678	1780467852754	OK	 
REQUEST		Search User	1780467852669	1780467852770	OK	 
REQUEST		List Users	1780467852621	1780467852774	OK	 
REQUEST		Search User	1780467852757	1780467852809	OK	 
REQUEST		View Detail	1780467852757	1780467852809	OK	 
REQUEST		Search User	1780467852764	1780467852809	OK	 
USER	Lab 06 - Browse and Search API	END	1780467852810
USER	Lab 06 - Browse and Search API	START	1780467852810
REQUEST		View Detail	1780467852764	1780467852819	OK	 
REQUEST		Search User	1780467852773	1780467852819	OK	 
USER	Lab 06 - Browse and Search API	END	1780467852819
USER	Lab 06 - Browse and Search API	START	1780467852819
REQUEST		View Detail	1780467852760	1780467852821	OK	 
REQUEST		Search User	1780467852771	1780467852821	OK	 
USER	Lab 06 - Browse and Search API	END	1780467852821
USER	Lab 06 - Browse and Search API	START	1780467852821
REQUEST		Search User	1780467852787	1780467852841	OK	 
REQUEST		Search User	1780467852775	1780467852843	OK	 
REQUEST		Search User	1780467852795	1780467852846	OK	 
REQUEST		Search User	1780467852789	1780467852849	OK	 
REQUEST		Search User	1780467852792	1780467852853	OK	 
REQUEST		Search User	1780467852797	1780467852856	OK	 
REQUEST		Search User	1780467852800	1780467852856	OK	 
REQUEST		View Detail	1780467852793	1780467852856	OK	 
USER	Lab 06 - Browse and Search API	END	1780467852856
USER	Lab 06 - Browse and Search API	START	1780467852856
REQUEST		View Detail	1780467852795	1780467852858	OK	 
USER	Lab 06 - Browse and Search API	END	1780467852858
USER	Lab 06 - Browse and Search API	START	1780467852858
REQUEST		Search User	1780467852802	1780467852860	OK	 
REQUEST		Search User	1780467852804	1780467852863	OK	 
REQUEST		View Detail	1780467852775	1780467852878	OK	 
USER	Lab 06 - Browse and Search API	END	1780467852879
USER	Lab 06 - Browse and Search API	START	1780467852879
REQUEST		View Detail	1780467852868	1780467852960	OK	 
REQUEST		Search User	1780467852862	1780467852960	OK	 
USER	Lab 06 - Browse and Search API	END	1780467852960
USER	Lab 06 - Browse and Search API	START	1780467852960
REQUEST		Search User	1780467852876	1780467852963	OK	 
REQUEST		Search User	1780467852906	1780467852963	OK	 
REQUEST		Search User	1780467852867	1780467852963	OK	 
REQUEST		List Users	1780467852821	1780467853001	OK	 
REQUEST		List Users	1780467852810	1780467853006	OK	 
REQUEST		List Users	1780467852819	1780467853023	OK	 
REQUEST		List Users	1780467852856	1780467853057	OK	 
REQUEST		List Users	1780467852879	1780467853057	OK	 
REQUEST		Search User	1780467852994	1780467853057	OK	 
REQUEST		List Users	1780467852858	1780467853059	OK	 
REQUEST		Search User	1780467853000	1780467853059	OK	 
REQUEST		Search User	1780467852999	1780467853059	OK	 
REQUEST		Search User	1780467853020	1780467853080	OK	 
REQUEST		List Users	1780467852960	1780467853127	OK	 
REQUEST		Search User	1780467853083	1780467853141	OK	 
REQUEST		Search User	1780467853112	1780467853165	OK	 
REQUEST		View Detail	1780467853120	1780467853180	OK	 
USER	Lab 06 - Browse and Search API	END	1780467853180
USER	Lab 06 - Browse and Search API	START	1780467853180
REQUEST		View Detail	1780467853148	1780467853201	OK	 
USER	Lab 06 - Browse and Search API	END	1780467853201
USER	Lab 06 - Browse and Search API	START	1780467853201
REQUEST		Search User	1780467853255	1780467853364	OK	 
REQUEST		Search User	1780467853258	1780467853364	OK	 
REQUEST		Search User	1780467853245	1780467853364	OK	 
REQUEST		Search User	1780467853244	1780467853366	OK	 
REQUEST		Search User	1780467853243	1780467853366	OK	 
REQUEST		View Detail	1780467853294	1780467853368	OK	 
USER	Lab 06 - Browse and Search API	END	1780467853368
USER	Lab 06 - Browse and Search API	START	1780467853368
REQUEST		View Detail	1780467853157	1780467853377	OK	 
REQUEST		Search User	1780467853251	1780467853377	OK	 
USER	Lab 06 - Browse and Search API	END	1780467853377
USER	Lab 06 - Browse and Search API	START	1780467853377
REQUEST		View Detail	1780467853346	1780467853395	OK	 
USER	Lab 06 - Browse and Search API	END	1780467853395
USER	Lab 06 - Browse and Search API	START	1780467853395
REQUEST		View Detail	1780467853349	1780467853441	OK	 
USER	Lab 06 - Browse and Search API	END	1780467853441
USER	Lab 06 - Browse and Search API	START	1780467853441
REQUEST		View Detail	1780467853358	1780467853443	OK	 
REQUEST		View Detail	1780467853349	1780467853443	OK	 
USER	Lab 06 - Browse and Search API	END	1780467853443
USER	Lab 06 - Browse and Search API	END	1780467853443
USER	Lab 06 - Browse and Search API	START	1780467853443
USER	Lab 06 - Browse and Search API	START	1780467853444
REQUEST		View Detail	1780467853370	1780467853452	OK	 
REQUEST		View Detail	1780467853403	1780467853452	OK	 
USER	Lab 06 - Browse and Search API	END	1780467853452
USER	Lab 06 - Browse and Search API	END	1780467853452
USER	Lab 06 - Browse and Search API	START	1780467853452
USER	Lab 06 - Browse and Search API	START	1780467853452
REQUEST		List Users	1780467853201	1780467853481	OK	 
REQUEST		View Detail	1780467853427	1780467853481	OK	 
USER	Lab 06 - Browse and Search API	END	1780467853481
USER	Lab 06 - Browse and Search API	START	1780467853481
REQUEST		List Users	1780467853180	1780467853504	OK	 
REQUEST		View Detail	1780467853480	1780467853597	OK	 
USER	Lab 06 - Browse and Search API	END	1780467853598
USER	Lab 06 - Browse and Search API	START	1780467853598
REQUEST		List Users	1780467853377	1780467853602	OK	 
REQUEST		List Users	1780467853395	1780467853610	OK	 
REQUEST		List Users	1780467853368	1780467853616	OK	 
REQUEST		List Users	1780467853443	1780467853631	OK	 
REQUEST		List Users	1780467853452	1780467853637	OK	 
REQUEST		List Users	1780467853443	1780467853639	OK	 
REQUEST		List Users	1780467853441	1780467853651	OK	 
REQUEST		List Users	1780467853452	1780467853657	OK	 
REQUEST		List Users	1780467853481	1780467853666	OK	 
REQUEST		View Detail	1780467853648	1780467853700	OK	 
USER	Lab 06 - Browse and Search API	END	1780467853701
USER	Lab 06 - Browse and Search API	START	1780467853701
REQUEST		List Users	1780467853598	1780467853743	OK	 
REQUEST		List Users	1780467853701	1780467853868	OK	 
REQUEST		View Detail	1780467853839	1780467853920	OK	 
USER	Lab 06 - Browse and Search API	END	1780467853920
USER	Lab 06 - Browse and Search API	START	1780467853920
REQUEST		View Detail	1780467853893	1780467853938	OK	 
USER	Lab 06 - Browse and Search API	END	1780467853938
USER	Lab 06 - Browse and Search API	START	1780467853938
REQUEST		Search User	1780467853960	1780467854008	OK	 
REQUEST		Search User	1780467853974	1780467854023	OK	 
REQUEST		Search User	1780467853989	1780467854032	OK	 
REQUEST		Search User	1780467853992	1780467854039	OK	 
REQUEST		View Detail	1780467854031	1780467854120	OK	 
REQUEST		View Detail	1780467854030	1780467854120	OK	 
USER	Lab 06 - Browse and Search API	END	1780467854120
USER	Lab 06 - Browse and Search API	END	1780467854120
USER	Lab 06 - Browse and Search API	START	1780467854120
USER	Lab 06 - Browse and Search API	START	1780467854120
REQUEST		View Detail	1780467854033	1780467854123	OK	 
REQUEST		List Users	1780467853920	1780467854123	OK	 
USER	Lab 06 - Browse and Search API	END	1780467854123
USER	Lab 06 - Browse and Search API	START	1780467854123
REQUEST		List Users	1780467853938	1780467854129	OK	 
REQUEST		Search User	1780467854017	1780467854137	OK	 
REQUEST		View Detail	1780467854096	1780467854143	OK	 
USER	Lab 06 - Browse and Search API	END	1780467854143
USER	Lab 06 - Browse and Search API	START	1780467854143
REQUEST		View Detail	1780467854096	1780467854149	OK	 
USER	Lab 06 - Browse and Search API	END	1780467854149
USER	Lab 06 - Browse and Search API	START	1780467854149
REQUEST		View Detail	1780467854102	1780467854165	OK	 
USER	Lab 06 - Browse and Search API	END	1780467854165
USER	Lab 06 - Browse and Search API	START	1780467854165
REQUEST		View Detail	1780467854111	1780467854168	OK	 
REQUEST		View Detail	1780467854106	1780467854168	OK	 
USER	Lab 06 - Browse and Search API	END	1780467854168
USER	Lab 06 - Browse and Search API	END	1780467854168
USER	Lab 06 - Browse and Search API	START	1780467854168
USER	Lab 06 - Browse and Search API	START	1780467854168
REQUEST		View Detail	1780467854116	1780467854176	OK	 
USER	Lab 06 - Browse and Search API	END	1780467854176
USER	Lab 06 - Browse and Search API	START	1780467854176
REQUEST		View Detail	1780467854111	1780467854179	OK	 
USER	Lab 06 - Browse and Search API	END	1780467854179
USER	Lab 06 - Browse and Search API	START	1780467854179
REQUEST		Search User	1780467854186	1780467854233	OK	 
REQUEST		Search User	1780467854193	1780467854241	OK	 
REQUEST		Search User	1780467854191	1780467854243	OK	 
REQUEST		Search User	1780467854197	1780467854252	OK	 
REQUEST		Search User	1780467854197	1780467854255	OK	 
REQUEST		Search User	1780467854207	1780467854394	OK	 
REQUEST		Search User	1780467854309	1780467854442	OK	 
REQUEST		Search User	1780467854314	1780467854442	OK	 
REQUEST		List Users	1780467854143	1780467854442	OK	 
REQUEST		Search User	1780467854311	1780467854445	OK	 
REQUEST		View Detail	1780467854309	1780467854448	OK	 
REQUEST		List Users	1780467854120	1780467854448	OK	 
USER	Lab 06 - Browse and Search API	END	1780467854448
USER	Lab 06 - Browse and Search API	START	1780467854449
REQUEST		List Users	1780467854149	1780467854451	OK	 
REQUEST		List Users	1780467854165	1780467854453	OK	 
REQUEST		List Users	1780467854123	1780467854456	OK	 
REQUEST		List Users	1780467854120	1780467854456	OK	 
REQUEST		View Detail	1780467854518	1780467854621	OK	 
USER	Lab 06 - Browse and Search API	END	1780467854621
USER	Lab 06 - Browse and Search API	START	1780467854621
REQUEST		List Users	1780467854168	1780467854625	OK	 
REQUEST		View Detail	1780467854523	1780467854627	OK	 
USER	Lab 06 - Browse and Search API	END	1780467854628
USER	Lab 06 - Browse and Search API	START	1780467854628
REQUEST		List Users	1780467854168	1780467854629	OK	 
REQUEST		View Detail	1780467854424	1780467854629	OK	 
REQUEST		List Users	1780467854179	1780467854630	OK	 
USER	Lab 06 - Browse and Search API	END	1780467854630
USER	Lab 06 - Browse and Search API	START	1780467854630
REQUEST		View Detail	1780467854440	1780467854632	OK	 
REQUEST		Search User	1780467854493	1780467854632	OK	 
USER	Lab 06 - Browse and Search API	END	1780467854632
USER	Lab 06 - Browse and Search API	START	1780467854633
REQUEST		List Users	1780467854176	1780467854640	OK	 
REQUEST		View Detail	1780467854544	1780467854640	OK	 
REQUEST		View Detail	1780467854439	1780467854640	OK	 
USER	Lab 06 - Browse and Search API	END	1780467854640
USER	Lab 06 - Browse and Search API	END	1780467854640
USER	Lab 06 - Browse and Search API	START	1780467854640
USER	Lab 06 - Browse and Search API	START	1780467854640
REQUEST		View Detail	1780467854609	1780467854651	OK	 
USER	Lab 06 - Browse and Search API	END	1780467854651
USER	Lab 06 - Browse and Search API	START	1780467854652
REQUEST		View Detail	1780467854579	1780467854663	OK	 
USER	Lab 06 - Browse and Search API	END	1780467854663
USER	Lab 06 - Browse and Search API	START	1780467854663
REQUEST		View Detail	1780467854626	1780467854690	OK	 
REQUEST		View Detail	1780467854620	1780467854690	OK	 
USER	Lab 06 - Browse and Search API	END	1780467854690
USER	Lab 06 - Browse and Search API	END	1780467854690
REQUEST		View Detail	1780467854614	1780467854690	OK	 
USER	Lab 06 - Browse and Search API	START	1780467854690
USER	Lab 06 - Browse and Search API	START	1780467854690
USER	Lab 06 - Browse and Search API	END	1780467854690
USER	Lab 06 - Browse and Search API	START	1780467854690
REQUEST		View Detail	1780467854631	1780467854698	OK	 
USER	Lab 06 - Browse and Search API	END	1780467854698
USER	Lab 06 - Browse and Search API	START	1780467854698
REQUEST		View Detail	1780467854673	1780467854716	OK	 
REQUEST		List Users	1780467854448	1780467854716	OK	 
USER	Lab 06 - Browse and Search API	END	1780467854716
USER	Lab 06 - Browse and Search API	START	1780467854716
REQUEST		View Detail	1780467854675	1780467854724	OK	 
USER	Lab 06 - Browse and Search API	END	1780467854725
USER	Lab 06 - Browse and Search API	START	1780467854725
REQUEST		View Detail	1780467854697	1780467854737	OK	 
USER	Lab 06 - Browse and Search API	END	1780467854738
USER	Lab 06 - Browse and Search API	START	1780467854738
REQUEST		View Detail	1780467854697	1780467854744	OK	 
USER	Lab 06 - Browse and Search API	END	1780467854745
USER	Lab 06 - Browse and Search API	START	1780467854745
REQUEST		View Detail	1780467854703	1780467854833	OK	 
REQUEST		List Users	1780467854628	1780467854833	OK	 
USER	Lab 06 - Browse and Search API	END	1780467854833
USER	Lab 06 - Browse and Search API	START	1780467854833
REQUEST		List Users	1780467854632	1780467854835	OK	 
REQUEST		Search User	1780467854742	1780467854835	OK	 
REQUEST		List Users	1780467854621	1780467854836	OK	 
REQUEST		View Detail	1780467854747	1780467854837	OK	 
USER	Lab 06 - Browse and Search API	END	1780467854837
USER	Lab 06 - Browse and Search API	START	1780467854837
REQUEST		List Users	1780467854640	1780467854842	OK	 
REQUEST		List Users	1780467854630	1780467854845	OK	 
REQUEST		List Users	1780467854640	1780467854848	OK	 
REQUEST		View Detail	1780467854809	1780467854921	OK	 
REQUEST		View Detail	1780467854811	1780467854921	OK	 
REQUEST		Search User	1780467854774	1780467854921	OK	 
USER	Lab 06 - Browse and Search API	END	1780467854922
USER	Lab 06 - Browse and Search API	END	1780467854922
USER	Lab 06 - Browse and Search API	START	1780467854922
USER	Lab 06 - Browse and Search API	START	1780467854922
REQUEST		View Detail	1780467854770	1780467854924	OK	 
USER	Lab 06 - Browse and Search API	END	1780467854925
USER	Lab 06 - Browse and Search API	START	1780467854925
REQUEST		View Detail	1780467854820	1780467854930	OK	 
REQUEST		View Detail	1780467854755	1780467854930	OK	 
USER	Lab 06 - Browse and Search API	END	1780467854930
USER	Lab 06 - Browse and Search API	END	1780467854930
USER	Lab 06 - Browse and Search API	START	1780467854931
USER	Lab 06 - Browse and Search API	START	1780467854931
REQUEST		List Users	1780467854651	1780467854933	OK	 
REQUEST		View Detail	1780467854755	1780467854935	OK	 
USER	Lab 06 - Browse and Search API	END	1780467854935
USER	Lab 06 - Browse and Search API	START	1780467854935
REQUEST		View Detail	1780467854821	1780467854937	OK	 
REQUEST		List Users	1780467854663	1780467854937	OK	 
USER	Lab 06 - Browse and Search API	END	1780467854937
USER	Lab 06 - Browse and Search API	START	1780467854937
REQUEST		List Users	1780467854690	1780467854939	OK	 
REQUEST		View Detail	1780467854843	1780467854951	OK	 
REQUEST		View Detail	1780467854844	1780467854951	OK	 
USER	Lab 06 - Browse and Search API	END	1780467854951
USER	Lab 06 - Browse and Search API	END	1780467854951
USER	Lab 06 - Browse and Search API	START	1780467854951
USER	Lab 06 - Browse and Search API	START	1780467854951
REQUEST		View Detail	1780467854847	1780467854953	OK	 
REQUEST		List Users	1780467854698	1780467854953	OK	 
USER	Lab 06 - Browse and Search API	END	1780467854953
USER	Lab 06 - Browse and Search API	START	1780467854954
REQUEST		View Detail	1780467854854	1780467854956	OK	 
USER	Lab 06 - Browse and Search API	END	1780467854956
USER	Lab 06 - Browse and Search API	START	1780467854956
REQUEST		View Detail	1780467854850	1780467854960	OK	 
USER	Lab 06 - Browse and Search API	END	1780467854960
USER	Lab 06 - Browse and Search API	START	1780467854960
REQUEST		View Detail	1780467854863	1780467854962	OK	 
USER	Lab 06 - Browse and Search API	END	1780467854962
USER	Lab 06 - Browse and Search API	START	1780467854962
REQUEST		List Users	1780467854690	1780467854964	OK	 
REQUEST		View Detail	1780467854857	1780467854968	OK	 
REQUEST		View Detail	1780467854862	1780467854968	OK	 
USER	Lab 06 - Browse and Search API	END	1780467854968
USER	Lab 06 - Browse and Search API	END	1780467854968
USER	Lab 06 - Browse and Search API	START	1780467854969
USER	Lab 06 - Browse and Search API	START	1780467854969
REQUEST		List Users	1780467854690	1780467854970	OK	 
REQUEST		View Detail	1780467854857	1780467854970	OK	 
USER	Lab 06 - Browse and Search API	END	1780467854970
USER	Lab 06 - Browse and Search API	START	1780467854970
REQUEST		List Users	1780467854716	1780467854987	OK	 
REQUEST		List Users	1780467854745	1780467855064	OK	 
REQUEST		View Detail	1780467854963	1780467855064	OK	 
USER	Lab 06 - Browse and Search API	END	1780467855064
REQUEST		View Detail	1780467854960	1780467855064	OK	 
USER	Lab 06 - Browse and Search API	START	1780467855064
USER	Lab 06 - Browse and Search API	END	1780467855064
USER	Lab 06 - Browse and Search API	START	1780467855065
REQUEST		List Users	1780467854738	1780467855069	OK	 
REQUEST		View Detail	1780467854963	1780467855071	OK	 
REQUEST		View Detail	1780467854964	1780467855071	OK	 
REQUEST		List Users	1780467854725	1780467855071	OK	 
USER	Lab 06 - Browse and Search API	END	1780467855071
USER	Lab 06 - Browse and Search API	END	1780467855071
USER	Lab 06 - Browse and Search API	START	1780467855071
USER	Lab 06 - Browse and Search API	START	1780467855071
REQUEST		Search User	1780467855001	1780467855096	OK	 
REQUEST		Search User	1780467855006	1780467855100	OK	 
REQUEST		List Users	1780467854833	1780467855102	OK	 
REQUEST		Search User	1780467855023	1780467855112	OK	 
REQUEST		Search User	1780467855058	1780467855122	OK	 
REQUEST		Search User	1780467855060	1780467855122	OK	 
REQUEST		View Detail	1780467855061	1780467855139	OK	 
REQUEST		List Users	1780467854925	1780467855139	OK	 
REQUEST		List Users	1780467854968	1780467855139	OK	 
REQUEST		View Detail	1780467855057	1780467855139	OK	 
USER	Lab 06 - Browse and Search API	END	1780467855139
REQUEST		Search User	1780467855058	1780467855139	OK	 
REQUEST		View Detail	1780467855060	1780467855139	OK	 
REQUEST		List Users	1780467854922	1780467855139	OK	 
USER	Lab 06 - Browse and Search API	END	1780467855139
USER	Lab 06 - Browse and Search API	START	1780467855139
USER	Lab 06 - Browse and Search API	END	1780467855139
USER	Lab 06 - Browse and Search API	START	1780467855139
USER	Lab 06 - Browse and Search API	START	1780467855139
REQUEST		List Users	1780467854931	1780467855144	OK	 
REQUEST		List Users	1780467854837	1780467855146	OK	 
REQUEST		List Users	1780467854960	1780467855146	OK	 
REQUEST		View Detail	1780467855081	1780467855148	OK	 
USER	Lab 06 - Browse and Search API	END	1780467855148
USER	Lab 06 - Browse and Search API	START	1780467855148
REQUEST		List Users	1780467854962	1780467855150	OK	 
REQUEST		List Users	1780467854922	1780467855152	OK	 
REQUEST		List Users	1780467854930	1780467855154	OK	 
REQUEST		List Users	1780467854937	1780467855158	OK	 
REQUEST		List Users	1780467854956	1780467855160	OK	 
REQUEST		List Users	1780467854935	1780467855163	OK	 
REQUEST		View Detail	1780467855165	1780467855281	OK	 
USER	Lab 06 - Browse and Search API	END	1780467855281
USER	Lab 06 - Browse and Search API	START	1780467855282
REQUEST		List Users	1780467854970	1780467855298	OK	 
REQUEST		List Users	1780467854954	1780467855302	OK	 
REQUEST		List Users	1780467854951	1780467855304	OK	 
REQUEST		Search User	1780467855127	1780467855306	OK	 
REQUEST		View Detail	1780467855141	1780467855308	OK	 
USER	Lab 06 - Browse and Search API	END	1780467855308
USER	Lab 06 - Browse and Search API	START	1780467855308
REQUEST		List Users	1780467854951	1780467855312	OK	 
REQUEST		List Users	1780467855139	1780467855340	OK	 
REQUEST		List Users	1780467855064	1780467855366	OK	 
REQUEST		List Users	1780467855071	1780467855370	OK	 
REQUEST		List Users	1780467855071	1780467855378	OK	 
REQUEST		List Users	1780467854968	1780467855381	OK	 
REQUEST		List Users	1780467855064	1780467855383	OK	 
REQUEST		View Detail	1780467855365	1780467855449	OK	 
REQUEST		View Detail	1780467855364	1780467855449	OK	 
USER	Lab 06 - Browse and Search API	END	1780467855449
USER	Lab 06 - Browse and Search API	END	1780467855449
USER	Lab 06 - Browse and Search API	START	1780467855449
USER	Lab 06 - Browse and Search API	START	1780467855449
REQUEST		View Detail	1780467855366	1780467855454	OK	 
USER	Lab 06 - Browse and Search API	END	1780467855454
USER	Lab 06 - Browse and Search API	START	1780467855454
REQUEST		View Detail	1780467855365	1780467855456	OK	 
USER	Lab 06 - Browse and Search API	END	1780467855456
USER	Lab 06 - Browse and Search API	START	1780467855456
REQUEST		List Users	1780467855148	1780467855469	OK	 
REQUEST		List Users	1780467855139	1780467855469	OK	 
REQUEST		View Detail	1780467855366	1780467855471	OK	 
REQUEST		List Users	1780467855139	1780467855471	OK	 
REQUEST		View Detail	1780467855378	1780467855471	OK	 
USER	Lab 06 - Browse and Search API	END	1780467855471
USER	Lab 06 - Browse and Search API	END	1780467855471
USER	Lab 06 - Browse and Search API	START	1780467855471
USER	Lab 06 - Browse and Search API	START	1780467855471
REQUEST		List Users	1780467855308	1780467855588	OK	 
REQUEST		Search User	1780467855481	1780467855591	OK	 
REQUEST		List Users	1780467855281	1780467855598	OK	 
REQUEST		Search User	1780467855505	1780467855599	OK	 
REQUEST		Search User	1780467855603	1780467855653	OK	 
REQUEST		Search User	1780467855611	1780467855667	OK	 
REQUEST		Search User	1780467855616	1780467855677	OK	 
REQUEST		Search User	1780467855639	1780467855721	OK	 
REQUEST		Search User	1780467855632	1780467855721	OK	 
REQUEST		Search User	1780467855638	1780467855727	OK	 
REQUEST		Search User	1780467855652	1780467855727	OK	 
REQUEST		List Users	1780467855454	1780467855737	OK	 
REQUEST		Search User	1780467855658	1780467855754	OK	 
REQUEST		List Users	1780467855449	1780467855754	OK	 
REQUEST		Search User	1780467855667	1780467855754	OK	 
REQUEST		List Users	1780467855456	1780467855758	OK	 
REQUEST		List Users	1780467855449	1780467855762	OK	 
REQUEST		List Users	1780467855471	1780467855769	OK	 
REQUEST		List Users	1780467855471	1780467855769	OK	 
REQUEST		Search User	1780467855744	1780467855792	OK	 
REQUEST		Search User	1780467855868	1780467855914	OK	 
REQUEST		View Detail	1780467856008	1780467856068	OK	 
USER	Lab 06 - Browse and Search API	END	1780467856068
USER	Lab 06 - Browse and Search API	START	1780467856069
REQUEST		View Detail	1780467856024	1780467856073	OK	 
USER	Lab 06 - Browse and Search API	END	1780467856073
USER	Lab 06 - Browse and Search API	START	1780467856073
REQUEST		View Detail	1780467856033	1780467856094	OK	 
USER	Lab 06 - Browse and Search API	END	1780467856095
USER	Lab 06 - Browse and Search API	START	1780467856095
REQUEST		View Detail	1780467856040	1780467856097	OK	 
USER	Lab 06 - Browse and Search API	END	1780467856097
USER	Lab 06 - Browse and Search API	START	1780467856097
REQUEST		Search User	1780467856125	1780467856171	OK	 
REQUEST		Search User	1780467856129	1780467856176	OK	 
REQUEST		View Detail	1780467856138	1780467856210	OK	 
USER	Lab 06 - Browse and Search API	END	1780467856210
USER	Lab 06 - Browse and Search API	START	1780467856211
REQUEST		List Users	1780467856068	1780467856213	OK	 
REQUEST		List Users	1780467856073	1780467856215	OK	 
REQUEST		List Users	1780467856095	1780467856237	OK	 
REQUEST		List Users	1780467856097	1780467856245	OK	 
REQUEST		View Detail	1780467856234	1780467856284	OK	 
USER	Lab 06 - Browse and Search API	END	1780467856284
USER	Lab 06 - Browse and Search API	START	1780467856285
REQUEST		View Detail	1780467856242	1780467856291	OK	 
USER	Lab 06 - Browse and Search API	END	1780467856291
USER	Lab 06 - Browse and Search API	START	1780467856291
REQUEST		View Detail	1780467856244	1780467856295	OK	 
USER	Lab 06 - Browse and Search API	END	1780467856295
USER	Lab 06 - Browse and Search API	START	1780467856295
REQUEST		View Detail	1780467856254	1780467856318	OK	 
USER	Lab 06 - Browse and Search API	END	1780467856318
USER	Lab 06 - Browse and Search API	START	1780467856318
REQUEST		View Detail	1780467856256	1780467856323	OK	 
USER	Lab 06 - Browse and Search API	END	1780467856323
USER	Lab 06 - Browse and Search API	START	1780467856323
REQUEST		List Users	1780467856211	1780467856391	OK	 
REQUEST		View Detail	1780467856396	1780467856478	OK	 
USER	Lab 06 - Browse and Search API	END	1780467856478
USER	Lab 06 - Browse and Search API	START	1780467856479
REQUEST		List Users	1780467856318	1780467856518	OK	 
REQUEST		View Detail	1780467856443	1780467856518	OK	 
USER	Lab 06 - Browse and Search API	END	1780467856518
USER	Lab 06 - Browse and Search API	START	1780467856518
REQUEST		Search User	1780467856442	1780467856522	OK	 
REQUEST		View Detail	1780467856443	1780467856524	OK	 
USER	Lab 06 - Browse and Search API	END	1780467856524
USER	Lab 06 - Browse and Search API	START	1780467856524
REQUEST		List Users	1780467856323	1780467856532	OK	 
REQUEST		List Users	1780467856285	1780467856541	OK	 
REQUEST		List Users	1780467856295	1780467856541	OK	 
REQUEST		Search User	1780467856454	1780467856543	OK	 
REQUEST		Search User	1780467856449	1780467856543	OK	 
REQUEST		Search User	1780467856452	1780467856543	OK	 
REQUEST		View Detail	1780467856446	1780467856546	OK	 
USER	Lab 06 - Browse and Search API	END	1780467856546
USER	Lab 06 - Browse and Search API	START	1780467856546
REQUEST		Search User	1780467856456	1780467856555	OK	 
REQUEST		Search User	1780467856456	1780467856555	OK	 
REQUEST		List Users	1780467856291	1780467856555	OK	 
REQUEST		List Users	1780467856518	1780467856691	OK	 
REQUEST		Search User	1780467856626	1780467856698	OK	 
REQUEST		Search User	1780467856631	1780467856702	OK	 
REQUEST		List Users	1780467856478	1780467856704	OK	 
REQUEST		Search User	1780467856631	1780467856706	OK	 
REQUEST		View Detail	1780467856633	1780467856710	OK	 
REQUEST		Search User	1780467856640	1780467856710	OK	 
USER	Lab 06 - Browse and Search API	END	1780467856710
USER	Lab 06 - Browse and Search API	START	1780467856710
REQUEST		List Users	1780467856546	1780467856765	OK	 
REQUEST		Search User	1780467856717	1780467856767	OK	 
REQUEST		List Users	1780467856524	1780467856769	OK	 
REQUEST		Search User	1780467856834	1780467856877	OK	 
REQUEST		List Users	1780467856710	1780467856883	OK	 
REQUEST		Search User	1780467856837	1780467856889	OK	 
REQUEST		Search User	1780467856837	1780467856892	OK	 
REQUEST		View Detail	1780467856836	1780467856892	OK	 
USER	Lab 06 - Browse and Search API	END	1780467856893
USER	Lab 06 - Browse and Search API	START	1780467856893
REQUEST		Search User	1780467856844	1780467856897	OK	 
REQUEST		Search User	1780467856848	1780467856904	OK	 
REQUEST		Search User	1780467856846	1780467856907	OK	 
REQUEST		View Detail	1780467856922	1780467856969	OK	 
USER	Lab 06 - Browse and Search API	END	1780467856969
USER	Lab 06 - Browse and Search API	START	1780467856969
REQUEST		Search User	1780467856940	1780467856984	OK	 
REQUEST		Search User	1780467856938	1780467856988	OK	 
REQUEST		Search User	1780467856934	1780467856999	OK	 
REQUEST		Search User	1780467856954	1780467857001	OK	 
REQUEST		List Users	1780467856893	1780467857025	OK	 
REQUEST		Search User	1780467856965	1780467857031	OK	 
REQUEST		Search User	1780467856988	1780467857038	OK	 
REQUEST		Search User	1780467856971	1780467857042	OK	 
REQUEST		Search User	1780467857065	1780467857119	OK	 
REQUEST		Search User	1780467857070	1780467857125	OK	 
REQUEST		Search User	1780467857072	1780467857131	OK	 
REQUEST		Search User	1780467857139	1780467857155	OK	 
REQUEST		View Detail	1780467857122	1780467857175	OK	 
USER	Lab 06 - Browse and Search API	END	1780467857175
USER	Lab 06 - Browse and Search API	START	1780467857175
REQUEST		Search User	1780467857103	1780467857177	OK	 
REQUEST		View Detail	1780467857101	1780467857196	OK	 
REQUEST		View Detail	1780467857122	1780467857196	OK	 
REQUEST		View Detail	1780467857096	1780467857196	OK	 
REQUEST		View Detail	1780467857140	1780467857197	OK	 
REQUEST		Search User	1780467857140	1780467857196	OK	 
REQUEST		Search User	1780467857140	1780467857196	OK	 
USER	Lab 06 - Browse and Search API	END	1780467857197
REQUEST		List Users	1780467856969	1780467857197	OK	 
USER	Lab 06 - Browse and Search API	END	1780467857197
REQUEST		View Detail	1780467857113	1780467857197	OK	 
USER	Lab 06 - Browse and Search API	END	1780467857197
USER	Lab 06 - Browse and Search API	END	1780467857197
USER	Lab 06 - Browse and Search API	START	1780467857197
USER	Lab 06 - Browse and Search API	START	1780467857197
USER	Lab 06 - Browse and Search API	START	1780467857197
USER	Lab 06 - Browse and Search API	END	1780467857197
USER	Lab 06 - Browse and Search API	START	1780467857197
USER	Lab 06 - Browse and Search API	START	1780467857197
REQUEST		Search User	1780467857151	1780467857221	OK	 
REQUEST		Search User	1780467857147	1780467857221	OK	 
REQUEST		Search User	1780467857162	1780467857221	OK	 
REQUEST		Search User	1780467857160	1780467857221	OK	 
REQUEST		Search User	1780467857165	1780467857224	OK	 
REQUEST		Search User	1780467857144	1780467857226	OK	 
REQUEST		Search User	1780467857153	1780467857226	OK	 
REQUEST		Search User	1780467857154	1780467857228	OK	 
REQUEST		Search User	1780467857146	1780467857234	OK	 
REQUEST		List Users	1780467857175	1780467857337	OK	 
REQUEST		Search User	1780467857302	1780467857353	OK	 
REQUEST		Search User	1780467857298	1780467857353	OK	 
REQUEST		Search User	1780467857341	1780467857367	OK	 
REQUEST		Search User	1780467857304	1780467857368	OK	 
REQUEST		View Detail	1780467857306	1780467857368	OK	 
USER	Lab 06 - Browse and Search API	END	1780467857368
USER	Lab 06 - Browse and Search API	START	1780467857368
REQUEST		List Users	1780467857197	1780467857384	OK	 
REQUEST		Search User	1780467857313	1780467857384	OK	 
REQUEST		List Users	1780467857197	1780467857384	OK	 
REQUEST		List Users	1780467857197	1780467857400	OK	 
REQUEST		List Users	1780467857197	1780467857400	OK	 
REQUEST		List Users	1780467857197	1780467857400	OK	 
REQUEST		Search User	1780467857370	1780467857429	OK	 
REQUEST		Search User	1780467857366	1780467857429	OK	 
REQUEST		Search User	1780467857379	1780467857443	OK	 
REQUEST		Search User	1780467857382	1780467857443	OK	 
REQUEST		Search User	1780467857384	1780467857445	OK	 
REQUEST		List Users	1780467857368	1780467857509	OK	 
REQUEST		Search User	1780467857471	1780467857594	OK	 
REQUEST		Search User	1780467857472	1780467857594	OK	 
REQUEST		Search User	1780467857469	1780467857598	OK	 
REQUEST		Search User	1780467857590	1780467857639	OK	 
REQUEST		View Detail	1780467857591	1780467857639	OK	 
USER	Lab 06 - Browse and Search API	END	1780467857639
USER	Lab 06 - Browse and Search API	START	1780467857639
REQUEST		Search User	1780467857599	1780467857645	OK	 
REQUEST		View Detail	1780467857600	1780467857650	OK	 
USER	Lab 06 - Browse and Search API	END	1780467857650
USER	Lab 06 - Browse and Search API	START	1780467857650
REQUEST		View Detail	1780467857668	1780467857747	OK	 
REQUEST		View Detail	1780467857655	1780467857747	OK	 
REQUEST		View Detail	1780467857677	1780467857747	OK	 
USER	Lab 06 - Browse and Search API	END	1780467857748
USER	Lab 06 - Browse and Search API	END	1780467857748
USER	Lab 06 - Browse and Search API	END	1780467857748
USER	Lab 06 - Browse and Search API	START	1780467857748
USER	Lab 06 - Browse and Search API	START	1780467857748
USER	Lab 06 - Browse and Search API	START	1780467857748
REQUEST		View Detail	1780467857721	1780467857764	OK	 
USER	Lab 06 - Browse and Search API	END	1780467857764
USER	Lab 06 - Browse and Search API	START	1780467857764
REQUEST		View Detail	1780467857729	1780467857773	OK	 
USER	Lab 06 - Browse and Search API	END	1780467857773
USER	Lab 06 - Browse and Search API	START	1780467857774
REQUEST		View Detail	1780467857722	1780467857775	OK	 
USER	Lab 06 - Browse and Search API	END	1780467857775
REQUEST		List Users	1780467857650	1780467857775	OK	 
USER	Lab 06 - Browse and Search API	START	1780467857775
REQUEST		View Detail	1780467857728	1780467857781	OK	 
USER	Lab 06 - Browse and Search API	END	1780467857781
REQUEST		Search User	1780467857738	1780467857781	OK	 
USER	Lab 06 - Browse and Search API	START	1780467857781
REQUEST		List Users	1780467857639	1780467857793	OK	 
REQUEST		View Detail	1780467857754	1780467857800	OK	 
REQUEST		View Detail	1780467857754	1780467857800	OK	 
USER	Lab 06 - Browse and Search API	END	1780467857800
USER	Lab 06 - Browse and Search API	END	1780467857800
USER	Lab 06 - Browse and Search API	START	1780467857800
USER	Lab 06 - Browse and Search API	START	1780467857800
REQUEST		Search User	1780467857755	1780467857808	OK	 
REQUEST		Search User	1780467857759	1780467857808	OK	 
REQUEST		Search User	1780467857763	1780467857808	OK	 
REQUEST		Search User	1780467857769	1780467857871	OK	 
REQUEST		Search User	1780467857770	1780467857874	OK	 
REQUEST		View Detail	1780467857793	1780467857905	OK	 
USER	Lab 06 - Browse and Search API	END	1780467857905
USER	Lab 06 - Browse and Search API	START	1780467857905
REQUEST		List Users	1780467857748	1780467857922	OK	 
REQUEST		List Users	1780467857748	1780467857968	OK	 
REQUEST		List Users	1780467857775	1780467857970	OK	 
REQUEST		List Users	1780467857781	1780467857977	OK	 
REQUEST		List Users	1780467857748	1780467857977	OK	 
REQUEST		View Detail	1780467857916	1780467857979	OK	 
REQUEST		List Users	1780467857773	1780467857979	OK	 
REQUEST		List Users	1780467857764	1780467857979	OK	 
USER	Lab 06 - Browse and Search API	END	1780467857979
USER	Lab 06 - Browse and Search API	START	1780467857979
REQUEST		List Users	1780467857800	1780467858014	OK	 
REQUEST		List Users	1780467857800	1780467858024	OK	 
REQUEST		List Users	1780467857905	1780467858110	OK	 
REQUEST		List Users	1780467857979	1780467858158	OK	 
REQUEST		View Detail	1780467858171	1780467858229	OK	 
REQUEST		View Detail	1780467858178	1780467858229	OK	 
USER	Lab 06 - Browse and Search API	END	1780467858229
USER	Lab 06 - Browse and Search API	END	1780467858229
REQUEST		Search User	1780467858213	1780467858258	OK	 
REQUEST		Search User	1780467858216	1780467858262	OK	 
REQUEST		Search User	1780467858238	1780467858288	OK	 
REQUEST		Search User	1780467858246	1780467858295	OK	 
REQUEST		Search User	1780467858392	1780467858459	OK	 
REQUEST		Search User	1780467858519	1780467858589	OK	 
REQUEST		Search User	1780467858533	1780467858589	OK	 
REQUEST		Search User	1780467858542	1780467858592	OK	 
REQUEST		View Detail	1780467858523	1780467858592	OK	 
USER	Lab 06 - Browse and Search API	END	1780467858593
REQUEST		View Detail	1780467858543	1780467858595	OK	 
REQUEST		View Detail	1780467858543	1780467858595	OK	 
USER	Lab 06 - Browse and Search API	END	1780467858595
USER	Lab 06 - Browse and Search API	END	1780467858595
REQUEST		View Detail	1780467858543	1780467858597	OK	 
USER	Lab 06 - Browse and Search API	END	1780467858597
REQUEST		Search User	1780467858541	1780467858601	OK	 
REQUEST		Search User	1780467858556	1780467858607	OK	 
REQUEST		View Detail	1780467858556	1780467858614	OK	 
REQUEST		View Detail	1780467858556	1780467858614	OK	 
USER	Lab 06 - Browse and Search API	END	1780467858614
USER	Lab 06 - Browse and Search API	END	1780467858614
REQUEST		Search User	1780467858691	1780467858740	OK	 
REQUEST		View Detail	1780467858699	1780467858749	OK	 
USER	Lab 06 - Browse and Search API	END	1780467858749
REQUEST		View Detail	1780467858706	1780467858757	OK	 
REQUEST		View Detail	1780467858703	1780467858757	OK	 
REQUEST		Search User	1780467858705	1780467858757	OK	 
USER	Lab 06 - Browse and Search API	END	1780467858757
USER	Lab 06 - Browse and Search API	END	1780467858757
REQUEST		View Detail	1780467858710	1780467858772	OK	 
USER	Lab 06 - Browse and Search API	END	1780467858773
REQUEST		View Detail	1780467858767	1780467858819	OK	 
USER	Lab 06 - Browse and Search API	END	1780467858819
REQUEST		Search User	1780467858766	1780467858822	OK	 
REQUEST		View Detail	1780467858878	1780467858933	OK	 
USER	Lab 06 - Browse and Search API	END	1780467858933
REQUEST		View Detail	1780467858890	1780467858935	OK	 
USER	Lab 06 - Browse and Search API	END	1780467858935
REQUEST		View Detail	1780467858893	1780467858939	OK	 
USER	Lab 06 - Browse and Search API	END	1780467858939
REQUEST		Search User	1780467858769	1780467858962	OK	 
REQUEST		Search User	1780467858884	1780467858962	OK	 
REQUEST		View Detail	1780467858904	1780467858962	OK	 
REQUEST		View Detail	1780467858907	1780467858962	OK	 
USER	Lab 06 - Browse and Search API	END	1780467858962
USER	Lab 06 - Browse and Search API	END	1780467858962
REQUEST		View Detail	1780467858897	1780467858974	OK	 
USER	Lab 06 - Browse and Search API	END	1780467858975
REQUEST		View Detail	1780467858989	1780467859033	OK	 
USER	Lab 06 - Browse and Search API	END	1780467859033
REQUEST		View Detail	1780467858985	1780467859045	OK	 
USER	Lab 06 - Browse and Search API	END	1780467859045
REQUEST		View Detail	1780467859003	1780467859050	OK	 
USER	Lab 06 - Browse and Search API	END	1780467859050
REQUEST		View Detail	1780467859000	1780467859056	OK	 
USER	Lab 06 - Browse and Search API	END	1780467859056
REQUEST		Search User	1780467859026	1780467859089	OK	 
REQUEST		View Detail	1780467859039	1780467859099	OK	 
USER	Lab 06 - Browse and Search API	END	1780467859099
REQUEST		View Detail	1780467859031	1780467859103	OK	 
USER	Lab 06 - Browse and Search API	END	1780467859103
REQUEST		View Detail	1780467859043	1780467859109	OK	 
USER	Lab 06 - Browse and Search API	END	1780467859109
REQUEST		View Detail	1780467859155	1780467859170	OK	 
USER	Lab 06 - Browse and Search API	END	1780467859170
REQUEST		View Detail	1780467859120	1780467859189	OK	 
USER	Lab 06 - Browse and Search API	END	1780467859189
REQUEST		View Detail	1780467859125	1780467859194	OK	 
REQUEST		View Detail	1780467859133	1780467859194	OK	 
USER	Lab 06 - Browse and Search API	END	1780467859194
USER	Lab 06 - Browse and Search API	END	1780467859194
REQUEST		View Detail	1780467859179	1780467859225	OK	 
USER	Lab 06 - Browse and Search API	END	1780467859225
REQUEST		View Detail	1780467859197	1780467859248	OK	 
REQUEST		View Detail	1780467859198	1780467859248	OK	 
USER	Lab 06 - Browse and Search API	END	1780467859248
USER	Lab 06 - Browse and Search API	END	1780467859248
REQUEST		Search User	1780467859197	1780467859251	OK	 
REQUEST		View Detail	1780467859227	1780467859309	OK	 
USER	Lab 06 - Browse and Search API	END	1780467859310
REQUEST		View Detail	1780467859222	1780467859312	OK	 
REQUEST		View Detail	1780467859222	1780467859312	OK	 
USER	Lab 06 - Browse and Search API	END	1780467859312
USER	Lab 06 - Browse and Search API	END	1780467859312
REQUEST		View Detail	1780467859222	1780467859315	OK	 
USER	Lab 06 - Browse and Search API	END	1780467859315
REQUEST		View Detail	1780467859222	1780467859319	OK	 
REQUEST		View Detail	1780467859230	1780467859319	OK	 
USER	Lab 06 - Browse and Search API	END	1780467859319
USER	Lab 06 - Browse and Search API	END	1780467859319
REQUEST		View Detail	1780467859226	1780467859321	OK	 
USER	Lab 06 - Browse and Search API	END	1780467859321
REQUEST		View Detail	1780467859227	1780467859327	OK	 
USER	Lab 06 - Browse and Search API	END	1780467859327
REQUEST		View Detail	1780467859235	1780467859342	OK	 
USER	Lab 06 - Browse and Search API	END	1780467859342
REQUEST		View Detail	1780467859369	1780467859388	OK	 
USER	Lab 06 - Browse and Search API	END	1780467859388
REQUEST		Search User	1780467859338	1780467859401	OK	 
REQUEST		View Detail	1780467859353	1780467859404	OK	 
USER	Lab 06 - Browse and Search API	END	1780467859404
REQUEST		View Detail	1780467859353	1780467859409	OK	 
USER	Lab 06 - Browse and Search API	END	1780467859409
REQUEST		View Detail	1780467859369	1780467859435	OK	 
REQUEST		Search User	1780467859384	1780467859435	OK	 
USER	Lab 06 - Browse and Search API	END	1780467859435
REQUEST		Search User	1780467859385	1780467859448	OK	 
REQUEST		Search User	1780467859401	1780467859453	OK	 
REQUEST		View Detail	1780467859385	1780467859459	OK	 
REQUEST		Search User	1780467859401	1780467859459	OK	 
REQUEST		Search User	1780467859401	1780467859459	OK	 
USER	Lab 06 - Browse and Search API	END	1780467859459
REQUEST		View Detail	1780467859430	1780467859474	OK	 
REQUEST		View Detail	1780467859429	1780467859474	OK	 
USER	Lab 06 - Browse and Search API	END	1780467859474
USER	Lab 06 - Browse and Search API	END	1780467859474
REQUEST		View Detail	1780467859444	1780467859522	OK	 
USER	Lab 06 - Browse and Search API	END	1780467859522
REQUEST		View Detail	1780467859446	1780467859524	OK	 
USER	Lab 06 - Browse and Search API	END	1780467859524
REQUEST		View Detail	1780467859445	1780467859530	OK	 
USER	Lab 06 - Browse and Search API	END	1780467859530
REQUEST		Search User	1780467859510	1780467859576	OK	 
REQUEST		View Detail	1780467859594	1780467859643	OK	 
USER	Lab 06 - Browse and Search API	END	1780467859643
REQUEST		View Detail	1780467859595	1780467859648	OK	 
USER	Lab 06 - Browse and Search API	END	1780467859648
REQUEST		View Detail	1780467859599	1780467859650	OK	 
USER	Lab 06 - Browse and Search API	END	1780467859650
REQUEST		View Detail	1780467859640	1780467859748	OK	 
USER	Lab 06 - Browse and Search API	END	1780467859748
REQUEST		View Detail	1780467859646	1780467859752	OK	 
USER	Lab 06 - Browse and Search API	END	1780467859752
REQUEST		Search User	1780467859776	1780467859824	OK	 
REQUEST		View Detail	1780467859782	1780467859830	OK	 
USER	Lab 06 - Browse and Search API	END	1780467859831
REQUEST		Search User	1780467859794	1780467859842	OK	 
REQUEST		View Detail	1780467859809	1780467859855	OK	 
USER	Lab 06 - Browse and Search API	END	1780467859855
REQUEST		View Detail	1780467859809	1780467859857	OK	 
REQUEST		View Detail	1780467859809	1780467859857	OK	 
USER	Lab 06 - Browse and Search API	END	1780467859857
USER	Lab 06 - Browse and Search API	END	1780467859858
REQUEST		Search User	1780467859971	1780467860027	OK	 
REQUEST		Search User	1780467859979	1780467860027	OK	 
REQUEST		Search User	1780467859923	1780467860030	OK	 
REQUEST		View Detail	1780467859872	1780467860034	OK	 
REQUEST		Search User	1780467859977	1780467860035	OK	 
REQUEST		Search User	1780467859970	1780467860035	OK	 
USER	Lab 06 - Browse and Search API	END	1780467860035
REQUEST		Search User	1780467859980	1780467860037	OK	 
REQUEST		Search User	1780467859981	1780467860042	OK	 
REQUEST		View Detail	1780467859875	1780467860042	OK	 
USER	Lab 06 - Browse and Search API	END	1780467860042
REQUEST		Search User	1780467860015	1780467860058	OK	 
REQUEST		Search User	1780467860025	1780467860120	OK	 
REQUEST		Search User	1780467860111	1780467860159	OK	 
REQUEST		Search User	1780467860160	1780467860221	OK	 
REQUEST		View Detail	1780467860289	1780467860364	OK	 
USER	Lab 06 - Browse and Search API	END	1780467860364
REQUEST		View Detail	1780467860263	1780467860366	OK	 
REQUEST		View Detail	1780467860259	1780467860366	OK	 
USER	Lab 06 - Browse and Search API	END	1780467860366
USER	Lab 06 - Browse and Search API	END	1780467860366
REQUEST		View Detail	1780467860295	1780467860369	OK	 
USER	Lab 06 - Browse and Search API	END	1780467860369
REQUEST		View Detail	1780467860460	1780467860519	OK	 
USER	Lab 06 - Browse and Search API	END	1780467860519
REQUEST		View Detail	1780467860590	1780467860638	OK	 
REQUEST		View Detail	1780467860589	1780467860638	OK	 
USER	Lab 06 - Browse and Search API	END	1780467860638
USER	Lab 06 - Browse and Search API	END	1780467860638
REQUEST		View Detail	1780467860594	1780467860658	OK	 
USER	Lab 06 - Browse and Search API	END	1780467860659
REQUEST		View Detail	1780467860607	1780467860662	OK	 
USER	Lab 06 - Browse and Search API	END	1780467860662
REQUEST		View Detail	1780467860602	1780467860667	OK	 
USER	Lab 06 - Browse and Search API	END	1780467860667
REQUEST		View Detail	1780467860741	1780467860795	OK	 
USER	Lab 06 - Browse and Search API	END	1780467860796
REQUEST		View Detail	1780467860758	1780467860854	OK	 
USER	Lab 06 - Browse and Search API	END	1780467860854
REQUEST		View Detail	1780467860822	1780467860877	OK	 
USER	Lab 06 - Browse and Search API	END	1780467860877
REQUEST		View Detail	1780467860963	1780467861023	OK	 
USER	Lab 06 - Browse and Search API	END	1780467861023
REQUEST		View Detail	1780467860963	1780467861027	OK	 
USER	Lab 06 - Browse and Search API	END	1780467861027
REQUEST		View Detail	1780467861091	1780467861181	OK	 
USER	Lab 06 - Browse and Search API	END	1780467861181
REQUEST		View Detail	1780467861253	1780467861332	OK	 
USER	Lab 06 - Browse and Search API	END	1780467861332
REQUEST		View Detail	1780467861449	1780467861520	OK	 
REQUEST		View Detail	1780467861435	1780467861520	OK	 
REQUEST		View Detail	1780467861459	1780467861520	OK	 
REQUEST		View Detail	1780467861402	1780467861520	OK	 
REQUEST		View Detail	1780467861459	1780467861520	OK	 
REQUEST		View Detail	1780467861454	1780467861520	OK	 
USER	Lab 06 - Browse and Search API	END	1780467861520
USER	Lab 06 - Browse and Search API	END	1780467861520
USER	Lab 06 - Browse and Search API	END	1780467861520
USER	Lab 06 - Browse and Search API	END	1780467861520
USER	Lab 06 - Browse and Search API	END	1780467861520
USER	Lab 06 - Browse and Search API	END	1780467861520
REQUEST		View Detail	1780467861577	1780467861625	OK	 
USER	Lab 06 - Browse and Search API	END	1780467861625
REQUEST		View Detail	1780467861825	1780467861868	OK	 
USER	Lab 06 - Browse and Search API	END	1780467861868
REQUEST		View Detail	1780467861843	1780467861891	OK	 
USER	Lab 06 - Browse and Search API	END	1780467861891
REQUEST		View Detail	1780467862028	1780467862084	OK	 
REQUEST		View Detail	1780467862028	1780467862084	OK	 
USER	Lab 06 - Browse and Search API	END	1780467862084
USER	Lab 06 - Browse and Search API	END	1780467862084
REQUEST		View Detail	1780467862031	1780467862091	OK	 
USER	Lab 06 - Browse and Search API	END	1780467862091
REQUEST		View Detail	1780467862036	1780467862141	OK	 
REQUEST		View Detail	1780467862058	1780467862141	OK	 
REQUEST		View Detail	1780467862043	1780467862141	OK	 
USER	Lab 06 - Browse and Search API	END	1780467862141
USER	Lab 06 - Browse and Search API	END	1780467862141
USER	Lab 06 - Browse and Search API	END	1780467862141
REQUEST		View Detail	1780467862037	1780467862145	OK	 
REQUEST		View Detail	1780467862035	1780467862145	OK	 
USER	Lab 06 - Browse and Search API	END	1780467862145
USER	Lab 06 - Browse and Search API	END	1780467862145
REQUEST		View Detail	1780467862121	1780467862200	OK	 
USER	Lab 06 - Browse and Search API	END	1780467862200
REQUEST		View Detail	1780467862159	1780467862209	OK	 
USER	Lab 06 - Browse and Search API	END	1780467862209
REQUEST		View Detail	1780467862222	1780467862350	OK	 
USER	Lab 06 - Browse and Search API	END	1780467862350
